smiles,label,kg_score
CN1CC2=CC(=C(C=C2OC3=C1C(=NC=N3)OC4=CC(=CC=C4)Br)OC)OC,0,0.2327802
CC(C)(CN1C2=C(C=C(C=C2)CC#N)N=C1NC(=O)C3=CC(=NC=C3)C4=CN(N=C4)C)O,1,0.4896773
CC1=CC=C(C=C1)C2CC(=NN2C3=NC(=CS3)C4=CC=C(C=C4)Cl)C5=CC=C(C=C5)OC,0,0.24560215
Cc1cccc(CN(Cc2ccc(O)cc2)C(=O)Nc2ccccc2)c1O,0,0.108318135
CC1=C2C=NN(C2=CC(=N1)C3=C(C=CN=C3)OC)C4=NC(=C5C(=C4)N(C(=N5)N6CCNCC6)C)N7C[C@H]8C[C@@H]7CO8,1,0.7074902
CC1=C2C=NN(C2=CC(=N1)C3=C(C=CN=C3)OC)C4=NC(=C5C(=C4)N(C(=N5)N6CCN(CC6)CCOC)C)OC7CCOCC7,1,0.5776641
CC(C)n1nc(-c2ccc3nccnc3c2)c2c(N)ncnc21,0,0.5042147
COc1cc(/C=C2\CCC/C(=C\c3ccc(O)cc3)C2=O)cc(OC)c1,0,0.01885187
CCOC1=C(C2=C(C=C1)N=CN=C2NC3=CC(=C(C=C3)OC4=CC5=NC=NN5C=N4)C)N6CC(C6)N(C)C,0,0.7143143
C=CC(=O)NC1=CC=CC(=C1)NC2=NC(=NC=C2C(F)(F)F)NC3=C(C=C(C=C3)N4CCOCC4)OC(F)F,1,0.51838684
CN1CCC(CC1)OC2=C(C=C3C(=C2)C(=NC=N3)NC4=CC(=C(C=C4)F)Cl)OC,1,0.5896388
COC1=CC=CC=C1C(=O)NCC2=CC=C(C=C2)C3=NN(C4=NC=NC(=C34)N)C5CCCOC5,0,0.5648696
CC(=C)C(=O)CC1=CC2=C(C=N1)N=CN=C2NC3=CC(=CC=C3)Br,1,0.7050051
COC1=C(C=C2C(=C1)C(=NC=N2)NC3=CC=C(C=C3)C#N)OCCCN4CCC(CC4)C5=CC=CC=C5,1,0.15552022
CC1=C2C=NN(C2=CC(=N1)C3=C(C=CN=C3)OC)C4=NC(=C5C(=C4)N(C(=N5)N6CCN(C(C6)(C)C)C)C)N7C[C@H]8C[C@@H]7CO8,1,0.52791387
CCS(=O)(=O)n1cc(-c2ccnc(Nc3cc(NC(C)=O)c4c(cnn4CCN(C)C)c3)n2)c2ccccc21,0,0.18459052
O=S(=O)(Nc1nccs1)c1ccc(NC(=S)Nc2ccc3c(c2)OCO3)cc1,0,0.3125978
CCOC1=C(C=C(C=C1)C2=NN(C3=NC=NC(=C23)N)C(C)C)OC,0,0.20930308
O=C(Nc1ccccc1)N(Cc1ccc(O)cc1)Cc1cccc(Br)c1O,0,0.0416993
C=C/C=C/C(=O)CC1=CC2=C(C=N1)N=CN=C2NC3=CC(=CC=C3)Br,1,0.40339854
COc1nc(Nc2ccc(-c3nc4ccccc4s3)c(OC)c2)c2cc[nH]c2n1,0,0.066711925
C=CC(=O)CC1=CC2=C(C=N1)N=CN=C2NC3=CC(=CC=C3)Br,1,0.26477745
CC1=C2C=NN(C2=CC(=N1)C3=C(C=CN=C3)OC)C4=NC(=C5C(=C4)N(C(=N5)CN(C)C)C)N6CCOCC6,1,0.73123884
COc1cc2c(Nc3ccc(F)c(Cl)c3)ncnc2cc1OCCCCn1ccnc1[N+](=O)[O-],1,0.8352389
C1=CC(=C(C2=C1C=CC(=O)O2)O)O,0,0.18501937
CN1CCN(c2ccc(Nc3ncnc4cc5oc(=O)n(CCOC(=O)CBr)c5cc34)cc2Cl)CC1,1,0.7422524
O=C(Cc1c(SSc2[nH]c3ccccc3c2CC(=O)NCc2ccccc2)[nH]c2ccccc12)NCc1ccccc1,0,0.37467152
Cc1cc(C)c(O)c(CN(Cc2ccc(O)cc2)C(=S)Nc2ccccc2)c1,0,0.17461848
C[C@H](C1=CC=CC=C1)NC2=C3C=C(OC3=NC=N2)C4=CC(=CC=C4)OC,1,0.4811008
CCN1CC2(C1)CN(C(=O)O2)C3=C(C=C4C(=C3)C(=NC=N4)NC5=C(C(=CC=C5)Cl)F)OC,1,0.70754886
CCOc1cc2ncnc(Nc3cccc(-c4nccs4)c3)c2cc1OCC,1,0.63486
C1OC2=C(O1)C=C3C(=C2)C(=C(C=N3)C#N)NC4=CC(=CC=C4)Br,0,0.5642552
COc1cc2c(Nc3ccc(OCc4cccc(F)c4)c(Cl)c3)ncnc2cc1OCCCCn1ccnc1[N+](=O)[O-],1,0.39236146
CC1CCN(CC1)CCCOC2=C(N=C3C(=C2)N=CN=C3CC4=CC(=C(C=C4)F)Cl)NC(=O)C=C,1,0.8214255
COC1=C(C=C2C(=C1)C(=NC=N2)NC3=CC=C(C=C3)NC(=O)C4=CC=CC=C4)OCCN5CCCCC5,0,0.68882406
C1=CC=C(C=C1)CSC2=NN=C(O2)C3=CC=CC=C3F,0,0.12852547
CC1=C2C=NN(C2=CC(=N1)C3=C(C=CN=C3)OC)C4=NC(=C5C(=C4)N(C(=N5)N6CCN7CCOC[C@@H]7C6)C)C(C)C,1,0.6788375
COc1cc2c(cc1OC)Sc1nc(C)nc(Nc3ccc4ccccc4c3)c1NC2,0,0.53665084
C=CC(=O)N1CCC(C2CCNc3c(C(N)=O)c(-c4cc(OC)c(Cl)c(OC)c4)nn32)CC1,0,0.5552694
Nc1ncnc2c1ncn2CC(=O)c1ccccc1,0,0.023786273
COC1=C(C=C2C(=C1)N=CN=C2NC3=C(C(=CC=C3)Cl)F)OC4CCN(CC4)S(=O)(=O)C,1,0.46869418
Nc1ncnc2c1c(-c1cccc(O)c1)cn2[C@H]1C[C@@H](CN2CCC2)C1,0,0.7478861
COC1=CC=C(C=C1)C2=NN(C(C2)C3=CC=C(C=C3)F)C4=NC(=CS4)C5=CC=CC=C5,0,0.20800164
CCN1CCC(CC1)N2C=C(N=N2)C(C3=CC=CC=C3)NC4=CC5=C(C(=C4)Cl)N=CN=C5NC6=CC(=C(C=C6)F)Cl,1,0.87482786
CN(C)[C@H](CS(C)(=O)=O)c1ccc(-c2ccc3ncnc(Nc4ccc(OCc5cccc(F)c5)c(Cl)c4)c3c2)o1,1,0.51887316
CN(C)C(CS(C)(=O)=O)c1ccc(-c2ccc3ncnc(Nc4ccc(OCc5cccc(F)c5)c(Cl)c4)c3c2)o1,1,0.51887316
COC1=C(C=C2C(=C1)N=CN=C2NC3=C(C(=CC=C3)Cl)F)OCCCN4CCOCC4,1,0.2373777
O=C(Cc1c[nH]c2cc3ncnc(Nc4cccc(Br)c4)c3cc12)N1CCOCC1,1,0.42993352
CC1=CC2=CC(=N1)C3=C(N(N=C3)C)OCCC[C@H](CN4C5=C(C=C(C=C5)NCC6CCOCC6)N=C4NC2=O)C7CC7,1,0.9232535
Cc1cccc(Nc2ncnc3cnc(NCCCN4CCOCC4)cc23)c1,1,0.39147696
C[C@@]12[C@@H]([C@@H](C[C@@H](O1)N3C4=CC=CC=C4C5=C6C(=C7C8=CC=CC=C8N2C7=C53)CNC6=O)N(C)C(=O)C9=CC=CC=C9)OC,1,0.016254501
O=C(CSc1nc2ccccc2c(=O)n1Cc1ccc2c(c1)OCO2)Nc1ccc(Br)cc1Br,0,0.044108927
CCN1C2=NC=NC(=C2C(=N1)C#CC3=C(C=CC(=C3)C(=O)NC4=CC(=C(C=C4)CN5CCN(CC5)C)C(F)(F)F)C)N,0,0.6100879
C=CS(=O)(=O)C1=NC=C2C(=C1)C(=NC=N2)NC3=CC(=CC=C3)Br,1,0.3991385
OCCNc1cc2c(Nc3cccc(Br)c3)ncnc2cn1,1,0.68805474
COC1=CC=C(C=C1)C2=NN(C(C2)C3=CC=C(C=C3)Cl)C4=NC(=CS4)C5=CC=CC=C5,0,0.1500992
CN1C(=O)C2=C(NC1=O)N=C(N2)SC/C(=N/O)/C3=CC=C(C=C3)Br,0,0.029835502
CC1=CC(=C2C(=NN(C2=N1)C3=CC=CC=C3)C)OCC(=O)N/N=C/C4=CC=C(C=C4)Cl,0,0.035269734
C[C@@H](Nc1ncnc2sc3c(c12)CCN(C(=O)/C=C/CN(C)C)C3)c1ccccc1,1,0.22843716
CC1=C(SC=N1)C2=CC=C(C=C2)CNC(=O)[C@@H]3C[C@H](CN3C(=O)[C@H](C(C)(C)C)NC(=O)CCCCCOCCCCOCCCCOC4=C(C=C5C(=C4)N=CN=C5NC6=CC(=C(C=C6)F)Cl)NC(=O)/C=C/CN(C)C)O,1,0.5699875
CC1=CC(=C2C(=NN(C2=N1)C3=CC=CC=C3)C)OCC(=O)N/N=C/C4=CC(=C(C(=C4)OC)OC)OC,0,0.23297139
O=C(/C=C/c1ccccc1)N1CCc2c(sc3ncnc(N[C@H](CO)c4ccccc4)c23)C1,0,0.39933962
COC1=C(C=C2C(=C1)N=CN=C2NC3=CC=CC(=C3)C(=O)NC45CC6CC(C4)CC(C6)C5)OCCCN7CCOCC7,1,0.7519237
CC1=CC(=CC=C1)NC2=NC=NC3=CN=C(C=C32)NC,1,0.51111364
C[C@H](C1=CC=CC=C1)NC2=C3C=C(OC3=NC=N2)C4=CC=C(C=C4)F,1,0.32047567
C[C@H](C1=CC=CC=C1)NC2=C3C=C(OC3=NC=N2)C4=CC=CC=C4OC,1,0.4238189
Cn1cc(-c2cc3ncnc(Nc4ccc(CC(=O)Nc5cc(C(C)(C)C)nn5C)cc4)c3s2)cn1,0,0.027445305
C=CC(=O)NC1=NC=C2C(=C1)C(=NC=N2)NC3=CC(=C(C=C3)F)Cl,1,0.6980389
CCOc1cc(-c2nn(C(C)C)c3ncnc(N)c23)ccc1OC,0,0.67963064
CC(C)N1C2=NC=NC(=C2C(=N1)C3=CC(=C(C=C3)OC)OC)N,0,0.71962905
CC(C)N1C2=NC=NC(=C2C(=N1)C3=CC(=C(C=C3)F)O)N,0,0.25428313
CNc1ncc2ncnc(Nc3cccc(C)c3)c2n1,1,0.4956037
COc1cc(/C=C2\CCC/C(=C\c3ccccc3F)C2=O)cc(OC)c1,0,0.02398274
C1CCN(CC1)CCCNC2=CC3=C(C=C2)N=CN=C3NC4=CC(=CC=C4)Br,1,0.58065265
CC(C)N1C2=NC=NC(=C2C(=N1)C3=CC(=C(C=C3)C=O)F)N,0,0.5224777
CN(C)CCC(C1=NC=C2C(=C1)C(=NC=N2)NC3=CC(=CC=C3)Br)C(=O)C=C,1,0.27071398
C[C@H](C1=CC=CC=C1)NC2=C3C=C(OC3=NC=N2)C4=CC=C(C=C4)OC,1,0.2026775
COc1cc(/C=C2\CCC/C(=C\c3ccc(OC)c(O)c3)C2=O)cc(OC)c1,0,0.018132376
CC(C)N1C2=NC=NC(=C2C(=N1)C3=CC(=C(C(=C3)F)C=O)F)N,0,0.37068287
Cc1cccc(Nc2ncnc3cnc(NCCN4CCOCC4)nc23)c1,1,0.78259766
O=C(Nc1ccccc1Br)c1ccc(N(CCCl)CCCl)cc1,0,0.30009818
Cl.O=[N+]([O-])c1ccc2sc3c(Nc4cccc(Br)c4)ncnc3c2c1,1,0.18101963
CN1C=C(C=N1)C2=NC(=CC(=C2)C(=O)NC3=NC4=CC=CC=C4N3C5CCC(CC5)O)N,1,0.41300324
C1=CC=C(C=C1)NC(=O)C2=C(C=CC(=C2)NC(=O)CCCCCC(=O)NO)O,0,0.033644073
CC1=C(NC(=C1C(=O)NC[C@@H](CN2CCOCC2)O)C)/C=C\3/C4=C(C=CC(=C4)F)NC3=O,0,0.51943403
C1=CC=C(C=C1)[C@@H](CO)NC2=NC=NC3=C2C=C(N3)C4=CN=CC=C4,1,0.5797293
CN1C2=NC(=NC=C2C=C(C1=O)C3=C(C=CC=C3Cl)Cl)N,0,0.48929143
CN(C)c1ccc2c(Nc3cccc(Br)c3)ncnc2n1,0,0.24598621
C1=CC=C(C=C1)CNC(=O)C2=CC3=CC(=C(C=C3C=N2)O)O,0,0.07622236
c1ccc2sc(-c3ccc(Nc4ncnc5[nH]ccc45)cc3)nc2c1,0,0.2288956
C1COCCN1CCC(=O)NC2=CC3=C(C=C2)C(=CN=C3NC4=CC(=CC=C4)Br)C#N,0,0.6930741
C=CC(=O)Nc1cc(Nc2ncc(Cl)c(-c3cnn4ccccc34)n2)c(OC)cc1N1CCN(C(=O)CN(C)C)CC1,0,0.34014764
N#CCCCCn1nc(-c2ccc(F)c(O)c2)c2c(N)ncnc21,0,0.12948672
O=C(Nc1ccccc1F)c1ccc(N(CCCl)CCCl)cc1,0,0.30009818
COC1=C(C=C2C(=C1)N=CN=C2NC3=C(C=CC(=C3)Cl)F)OC4CCN(CC4)CC(=O)N,1,0.48238447
CN1C=C(C=N1)C2=NC(=CC(=C2)C(=O)NC3=NC4=CC=CC=C4N3C5CCC(CC5)O)Cl,1,0.41300324
C=CS(=O)(=O)NC1=NC=C2C(=C1)C(=NC=N2)NC3=CC(=CC=C3)Br,1,0.21011804
CC1=CC2=C(C=C1)N(C(=N2)NC(=O)C3=CC(=NC=C3)C4=CN(N=C4)C)CC(C)(C)O,1,0.38170198
CCNC(CS(C)(=O)=O)c1ccc(-c2ccc3ncnc(Nc4ccc(OCc5cccc(F)c5)c(Cl)c4)c3c2)o1,1,0.2746066
CC(C)N1C2=NC=NC(=C2C(=N1)C3=CC(=C(C=C3)C#N)O)N,0,0.4951104
COC1=C(C=C2C(=C1)N=CN=C2NC3=C(C(=CC=C3)Cl)F)OC4CCN(CC4)CC(=O)N,1,0.6216009
COc1ccc(-c2nn(C)c3ncnc(N)c23)cc1O,0,0.2237959
COC1=C(C=C(C(=C1)O)C(=O)NC2=CC(=C(C=C2)F)Cl)NC(=O)CCCCCC(=O)NO,0,0.050031777
CC1=CC(=CC(=N1)C2=CN(N=C2)C)C(=O)NC3=NC4=CC=CC=C4N3C5C[C@@H](C[C@@H](C5)O)O,1,0.24944115
C[C@H](C1=CC=CC=C1)NC2=C3C=C(OC3=NC=N2)C4=CC=C(C=C4)O,1,0.11732996
CC#CC(=O)Nc1cc2c(Nc3ccc(F)c(Cl)c3)ncnc2cn1,1,0.4345613
CN1CCN([C@H]2CC[C@H](n3nc(-c4ccc(Nc5nc6cccc(Cl)c6o5)cc4)c4c(N)ncnc43)CC2)CC1,0,0.069618426
COc1cc2ncnc(Sc3cccc(Cl)c3)c2cc1OC,1,0.46687996
CCN(CC)CCNC(=O)C1=C(NC2=CC=CC=C21)[Se][Se]C3=C(C4=CC=CC=C4N3)C(=O)NCCN(CC)CC,0,0.0387196
O=C(Nc1ccccc1)N(Cc1ccc(F)cc1)Cc1cccc(Br)c1O,0,0.06558806
COc1cc(Nc2ncnc3[nH]cnc23)ccc1-c1nc2ccccc2s1,0,0.300028
COC1=CC=C(C=C1)C2=CC3=C(N=CN=C3O2)N[C@H](CCO)C4=CC=CC=C4,1,0.13285732
CC(C)N1C2=NC=NC(=C2C(=N1)C3=CC=C(C=C3)OC)N,0,0.53297263
C=CC(=O)NC1=NC2=C(C=C1/C=C/CCN3CCOCC3)N=CN=C2NC4=CC(=C(C=C4)F)Cl,1,0.39172006
CC(C)N1C2=NC=NC(=C2C(=N1)C3=CC(=C(C=C3F)O)F)N,0,0.5978642
COc1cc(C(=NC#N)c2csc(-c3ccccc3)n2)cc(OC)c1OC,1,0.081349455
CN(C(=O)c1ccc(N(CCCl)CCCl)cc1)c1ccccc1,0,0.3154935
CNc1cc2c(Nc3cccc(C(F)(F)F)c3)ncnc2cn1,1,0.5975233
CN1CC2(C1)CN(C(=O)O2)C3=C(C=C4C(=C3)C(=NC=N4)NC5=C(C(=CC=C5)Cl)F)OC,1,0.39627203
CN(C)Cc1cc(C(=O)N[C@@H]2CCc3ccc(Oc4ccnc5c4CCC(=O)N5)cc3C2)cc(C(F)(F)F)c1,0,0.23208098
C1=CC=C(C(=C1)C2=NN=C(O2)CC3=NC4=CC=CC=C4N3)Cl,0,0.022443146
Brc1cccc(Nc2ncnc3cnc(NCCN4CCOCC4)nc23)c1,1,0.5417699
CN(C)CC(CSc1ccccc1)C(=O)c1ccc(OCc2ccccc2)cc1.Cl,0,0.6061067
C1COCCN1C(=O)CCN2C3=CC4=C(C=C3C=N2)C(=NC=N4)NC5=CC(=CC=C5)Br,1,0.56799877
C1=CC(=CC(=C1)F)NC(=O)C2=C(C=CC(=C2)NC(=O)CCCCCC(=O)NO)O,0,0.040155873
CN(C1=C(C=C2C(=N1)C(=NC=N2)NC3=CC(=C(C=C3)F)Cl)OCCCN4CCOCC4)C(=O)C=C,1,0.40664932
CN(C/C=C/C(=O)NC1=CC2=C(C=CN=C2C=N1)NC3=CC(=CC=C3)Br)N,1,0.189421
CN(CCO)c1cc2c(Nc3cccc(Br)c3)ncnc2cn1,1,0.73363054
CC1=CC=C(C=C1)NC(=O)C2=C(C=CC(=C2)I)O,0,0.030592192
CC1=C(C=C(C=C1)C2=NN(C(C2)C3=CC=C(C=C3)O)C4=NC(=CS4)C5=CC=CC=C5)C,0,0.26845378
NS(=O)(=O)c1ccc(Nc2nc3ncnc(Nc4ccc(N5CCOCC5)cc4)c3s2)cc1,0,0.50728095
CN(C)C/C=C/C(=O)N1Cc2sc3ncnc(Nc4ccc(OCc5ccccn5)c(Cl)c4)c3c2C1,1,0.09872342
C=CC(=O)N1CCC(C2CCNc3c(C(N)=O)c(-c4cc(C)c(C)c(C)c4)nn32)CC1,0,0.40633917
C1C(N(N=C1C2=CC=C(C=C2)Br)C3=NC(=CS3)C4=CC=CC=C4)C5=CC=C(C=C5)Cl,0,0.058237568
CCNC1=NC=C2C=C(C(=O)N(C2=N1)C)C3=C(C=CC=C3Cl)Cl,0,0.44448996
C1=CC=C2C(=C1)C3=C(S2)C(=NC=N3)NC4=CC(=CC=C4)Br,1,0.29675758
CN1CCC2=C(C=NN2C)C3=CC(=C(N=C31)OC)NC4=NC=C(C(=N4)NC5=CC=CC=C5P(=O)(C)C)Br,1,0.39107665
C=CC(=O)N(CCCN1CCOCC1)C2=CC3=C(C=C2)N=CN=C3NC4=CC(=CC=C4)Br,1,0.22411418
C1CC2=C(CC1N)C3=C(N2CCCCCC4=CC=CC=N4)C=CC(=C3)OCCC5=CC=C(C=C5)O.Cl.Cl,0,0.6650102
CN1CCC(Nc2ncc3ncnc(Nc4ccc(F)c(Cl)c4)c3n2)CC1,1,0.26247713
Nc1nccn2c1c(-c1ccc3ccc(-c4ccccc4)nc3c1)nc2[C@H]1C[C@@H](CN2CCC2)C1,0,0.01557336
C1C[C@H](CN(C1)C(=O)/C=C/CF)N2C(=C(C(=N2)C3=CC=C(C=C3)OC4=C(C=C(C=C4)F)F)C(=O)N)N,0,0.63955647
NC(=O)c1oc2cc(O)cc(O)c2c(=O)c1-c1ccc(O)cc1,1,0.2881701
COCCN(C/C=C/C(=O)N1CCc2c(sc3ncnc(Nc4ccc(F)c(Cl)c4)c23)C1)CCOC,1,0.22082241
C1=CC=C(C=C1)CNC(=O)[C@@H](CC2=C(NC3=CC=CC=C32)[Se][Se]C4=C(C5=CC=CC=C5N4)C[C@@H](C(=O)NCC6=CC=CC=C6)NC(=O)C(F)(F)F)NC(=O)C(F)(F)F,0,0.039102834
COc1cccc(-c2cn(C3CCN(CCN(C)CCO)CC3)c3ncnc(N)c23)c1,0,0.2603767
COc1cc(Br)cc(-c2nn(C(C)C)c3ncnc(N)c23)c1,0,0.5910961
CC1=C2C=NN(C2=CC(=N1)C3=C(C=CN=C3)OC)C4=NC(=C5C(=C4)N(C(=O)N5C)C)N6CCC(CC6)C7=CN(N=C7)C,1,0.89716417
C1CC(CCC1N2C3=CC=CC=C3N=C2NC(=O)C4=CC(=NC=C4)C5=CN(N=C5)C(F)F)O,1,0.7998493
C1=CC=C2C(=C1)C=C(C(=N2)Cl)C(C3=CC=CS3)O,0,0.032166068
CC1=CC2=CC(=N1)C3=C(N(N=C3)C)OCCC[C@H](CN4C5=C(C=CC(=C5)N[C@H]6CC[C@@H](C6)N(C)C)N=C4NC2=O)C7CC7,1,0.90063614
CC1=CC2=CC(=N1)C3=C(N(N=C3)C)OCCC[C@H](CN4C5=C(C=CC(=C5)N[C@H]6CC[C@H](C6)N(C)C)N=C4NC2=O)C7CC7,1,0.90063614
CC1=CC2=CC(=N1)C3=C(N(N=C3)C)OCCC[C@H](CN4C5=C(C=CC(=C5)N[C@@H]6CC[C@@H](C6)N(C)C)N=C4NC2=O)C7CC7,1,0.90063614
CC1=CC2=CC(=N1)C3=C(N(N=C3)C)OCCC[C@H](CN4C5=C(C=CC(=C5)N[C@@H]6CC[C@H](C6)N(C)C)N=C4NC2=O)C7CC7,1,0.90063614
CCOC1=C(C=C(C=C1)C2=NN(C3=NC=NC(=C23)N)CC=C)OC,0,0.29783216
Nc1ccc2ncnc(Nc3cccc4ccccc34)c2c1,1,0.39976317
CCCCN(CC#CC(=O)Nc1cc2c(Nc3ccc(F)c(Cl)c3)ncnc2cn1)CCCC,1,0.49141067
O=C1C[C@H](O)[C@@H]2c3c(ccc(O)c31)-c1ccc(O)c3c1[C@@]2(O)CCC3=O,1,0.29034856
CN1C=CC2=C(C1=O)C(=C(N2)C3=CC(=NC=C3)NC(=O)C(CC(F)F)C4=CC=C(C=C4)F)C5=CC=CC=C5,0,0.22006582
C=CC(=O)NC1(C2CCNc3c(C(N)=O)c(-c4ccc(Oc5ccccc5)cc4)nn32)CC1,1,0.3330141
C1CS(=O)(=O)CCC1N2C=C(C(=N2)C3=CC=C(C=C3)F)C4=C5C=C(OC5=NC=N4)C6=CC=CC=C6,1,0.74554706
Cc1ccc(C(=O)Nc2ccc(CN3CCN(C)CC3)c(C(F)(F)F)c2)cc1NC(=O)c1cnccn1,0,0.58809346
COC1=CC=C(C=C1)C2=NN(C(C2)C3=CC=C(C=C3)O)C4=NC(=CS4)C5=CC=CC=C5,0,0.029342715
C1CC(=O)NC(=O)C1N2C(=O)C3=C(C2=O)C(=CC=C3)NCCOCCC4=CC=C(C=C4)C5=CC6=C(N5)N=CN=C6NCC7=CC=CC=C7Cl,1,0.8530094
C1=CC=C(C=C1)C2=CC3=C(N=CN=C3O2)N[C@H](CO)C4=CC=CC=C4,1,0.3086954
C1COCCN1CC2=CNC3=CC4=C(C=C32)C(=NC=N4)NC5=CC(=CC=C5)Br,1,0.7011424
C1=CC=C(C=C1)C2=CC(=O)N3C(=NC=N3)N2CC(=O)NNC(=S)NC4=CC=CC=C4,0,0.027483633
Cc1ccc(-c2nn(C)c3ncnc(N)c23)cc1O,0,0.28970265
CCOC(=O)/C=C/C(=O)NC1=NC=C2C(=C1)C(=NC=N2)NC3=CC(=CC=C3)Br,1,0.7243736
COC1=CC2=C(C=C1)OC3=NC=NC(=C3NC2)NCC4=CC=CC=C4,0,0.60478103
N#C/C(=C\c1ccc(O)c(O)c1)C(=O)NCCCCc1ccccc1,0,0.9569477
CN1C2=NC(=NC=C2C=C(C1=O)C3=C(C=CC=C3Cl)Cl)NCCCCCC(=O)O,0,0.81730384
CCN(CC)CCNCc1ccc(-c2ccc3ncnc(Nc4ccc(OCc5cccc(F)c5)c(Cl)c4)c3c2)o1,1,0.15372643
Cc1cc(Nc2ncnc3[nH]nc(OCCN4CCC(O)CC4)c23)ccc1OCc1ccccn1,1,0.7364982
Nc1cc2sc3c(Nc4cccc(Br)c4)ncnc3c2cc1F,1,0.104492694
CN(C)CCCCNc1cc2c(Nc3cccc(Br)c3)ncnc2cn1,1,0.7007863
C=CC(=O)NC1=C(C=C2C(=C1)C(=NC=N2)CC3=CC(=CC=C3)Br)OCCCN4C=CN=C4,1,0.5427843
COc1cc(/C=C2\CCC/C(=C\c3cccc(Br)c3)C2=O)cc(OC)c1,0,0.02474535
CC1=C(SC=N1)C2=CC=C(C=C2)[C@H](C)NC(=O)[C@H]3C[C@@H](CN3C(=O)[C@H](C(C)(C)C)NC(=O)COCCOCCOCCOCC4=NC5=CN=C(C=C5N4C(C)C)NC6=NC(=NC=C6)N7CCC(CC7)OC)O,0,0.7768273
OCCN(CCO)CCNc1cc2c(Nc3cccc(Br)c3)ncnc2cn1,1,0.42193046
O=C(Nc1ccccc1)N(Cc1ccc(F)cc1)Cc1cc(Cl)cc(Cl)c1O,0,0.2000853
CC1=C2C=NN(C2=CC(=N1)C3=C(C=CN=C3)OC)C4=NC(=C5C(=C4)N(C(=N5)C(=O)C)C)N6CCOCC6,1,0.7087787
CNc1ncnc(-c2cccnc2Oc2ccc(F)c(C(=O)Nc3cc(C(F)(F)F)ccc3N(C)CCCN(C)C)c2)n1,0,0.346602
C/C=C/C(=O)Cc1cc2c(Nc3cccc(Br)c3)ncnc2cn1,1,0.5183682
COC1=CC=C(C=C1)C2=NN(C(C2)C3=CC=C(C=C3)Cl)C4=NC(=CS4)C5=CC=C(C=C5)Cl,0,0.34923348
C=CC(=O)NC1=NC=C2C(=C1)C(=NC=N2)NC3=CC(=C(C=C3)F)Br,1,0.6482509
C1=CC=C2C=C(C=CC2=C1)CC3=CC4=C(N3)N=C(N=C4NC5=CC(=CC=C5)Br)N,0,0.48440126
CCOc1cc2ncnc(Nc3cccc(-c4cscn4)c3)c2cc1OCC,1,0.22344647
CC(C)n1nc(-c2ccc(NS(C)(=O)=O)cc2)c2c(N)ncnc21,0,0.4144501
CN1C2=CC=CC=C2C(=C1[Se][Se]C3=C(C4=CC=CC=C4N3C)C(=O)O)C(=O)O,0,0.7546693
CC1=CC=C(C=C1)C2CC(=NN2C3=NC(=CS3)C4=CC=C(C=C4)Cl)C5=CC(=C(C=C5)C)C,0,0.38099563
C1CN2CCC1C(C2)CN3C4=CC=CC=C4SC5=CC=CC=C53,0,0.11777598
C=CC(=O)N1CCC[C@H](C1)N2C(=C(C(=N2)C3=CC=C(C=C3)OC4=CC=C(C=C4)Cl)C(=O)N)N,1,0.63354295
CN(C)C/C=C/C(=O)Nc1cc2c(Nc3ccc(OCc4ccccn4)cc3)ncnc2cc1O[C@H]1CCOC1,1,0.6933342
CC1=NN=C(S1)N2C(=NC3=C(C2=O)C=CC(=C3)Cl)C4=CC=CC=C4,0,0.29529312
CC1=C(C=CC(=C1)NC2=NC=NC3=C2C(=C(C=C3)OC)N4CC(C4)N(C)C)OC5=CC6=NC=NN6C=N5,0,0.63324904
C1CC(CN(C1)C(=O)/C=C/CF)N2C(=C(C(=N2)C3=CC=C(C=C3)OC4=CC=CC(=N4)C(F)(F)F)C(=O)N)N,0,0.23252822
COc1cc(/C=C2\CCC/C(=C\c3ccccc3Br)C2=O)cc(OC)c1,0,0.03573649
C[C@H](C1=CC=CC=C1)NC2=C3C=C(OC3=NC=N2)C4=CC=CC=C4,1,0.30293572
COc1cc(/C=C2\CCC/C(=C\c3ccccc3Cl)C2=O)cc(OC)c1,0,0.022592781
CS(=O)(=O)CCNCc1ccc(-c2ccc3ncnc(Nc4ccc(OCc5ccccc5)c(Cl)c4)c3c2)o1,1,0.7396414
CN(C)CCN(C)c1cc2c(Nc3cccc(Br)c3)ncnc2cn1,1,0.47592887
COc1cc2ncnc(Nc3ccc(F)c(Cl)c3)c2cc1OCCn1ccnc1[N+](=O)[O-],1,0.8911881
CCC1=C2C(Nc3ccc4c(cnn4Cc4ccccc4)c3)=NC=NC2N=C1NC(=O)O[C@H]1CC[C@@](C)(N)CC1,1,0.12170975
C[C@H]1COCCN1C2=C3C(=CC(=N2)N4C5=CC(=NC(=C5C=N4)C)C6=C(C=CN=C6)OC)N(C(=N3)C)C,1,0.18765804
C1C[C@H](CN(C1)C#N)N2C(=C(C(=N2)C3=CC=C(C=C3)OC4=CC=CC=C4)C(=O)N)N,0,0.8139186
C#CC1=CC(=CC=C1)NC(=O)C2=C(C=CC(=C2)NC(=O)CCCCCCC(=O)NO)O,0,0.33097646
Cn1c(-c2csc(N/N=C\c3ccccc3)n2)nc2ccccc21,0,0.09925867
C1=CC=C(C=C1)C2=CC3=C(C=CN=C3N2)C4=NN(C(=C4C5=CC=C(C=C5)F)C#N)CCCO,1,0.3898005
C1=CC=C(C=C1)[C@@H](CO)NC2=C3C=C(OC3=NC=N2)C4=CC=C(C=C4)O,1,0.751255
CN(C)CCCNC(=O)/C=C/C(=O)NC1=NC=C2C(=C1)C(=NC=N2)NC3=CC(=CC=C3)Br,1,0.6998193
O=C(Nc1ccccc1Cl)c1ccc(N(CCCl)CCCl)cc1,0,0.34928885
O=C(O)CNc1cc2c(Nc3cccc(Br)c3)ncnc2cn1,1,0.7365473
CC(C)(CN1C2=C(C=CC(=C2)CN3CCN(CC3)C)N=C1NC(=O)C4=CN=C(C(=N4)OC5=CC=CC(=C5C=O)O)C#N)O,1,0.74281377
COc1ccccc1CNc1ncc(C(=O)NC2CCN(C)CC2)c(NC2CCCC2)n1,0,0.5158982
C1COCCN1C(=O)CN2C(=CSC2=N)C3=CC=C(C=C3)Cl,0,0.2891923
COc1ccc(-c2cc(=O)oc3c(O)c(O)ccc23)cc1O,0,0.022263225
COCCOC1=CC=C(C=C1)NC2=NC=C3C(=N2)N(C(=O)C(=N3)C4=CC=CC=C4F)C5=CC=CC(=C5)NC(=O)C=C,1,0.60063237
C1=CC(=C(C=C1NC2=C3C=C(C=C(C3=NC=C2C#N)Cl)NCC4=NNN=C4)Cl)F,0,0.29224497
C1C2=C(C=CC(=C2)Br)OC3=NC=NC(=C3N1)NCC4=CC=CC=C4,0,0.21234503
CCOC(=O)/C=C/C(=O)CC1=CC2=C(C=N1)N=CN=C2NC3=CC(=CC=C3)Br,1,0.6501784
CO.Nc1cccc2c1sc1c(Nc3cccc(Br)c3)ncnc12,1,0.09463067
CC(C)N1C2=NC=NC(=C2C(=N1)C3=CC(=CC=C3)C(=O)C)N,0,0.38827196
CN(C/C=C/C(=O)N1CCc2c(sc3ncnc(Nc4cc(O)c(Cl)c(Cl)c4)c23)C1)C(C)(C)C,1,0.7127875
C1CC(=O)N[C@@H]1C(=O)NC2=CC3=C(C=C2)C(=CN=C3NC4=CC(=CC=C4)Br)C#N,0,0.36252695
CCOC1=C(C=C2C(=C1)C(=NC=N2)NC3=CC=CC(=C3)C4=CSC(=N4)C)OCC,0,0.42069387
C1CC(=O)NC(=O)C1N2C(=O)C3=C(C2=O)C(=CC=C3)NCCOCCOCCOCCOCCOCC#CC4=CC=CC5=C4C(=O)N(C5)[C@H](C6=C(C=CC(=C6)F)O)C(=O)NC7=NC=CS7,0,0.9589135
C1=CC=C(C=C1)CSC2=NN=C(O2)C3=CC=CC=C3N,0,0.13017392
O=c1c(-c2ccc(O)c(O)c2)coc2cc(O)cc(O)c12,1,0.19768555
CC1=C(C=C(C=C1)C2=NN(C(C2)C3=CC=C(C=C3)[N+](=O)[O-])C4=NC(=CS4)C5=CC=CC=C5)C,0,0.27288532
COC(=O)CN1CCC(n2cc(-c3cccc(OC)c3)c3c(N)ncnc32)CC1,0,0.6312487
C#CC1=CC(=CC=C1)NC2=C3C=C(SC3=NC=N2)C(=O)C4=CC5=CC=CC=C5N4,1,0.14750569
CC1=CC2=CC(=N1)C3=C(N(N=C3)C)OCCC[C@H](CN4C5=C(C=CC(=C5)NC6CCCC6)N=C4NC2=O)C7CC7,1,0.88250005
Cc1cccc(-n2ncc3c(NCc4ccc5c(c4)OCO5)ncnc32)c1,0,0.037845735
CC(C)S(=O)(=O)CCNCc1ccc(-c2ccc3ncnc(Nc4ccc(OCc5cccc(F)c5)c(Cl)c4)c3c2)o1,1,0.59695417
CCCC#CC(=O)Nc1cc2c(Nc3ccc(F)c(Cl)c3)ncnc2cn1,1,0.5121837
COC1=C(C=C2C(=C1)C(=NC=N2)NC3=CC=C(C=C3)C(=O)NCC(=O)OC)OCCN4CCCCC4,0,0.84638023
COC1=C(C=C(C=C1)C2=NN(C3=NC=NC(=C23)N)C4CCC4)OC,0,0.79884475
C[C@@H]1CN(C[C@@H](N1C)C)C2=NC3=C(N=C(C=C3N2C)N4C5=CC(=NC(=C5C=N4)C)C6=C(C=CN=C6)OC)N7C[C@H]8C[C@@H]7CO8,1,0.5838236
CC1=C(N(C2=CC(=NC(=C12)N3CCOCC3)N4C5=CC(=NC(=C5C=N4)C)C6=C(C=CN=C6)OC)C)C(=O)N(C)C,1,0.72042555
COC1=CC=C(C=C1)C2=NN(C(C2)C3=CC=C(C=C3)[N+](=O)[O-])C4=NC(=CS4)C5=CC=CC=C5,0,0.019420609
COC1=C(C=C2C(=C1)CNC3=C(O2)N=CN=C3OC4=C(C(=CC=C4)Cl)F)OC,0,0.38347816
Cc1nn(-c2ccccc2)nc1Cn1nc(-c2ccc(F)c(O)c2)c2c(N)ncnc21,0,0.4961021
C1C[C@H](CN(C1)C(=O)/C=C/CO)N2C(=C(C(=N2)C3=CC=C(C=C3)OC4=CC=C(C=C4)Cl)C(=O)N)N,0,0.29912797
Oc1nnc(-c2c[nH]c(-c3ccccc3)c2-c2ccccc2)c2cn(-c3ccccc3)nc12,0,0.023869568
COC1=C(C=C2C(=C1)N=CN=C2NC3=CC(=C(C=C3)OCC4=CC(=CC=C4)F)Cl)OCCCN5CCNCCNCC5,1,0.6313029
CC1=C(N(C2=CC(=NC(=C12)C(C)C)N3C4=CC(=NC(=C4C=N3)C)C5=C(C=CN=C5)OC)C)C(=O)N6CCNCC6,1,0.9129017
CC(C)N1C2=NC=NC(=C2C(=N1)C3=CC(=C(C=C3)N)OC)N,0,0.6785377
CC(C)n1nc(-c2cc3cc(C=O)ccc3s2)c2c(N)ncnc21,0,0.33367875
COC1=CC=C(C=C1)C2=NN(C(C2)C3=CC=C(C=C3)F)C4=NC(=CS4)C5=CC=C(C=C5)Cl,0,0.18053018
COc1cc2ncnc(Nc3ccc(F)c(Cl)c3)c2cc1OCCn1c([N+](=O)[O-])cnc1C,1,0.1792864
CC(C)C1=CC=C(C=C1)COC(=O)C2=C(C=CC(=C2)NCC3=C(C=CC(=C3)O)O)O,0,0.118829444
COc1cc(/C=C/C(=O)Nc2cc3c(Nc4ccc(F)c(Cl)c4)ncnc3cc2O[C@@H]2CCOC2)cc(OC)c1OC,1,0.30201986
COC1=CC(=C2C(=C1)C=CN(C2=O)C3=CC(=C(C=C3)F)Cl)OC,0,0.11760405
Cn1cc([N+](=O)[O-])nc1C[N+](C)(C)C/C=C/C(=O)Nc1ccc2ncnc(Nc3cccc(Br)c3)c2c1.[Br-],1,0.83181477
c1ccc(C2=NN(c3ccccc3)C(c3cccc4ccccc34)C2)cc1,0,0.24783757
CC(C)N1CCC2=NN(C=C2C3=CC(=C(C=C31)OC)NC4=NC=C(C(=N4)NC5=CC=CC=C5P(=O)(C)C)Br)C6COC6,1,0.49798766
Cc1[nH]c(-c2ccccc2)c(-c2ccccc2)c1-c1nnc(C)c2nn(-c3ccccc3)cc12,0,0.19572859
CC(C)N1C2=NC=NC(=C2C(=N1)C3=CC(=C(C=C3)Br)OCOC)N,0,0.45979044
CC1=C(N(C2=CC(=NC(=C12)C3CC3)N4C5=CC(=NC(=C5C=N4)C)C6=C(C=CN=C6)OC)C)C(=O)N(C)OC,1,0.5179814
CC1=C2C=NN(C2=CC(=N1)C3=C(C=CN=C3)OC)C4=NC(=C5C(=C4)N(C(=N5)N6CCN(CC6)CCOC)C)C7CCOCC7,1,0.8384404
CN(C)CCN(C1=NC=C2C(=C1)C(=NC=N2)NC3=CC(=CC=C3)Br)C(=O)C=C,1,0.58209527
CCOc1cc2nc(CC)nc(Nc3cccc(-c4csc(C)n4)c3)c2cc1OCC,0,0.10801857
COc1cc2c(Oc3ccc(NS(=O)(=O)c4cccc(-c5cccs5)c4)cc3F)ccnc2cc1OCCCN1CCN(C)CC1,0,0.73736817
CCOc1cc2ncnc(Nc3ccc(F)c(Cl)c3)c2cc1NC(=O)/C=C/[C@@H]1CCCN1C,1,0.766586
CC1=CC(=CC(=N1)C2=CN(N=C2)C)C(=O)NC3=NC4=CC=CC=C4N3C5CCC(CC5)O,1,0.5368217
CC(C)N1C2=NC=NC(=C2C(=N1)C3=CC(=C(C=C3)NC(C)CO)OC)N,0,0.73502165
COC1=CC=C(C=C1)C2=NN(C(C2)C3=CC=C(C=C3)[N+](=O)[O-])C4=NC(=CS4)C5=CC=C(C=C5)Cl,0,0.05694157
COc1cc(/C=C2\CCC/C(=C\c3ccc(S(C)(=O)=O)cc3)C2=O)cc(OC)c1,0,0.042452756
Cc1nc2cc3c(Nc4cccc(Br)c4)ncnc3cc2[nH]1,1,0.45332804
C=CC(=O)Nc1cc2c(Nc3ccc(Br)cc3F)ncnc2cc1OCCNC(=O)C1CC1,1,0.55683035
CCC1=CC2=C(C=C1N3CCC(CC3)N4CCOCC4)C(C5=C(C2=O)C6=C(N5)C=C(C=C6)C#N)(C)C,0,0.19866663
CCOc1cc2ncc(C#N)c(Nc3ccc(F)c(Cl)c3)c2cc1NC(=O)/C=C/CN(C)Cc1ccc(F)cc1,1,0.42520374
C1=CC(=C(C=C1NC2=C3C=C(C=C(C3=NC=C2C#N)Br)NCC4=NNN=C4)Cl)F,0,0.24403264
CNC1=NC=C2C(=C1)C(=NC=N2)NC3=CC(=CC=C3)Br,1,0.727879
C1CCN(CC1)C[C@H]2[C@@H](O2)C(=O)NC3=CC4=C(C=C3)N=CN=C4NC5=CC(=CC=C5)Br,1,0.21849576
C1=CC(=C(C=C1Cl)Cl)NC(=O)C2=C(C=CC(=C2)I)O,0,0.346602
CCOC1=C(C=CC(=C1)C2=NN(C3=NC=NC(=C23)N)CCO)OC,0,0.72068936
CC(C)N1C2=NC=NC(=C2C(=N1)C3=CC(=C(C=C3)C#N)F)N,0,0.6775893
CNC(=O)C1=C(N(C2=CC=CC=C21)C)[Se][Se]C3=C(C4=CC=CC=C4N3C)C(=O)NC,0,0.22212416
C[C@@H](CN)n1nc(-c2ccc(F)c(O)c2)c2c(N)ncnc21,0,0.29464662
CC1=C(SC=N1)C2=CC=C(C=C2)[C@H](C)NC(=O)[C@@H]3C[C@H](CN3C(=O)[C@H](C(C)(C)C)NC(=O)COCCOCCOCCOCCOCC4=NC5=CN=C(C=C5N4C(C)C)NC6=NC(=NC=C6)N7CCC(CC7)OC)O,0,0.7768273
C#Cc1cccc(Nc2ncnc3cc(OCCCCn4ccnc4[N+](=O)[O-])c(OC)cc23)c1,1,0.9310403
C1=CC(=CC=C1C2=COC3=NC=NC(=C23)N)NC(=O)NC4=C(C=CC(=C4)C(F)(F)F)F,0,0.25497395
CC(C)N1C2=NC=NC(=C2C(=N1)C3=CC(=CC=C3)OC)N,0,0.5765136
CC1=CC2=CC(=N1)C3=C(N(N=C3)C)OCCC[C@H](CN4C5=C(C=C(C=C5)N[C@H](C)CN6CCCCC6)N=C4NC2=O)C7CC7,1,0.8564314
CC1=CC2=CC(=N1)C3=C(N(N=C3)C)OCCC[C@H](CN4C5=C(C=C(C=C5)N[C@@H](C)CN6CCCCC6)N=C4NC2=O)C7CC7,1,0.8564314
CC(C)(CN1C2=C(C=C(C=C2)N3CCC(CC3)N4CCN(CC4)C)N=C1NC(=O)C5=CC(=NC=C5)OC6=CC=CC(=C6C=O)O)O,1,0.5327065
COc1cc(O)c2c(=O)c(-c3ccc(O)cc3)coc2c1,1,0.17788836
CC(C)(CN1C2=CC=CC=C2N=C1NC(=O)C3=CC(=NC=C3)C4=CN(N=C4)C)CO,1,0.45292282
COC(=O)C1=C(C2=CC=CC=C2C3=C1C4=C(O3)C(=O)C5=CC=CC=C5C4=O)OCCN6CCCCC6,0,0.016094454
C1=CC(=C(C=C1NC(=O)CCCCCC(=O)NO)C(=O)NC2=CC(=C(C=C2)Cl)C(F)(F)F)O,0,0.033172794
C1=CC=C2C(=C1)C(=C(N2)SSC3=C(C4=CC=CC=C4N3)CCC(=O)NCC5=CC(=C(C=C5)C(=O)O)O)CCC(=O)NCC6=CC(=C(C=C6)C(=O)O)O,0,0.15479258
C1CC(C1)N2C3=NC=NC(=C3C(=N2)C4=CC(=C(C=C4)F)O)N,0,0.4510528
CC(C)N1C2=NC=NC(=C2C(=N1)C3=CC(=C(C=C3)OC)O)N,0,0.5148858
C=CC(=O)NC1=CC(=CC=C1)OC2=NC(=NC=C2C(F)(F)F)NC3=C(C=C(C=C3)N4CCOCC4)OC(F)F,1,0.61215496
CN1CCC2=C(C1=O)C(=C(N2)C3=CC(=NC=C3)NC(=O)CC4=NC=CN=C4)NC5=CC=CC=C5,0,0.65773165
Cn1cccc1-c1nc2cc(NC(=O)CCl)ccc2[nH]1,0,0.18703313
CC[C@@H](Nc1ncnc2sc3c(c12)CCN(C(=O)/C=C/CN(C)C)C3)c1ccccc1,1,0.26741818
C1=CC(=C(C=C1NC(=O)CCCCCC(=O)NO)C(=O)NC2=CC(=C(C=C2)Cl)Cl)O,0,0.03388308
COc1cc(O)c(C(=O)O)c(C2=C(C)C[C@@H](O)C2=O)c1,1,0.09657953
C1C[C@H](CN(C1)C(=O)/C=C/CO)N2C(=C(C(=N2)C3=CC=C(C=C3)OC4=C(C=C(C=C4)F)F)C(=O)N)N,0,0.28612754
Cc1cccc(CN(Cc2ccc(O)cc2)C(=S)Nc2ccccc2)c1O,0,0.30795947
CC(C)N1C2=NC=NC(=C2C(=N1)C3=CC(=C(C(=C3)OC)OC)OC)N,0,0.5280128
COc1cc(/C=C2\CCC/C(=C\c3cc(OC)cc(OC)c3)C2=O)cc(OC)c1,0,0.011254745
C=CC(=O)Nc1cccc(-n2c(=O)c(=O)n(C(C)C)c3cnc(Nc4ccc(N5CCN(C)CC5)cc4OC)nc32)c1,1,0.47600806
COC1=CC(=C2C(=C1)OC=C(C2=O)C3=CC(=CC=C3)Cl)O,0,0.06745147
CN1C2=C(C=N1)C3=CC(=C(C=C3N(CC2)[C@H]4CCCNC4)OC)NC5=NC=C(C(=N5)NC6=C(C7=NC=CN=C7C=C6)P(=O)(C)C)Br,1,0.74571437
CN1C2=C(C=N1)C3=CC(=C(C=C3N(CC2)[C@@H]4CCCNC4)OC)NC5=NC=C(C(=N5)NC6=C(C7=NC=CN=C7C=C6)P(=O)(C)C)Br,1,0.74571437
Brc1cc2c(NCc3ccccn3)ncnc2s1,0,0.5200632
C1COCCN1CCCCNC2=NC=C3C(=C2)N=CN=C3NC4=CC(=CC=C4)Br,1,0.6589954
COC1=C(C=C(C(=C1)O)C(=O)NC2=CC=CC(=C2)C#C)NC(=O)CCCCCC(=O)NO,0,0.12521322
CC1=C(N(C2=CC(=NC(=C12)C(C)C)N3C4=CC(=NC(=C4C=N3)C)C5=C(C=CN=C5)OC)C)C(=O)N6CCN(CC6)C,1,0.8120547
O=S(=O)(Nc1ccccn1)c1ccc(NC(=S)Nc2ccc3c(c2)OCO3)cc1,0,0.10460244
COc1cc(/C=C2\CCC/C(=C\c3ccc(F)cc3)C2=O)cc(OC)c1,0,0.040944334
COc1cc2c(Nc3ccc(OCc4cccc(F)c4)c(Cl)c3)ncnc2cc1OCCCN1C[C@H](O)[C@@H](O)[C@H](O)[C@H]1CO,1,0.58548397
CC(C)N1C2=NC=NC(=C2C(=N1)C3=CC4=C(C=C3)OCC4)N,0,0.74196035
CC(C)n1nc(-c2cccc(CC#N)c2)c2c(N)ncnc21,0,0.39188042
COc1cc(/C=C2\CCC/C(=C\c3ccccc3)C2=O)cc(OC)c1,0,0.23019074
C1COCCN1C2=C(C=C(C=C2)NC3=NC=NC4=C3SC(=N4)NC5=CC=C(C=C5)S(=O)(=O)N)Cl,0,0.66255105
C1=CC=C(C=C1)NC(=O)C2=NC=C3C(=C2)C=CC(=C3O)O,0,0.077719785
CC1=C2C=NN(C2=CC(=N1)C3=C(C=CN=C3)OC)C4=NC(=C5C(=C4)N(C(=N5)C)C)N6CCOCC6,1,0.50669956
C1=CC=C(C=C1)C2=CC=C(C=C2)OC(=O)C3=C(C=CC(=C3)NCC4=C(C=CC(=C4)O)O)O,0,0.62336314
COc1ccc(/C=C2\CCC/C(=C\c3cc(OC)cc(OC)c3)C2=O)cc1,0,0.2361751
CC1=C(C(=O)Nc2cccc([N+](=O)[O-])c2)C(c2ccc(O)cc2O)NC(Nc2ccc(S(=O)(=O)Nc3ncccn3)cc2)=N1,0,0.34194487
C1COCCN1/N=C/C2=C(N=CN=C2NC3=CC4=C(C=C3)N(N=C4)CC5=CC(=CC=C5)F)N,1,0.8917943
C=CC(=O)Nc1cccc(-n2c(=O)c(-c3ccccc3)nc3cnc(Nc4ccc(OCCOC)cc4)nc32)c1,1,0.64820766
C=CC(=O)N1CCC(C1)N2C3=NC=NC(=C3C(=N2)C(=O)NC4=NC5=CC=CC=C5O4)N,1,0.7164954
CC(C)(CN1C2=C(C=C(C=C2)CCCO)N=C1NC(=O)C3=CC(=NC=C3)C4=CN(N=C4)C)O,1,0.4760425
C1=CC=C(C=C1)CNC(=O)C(CC2=C(NC3=CC=CC=C32)SSC4=C(C5=CC=CC=C5N4)CC(C(=O)NCC6=CC=CC=C6)N)N,0,0.44537282
C[C@@H]1CN(C[C@@H](N1)C)C(=O)C2=C(C3=C(N=C(C=C3N2C)N4C5=CC(=NC(=C5C=N4)C)C6=C(C=CN=C6)OC)C(C)C)C,1,0.68405235
CN(C)c1ncc2ncnc(Nc3cccc(Br)c3)c2n1,1,0.30166656
C1=CC(=CC(=C1)Br)NC2=NC=NC3=C2SC4=C3C=C(C=C4)N,1,0.14197181
CN(C)C/C=C/C(=O)NC1=NC=C2C(=C1)C(=C(C=N2)C#N)NC3=CC(=CC=C3)Br,1,0.8566444
Cn1nc(-c2ccc(Br)c(O)c2)c2c(N)ncnc21,0,0.5439814
Oc1nnc(-c2c[nH]c(-c3ccccc3)c2-c2ccccc2)c2cn(-c3ccc(Cl)cc3)nc12,0,0.051941033
COC1=CC(=C2C(=C1)C=CN(C2=O)C3=CC=CC(=C3)C#C)OC,0,0.034623787
CC1=C(C=C(C=C1)C2=NN(C(C2)C3=CC=C(C=C3)F)C4=NC(=CS4)C5=CC=CC=C5)C,0,0.39319018
CC(=O)NC[C@H]1CC[C@H](c2nc(-c3cc4ccccc4[nH]3)c3c(N)nccn32)CC1,0,0.018821767
CC(C)N1C2=NC=NC(=C2C(=N1)C3=CC(=C(C=C3)F)OC)N,0,0.67797565
C1=CC(=CC(=C1)Br)NC2=NC=NC3=CN=C(C=C32)NC(=O)/C=C/Cl,1,0.33901387
CC1=C2C(=NC(=CN2C(=C1C(=O)N3CCCC3)C)N4C5=CC(=NC(=C5C=N4)C)C6=C(C=CN=C6)OC)N7CCOCC7,1,0.8329419
COC(=O)C1=C(C2=CC=CC=C2C3=C1C4=C(O3)C(=O)C5=CC=CC=C5C4=O)OCCN6CCCC6,0,0.017998891
CC(C)N1C2=NC=NC(=C2C(=N1)C3=CC(=C(C=C3)N)O)N,0,0.25094336
C1=CC=C2C=C(C=CC2=C1)CCC3=CC4=C(N3)N=C(N=C4NC5=CC(=CC=C5)Br)N,0,0.5747132
Cl.Nc1ccc2c(c1)sc1c(Nc3cccc(Br)c3)ncnc12,1,0.21257144
C=CC(=O)Nc1cc2c(Nc3ccc(Br)cc3F)ncnc2cc1OCCNC(=O)CCN1CCCCC1,1,0.67285705
CC1=C2C=NN(C2=CC(=N1)C3=C(C=CN=C3)OC)C4=NC(=C5C(=C4)N(C(=N5)[C@@H]6CC(CN(C6)C)(F)F)C)N7CCOCC7,1,0.8776845
COc1cc(/C=C2\CCC/C(=C\c3ccc(N(C)C)cc3)C2=O)cc(OC)c1,0,0.016042946
COC1=CC=C(C=C1)NC2=NC=C3C(=N2)N(C(=O)C(=N3)C4=CC=CC=C4)C5=CC=CC(=C5)NC(=O)C=C,1,0.7410409
Cl.c1ccc(Nc2[nH]cnc3c4ccccc4nc2-3)cc1,0,0.01993107
CC(C)(CN1C2=C(C=CC(=C2)CN3CCN(CC3)C)N=C1NC(=O)C4=CN=CC(=N4)OC5=CC=CC(=C5C=O)O)O,1,0.72106373
CC1=C(SC=N1)C2=CC=C(C=C2)[C@H](C)NC(=O)[C@@H]3C[C@H](CN3C(=O)[C@H](C(C)(C)C)NC(=O)COCCOCCCNCC4CN(C4)C5=NN(C6=CC(=NC=C65)NC7=NC(=NC=C7)C8=CN(N=C8)S(=O)(=O)C9CC9)C(C)C)O,1,0.31576905
CC1=C(N(C2=CC(=NC(=C12)C3CC3)N4C5=CC(=NC(=C5C=N4)C)C6=C(C=CN=C6)OC)C)C(=O)N(C)C,1,0.65040934
COc1cccc(/C=C2\CCC/C(=C\c3cc(OC)cc(OC)c3)C2=O)c1,0,0.030910788
COC1=CC=C(C=C1)C2=CC3=C(N=CN=C3O2)N[C@H](CO)C4=CC=CC=C4,1,0.05879873
CC1=C2C=NN(C2=CC(=N1)C3=C(C=CN=C3)OC)C4=NC(=C5C(=C4)N(C(=N5)N6CCN(CC6)CCOC)C)N7C[C@H]8C[C@@H]7CO8,1,0.2723481
CC1=C2C=NN(C2=CC(=N1)C3=C(C=CN=C3)OC)C4=NC(=C5C(=C4)N(C(=N5)N6CCN(CC6)CCOC)C)N7C[C@@H]8C[C@H]7CO8,1,0.2723481
Cc1cc(C)c(O)c(CN(Cc2ccc(O)cc2)C(=O)Nc2ccccc2)c1,0,0.2673304
C1=CC=C2C(=C1)C=CC=C2/C=C/C(=O)NC3=CC4=C(C=C3)N=CN=C4NC5=CC(=CC=C5)Cl,0,0.7315541
COC1=C(C=CC(=C1)N2CCOCC2)NC3=NC=C(C(=N3)OC4=CC=CC(=C4)NC(=O)C=C)C(F)(F)F,1,0.6342889
CC1=C(N(C2=CC(=NC(=C12)C(C)C)N3C4=CC(=NC(=C4C=N3)C)C5=C(C=CN=C5)OC)C)C(=O)N6CCN(CC6)C7COC7,1,0.61093134
CCOc1cc2ncnc(Nc3cccc(-c4cncs4)c3)c2cc1OCC,1,0.72127616
CN1CCN(CCCNc2c(Br)cccc2Nc2ncnc3ccncc23)CC1,1,0.73298067
O=C(c1ccccc1)c1cccc(NC(=O)c2cc3ccccc3[nH]2)c1,0,0.16903442
CN1C=C(C=N1)C2=CC(=CC(=N2)CF)C(=O)NC3=NC4=CC=CC=C4N3C5CCC(CC5)O,1,0.5001739
C#CC1=CC(=CC=C1)NC(=O)C2=CC(=CC=C2)NC(=O)CCCCCC(=O)NO,0,0.08622933
N=C1N=C(NCCS(=O)(=O)O)/C(=C/C(O)CNC(=O)c2cc(Br)c[nH]2)N1,1,0.40742275
C1CS(=O)(=O)C[C@@H]1CN2C=C(C(=N2)C3=CC=C(C=C3)F)C4=C5C=C(OC5=NC=N4)C6=CC=CC=C6,1,0.3864747
CC(C1=NC=C2C(=C1)C(=NC=N2)NC3=CC(=CC=C3)Br)C(=O)C=C,1,0.38363197
C[C@@H]1CN(C[C@H](O1)C)C2=NC3=C(N=C(C=C3N2C)N4C5=CC(=NC(=C5C=N4)C)C6=C(C=CN=C6)OC)N7C[C@H]8C[C@@H]7CO8,1,0.49492696
CC1=CC=C(C=C1)C2CC(=NN2C3=NC(=CS3)C4=CC=CC=C4)C5=CC(=C(C=C5)C)C,0,0.37106076
C[C@@H]1CN(CCN1C(=O)OC2=C(C=C3C(=C2)C(=NC=N3)N(C4=C(C(=CC=C4)Cl)F)C(=O)C=C)OC)C,1,0.033899467
C[C@H](CN)N1C2=NC=NC(=C2C(=N1)C3=CC(=C(C=C3)Cl)O)N,0,0.3267723
C[C@@H](CN)N1C2=NC=NC(=C2C(=N1)C3=CC(=C(C=C3)Cl)O)N,0,0.3267723
CN(C)C/C=C/C(=O)N1CCc2c(sc3ncc(C#N)c(Nc4ccc(F)c(Cl)c4)c23)C1,1,0.5838934
CCN(CC)CCOC1=C(C=C2C(=C1)C(=NC=N2)NC3=CC=C(C=C3)NC(=O)NC4=C(C=C(C=C4)F)F)OC,0,0.7124297
CC1=C2C=NN(C2=CC(=N1)C3=C(C=CN=C3)OC)C4=NC(=C5C(=C4)N(C(=N5)C)C)N6CCOC(C6)(C)C,1,0.18138479
CC1=CC2=C(N1)C=CC(=C2)NC3=C4C(=NC=C3)C=C(S4)C5=CC=C(C=C5)CN6CCOCC6,0,0.432528
C=CC(=O)NC1=CC(=CC=C1)OC2=NC(=NC=C2Cl)NC3=C(C=C(C=C3)N4CCOCC4)OC(F)F,1,0.65010726
CN(C)CCCNC(=O)/C=C/C(=O)N(C)C1=NC=C2C(=C1)C(=NC=N2)NC3=CC(=CC=C3)Br,1,0.74365735
CN1C=C(C=N1)C2=NC=CC(=C2)C(=O)NC3=NC4=CC=CC=C4N3C5C[C@@H](C[C@@H](C5)O)O,1,0.77763385
CC(C1=NC=C2C(=C1)C(=NC=N2)NC3=CC(=CC=C3)Br)C(=O)/C=C/C(=O)NCCCN(C)C,1,0.29060215
C=CC(=O)Nc1cccc(-n2c(=O)c(-c3ccccc3)c(C)c3cnc(Nc4ccc(N5CCN(C)CC5)cc4OC)nc32)c1,1,0.6820839
CC(C)n1nc(-c2ccc(C(N)=O)c(Cl)c2)c2c(N)ncnc21,0,0.63215774
CCN(CC)CCCNC1=NC=C2C=C(C(=O)N(C2=N1)C)C3=C(C=CC=C3Cl)Cl,0,0.48289064
CC(C)(/C=C(/C#N)C(=O)N1CCC[C@@H]1Cn1nc(-c2ccc(Oc3ccccc3)cc2F)c2c(N)ncnc21)N1CCOCC1,0,0.122004904
O=C(Nc1ccc(F)cc1)c1ccc(N(CCCl)CCCl)cc1,0,0.18516198
COC1=CC(=C2C(=C1)C=CN(C2=O)C3=CC=CC(=C3)C#C)O,0,0.034370147
COc1cc(C2=C(c3cn(COCC[Si](C)(C)C)c4ccccc34)CNC2=O)cc(OC)c1OC,0,0.018449042
C=CC(=O)N(CCCN1CCOCC1)C2=NC=C3C(=C2)C(=NC=N3)NC4=CC(=CC=C4)Br,1,0.6097173
COc1cc2c(Nc3cccc(Br)c3)ncnc2cn1,1,0.21430957
CCN(CC)CCOC1=C(C2=C(C3=CC=CC=C31)OC4=C2C(=O)C5=CC=CC=C5C4=O)C(=O)OC,0,0.011141114
CC1=CC(=CC=C1)NC2=NC=NC3=C2SC4=C3C=C(C=C4)N,1,0.0996714
Fc1ccc(Nc2ncnc3ccc(NC(=S)NCCN4CCCCC4)cc23)cc1Cl,1,0.49782836
COc1nc(Nc2ccc(-c3nc4ccccc4s3)cc2)c2cc[nH]c2n1,0,0.30690092
CCCCC(=Cc1coc2nc(=N)[nH]c(N)c12)c1ccccc1OC,0,0.06339003
OCC(O)CNc1cc2c(Nc3cccc(Br)c3)ncnc2cn1,1,0.6131568
Cc1ccc(C(=O)Nc2ccc(CN3CCN(C)CC3)c(C(F)(F)F)c2)cc1NC(=O)c1ccc(O)nc1,0,0.5995156
Brc1cccc(Nc2ncnc3cnc(NCCCN4CCOCC4)cc23)c1,1,0.61690784
C=CC(=O)NC1=NC=C2C(=C1)C(=NC=N2)NC3=CC(=CC=C3)Br,1,0.5009473
Cc1cccc(Nc2ncnc3cnc(N)nc23)c1,1,0.19246703
C#CC(=O)Nc1cc2c(Nc3cccc(Br)c3)ncnc2cn1,1,0.40390944
CC(C)n1nc(-c2cccc(CO)c2)c2c(N)ncnc21,0,0.5826074
CN1CCN(CC1)CCCOC2=CC3=NC=CC(=C3C=C2OC)OC4=C(C=C(C=C4)NS(=O)(=O)C5=C(C=CC=C5F)F)F,1,0.45801866
OC1CCN(CCOc2n[nH]c3ncnc(Nc4ccc(OCc5ccccn5)c(Cl)c4)c23)CC1,1,0.8564937
C1=CC(=C(C=C1NC(=O)CCCCCC(=O)NO)C(=O)NC2=CC(=C(C=C2)F)F)O,0,0.03388308
CN1C=C(C=N1)C2=NC=CC(=C2)C(=O)NC3=NC4=CC=CC=C4N3C5CCCCC5,1,0.5750899
COc1ccc(-c2nn(C[C@H](C)CO)c3ncnc(N)c23)cc1OC,0,0.31660992
COc1ccc(-c2nn(C[C@@H](C)CO)c3ncnc(N)c23)cc1OC,0,0.31660992
Cc1ccn2ncnc(Nc3ccc4c(cnn4Cc4cccnc4)c3)c12,0,0.4721299
C[C@@H](Nc1ncnc2sc(Br)cc12)c1ccccn1,0,0.19536225
COc1cc(F)c(-c2nn(C(C)C)c3ncnc(N)c23)cc1F,0,0.13598996
CC(C1=CC=C(C=C1)F)C(=O)NC2=NC=CC(=C2)C3=C(C4=C(N3)C=CN(C4=O)C)C5=CC=CC=C5,0,0.39892828
CC1=C2C=NN(C2=CC(=N1)C3=C(C=CN=C3)OC)C4=NC(=C5C(=C4)N(C(=N5)N6CCN(CC6)CC(=O)O)C)N7C[C@H]8C[C@@H]7CO8,1,0.28057986
CC1=C(C=NN1C)C2=NC=CC(=C2)C(=O)NC3=NC4=CC=CC=C4N3CC(C)(C)O,1,0.7861205
CCN(CC)CCOC1=C(C=C2C(=C1)C(=NC=N2)NC3=CC=C(C=C3)NC(=O)NC4=CC=CC=C4)OC,0,0.64177024
COCCOC1=CC=C(C=C1)OC2=NC(=NC3=C2C(=O)NC3)NC4=CC(=CC=C4)NC(=O)C=C,0,0.67195505
C1CC(=O)NC(=O)C1N2C(=O)C3=C(C2=O)C(=CC=C3)NCCOCCOCCN4CCN(CC4)CC5=CC=C(C=C5)C6=CC7=C(N6)N=CN=C7NCC8=CC=CC=C8Cl,1,0.37712747
COC1=C(C=C2C(=C1)C(=NC=N2)NC3=C(C=C(C=C3)Br)F)OCCOCCOCCNC(=O)CN4C=NC(=N4)[N+](=O)[O-],1,0.94023716
C1C2=C(C=CC(=C2)F)OC3=NC=NC(=C3N1)NCC4=CC=CC=C4,0,0.16400525
C/C=C/C(=O)NC1=NC=C2C(=C1)C(=NC=N2)NC3=CC(=CC=C3)Br,1,0.55402285
CN1C2=C(C=N1)C3=CC(=C(N=C3NCC2)OC)NC4=NC=C(C(=N4)NC5=CC=CC=C5P(=O)(C)C)Br,1,0.4961745
CNC1=CC(=CC(=N1)C2=CN(N=C2)C)C(=O)NC3=NC4=CC=CC=C4N3C5CCC(CC5)O,1,0.41102582
CCCCC#CC(=O)Nc1cc2c(Nc3ccc(F)c(Cl)c3)ncnc2cn1,1,0.44926974
C1=CC(=CC(=C1)Br)NC2=NC=NC3=CC(=NC=C32)NCCC4=CN=CN4,1,0.17027847
CC1=C(C=C(C=C1)NC(=O)C2=CC(=CC(=C2)N3C=C(N=C3)C)C(F)(F)F)CNC4=CN=C5C(=C4)C=C(N5)C(=O)OC,1,0.013293788
COCCC1=CC2=C(C=C1)OC(=N2)NC(=O)C3=NN(C4=NC=NC(=C34)N)[C@@H]5CCN(C5)C(=O)C=C,1,0.3695566
CC1=C2C=NN(C2=CC(=N1)C3=C(C=CN=C3)OC)C4=NC(=C5C(=C4)N(C=N5)C)N6CCOCC6,1,0.69362646
C/C=C(\C)/[C@@H]([C@H](C)/C=C(\C)/C=C/CC(C)/C=C/C1=C(C(=O)C(=C(O1)OC)C)C)O,1,0.019659588
COC1=CC2=C(C=C1)NC(=C2)C(=O)C3=CC4=C(N=CN=C4S3)NC5=CC(=C(C=C5)F)Cl,1,0.095186874
CC(C)n1nc(-c2ccc(CC#N)cc2)c2c(N)ncnc21,0,0.50064707
CC(C)N1CCC2=C(C=NN2C3COC3)C4=CC(=C(C=C41)OC)NC5=NC=C(C(=N5)NC6=C(C7=NC=CN=C7C=C6)P(=O)(C)C)Br,1,0.5237972
COc1ccc(/C=C/C(=O)Nc2cc3c(Nc4ccc(F)c(Cl)c4)ncnc3cc2O[C@@H]2CCOC2)cc1,1,0.55211675
COc1cc2c(Oc3ccc(NS(=O)(=O)c4cccc(-c5cnn(C)c5)c4)cc3F)ccnc2cc1OCCCN1CCOCC1,0,0.5042608
CCCC1=C2C(=C(N(C2=CC(=N1)N3C4=CC(=NC(=C4C=N3)C)C5=C(C=CN=C5)OC)C)C(=O)N6CCN(CC6)CC)C,1,0.7850102
CN1CCC(NC(=O)c2cnc(NCc3cc(Cl)ccc3Cl)nc2NC2CCCC2)CC1,0,0.121981
C1CN(CCC1C(=O)N)CC2=CC=C(C=C2)C3=CC4=C(S3)C(=NC=N4)NC5=CC6=C(C=C5)NC=C6,1,0.33475053
CC(C)N1CC2(C1)CN(C(=O)O2)C3=CC4=C(C=C3)N=CN=C4NC5=C(C(=CC=C5)Cl)F,1,0.24895374
CN1CCC(CC1)OC2=C(C=C3C(=C2)C(=NC=N3)NC4=C(C(=CC=C4)Cl)F)OC,1,0.7525467
O=C1CSC(NN=C2CCCCCCC2)=N1,0,0.50111365
Brc1cccc(Nc2ncnc3ccncc23)c1NCCCCN1CCOCC1,1,0.8651428
Oc1cc2cc(-c3ccncc3)cnc2cc1O,0,0.21667933
O=C(Nc1ccc([N+](=O)[O-])cc1)c1ccc(N(CCCl)CCCl)cc1,0,0.23277982
CN1CCN(CCC#CC(=O)Nc2cc3c(Nc4ccc(F)c(Br)c4)ncnc3cn2)CC1,1,0.30135652
COc1cc(Nc2ncnc3[nH]nc(OCCN4CCC(O)CC4)c23)ccc1OCc1cccc(F)c1,1,0.1661508
COCCOC1=C(C=C2C(=C1)N=CN=C2NC3=C(C=CC4=C3OCO4)Cl)NC(=O)[C@@H]5CCCN5,0,0.5598335
CN1C=C(C=N1)C2=CC(=CC(=N2)C#N)C(=O)NC3=NC4=CC=CC=C4N3[C@H]5CCC[C@@H](C5)O,1,0.2221116
COc1cccc2sc3c(Nc4cccc(Br)c4)ncnc3c12.Cl,1,0.50877774
S=C(NNc1ccccc1)Nc1ccc2c(c1)OCO2,0,0.052634384
CN(C)c1cc2c(Nc3cccc(Br)c3)ncnc2cn1,1,0.5644261
CC1=C(SC=N1)C2=CC=C(C=C2)[C@H](C)NC(=O)[C@H]3C[C@@H](CN3C(=O)[C@H](C(C)(C)C)NC(=O)COCCOCC4=NC5=CN=C(C=C5N4C(C)C)NC6=NC(=NC=C6)N7CCC(CC7)OC)O,0,0.8950784
C[C@H](C1=CC=CC=C1)NC2=C3C=C(OC3=NC=N2)C4=CC=C(C=C4)NCCN(C)C,1,0.3810508
C=C(CN1CCCCC1)C(=O)c1ccc(OCc2ccccc2)cc1.Cl,0,0.18958047
COc1ccc(CCOc2ccc(C(=O)/C=C/c3ccc(O)c(O)c3)cc2OC)cc1OC,0,0.028283792
CCCCNC1=NC=C2C=C(C(=O)N(C2=N1)C)C3=C(C=CC=C3Cl)Cl,0,0.51437277
CCN1C2=NC=NC(=C2C(=N1)C3=CC(=C(C=C3)OC)O)N,0,0.34738982
C1=CC=C(C=C1)CNC(=O)C2=C(C=CC(=C2)NCC3=C(C=CC(=C3)O)O)O,0,0.63857865
COc1cc(/C=C2\CCC/C(=C\c3cccc(Cl)c3)C2=O)cc(OC)c1,0,0.020317875
COc1ccc(-c2n[nH]c3ncnc(N)c23)cc1O,0,0.12196857
CCOC(=O)C1=C(C(=O)C2=C(C=C(C=C2O1)O)O)C3=CC=C(C=C3)OC(=O)C(=O)OCC.C(=O)(C(=O)O)O,0,0.0361003
C1=CC=C2C(=C1)C(=O)N(S2)CC(=O)NC3=CC4=C(C=C3)N=CN=C4NC5=CC(=CC=C5)Br,1,0.5294317
C=CC(=O)Nc1cccc(N2C(=O)N(c3ccccc3)Cc3cnc(Nc4ccc(N5CCN(C)CC5)cc4OC)nc32)c1,1,0.6140114
CN(CC(O)CO)c1cc2c(Nc3cccc(Br)c3)ncnc2cn1,1,0.71241945
O=C(C#CCN1CCOCC1)Nc1cc2c(Nc3ccc(F)c(Cl)c3)ncnc2cn1,1,0.6254786
CC1=C2C=NN(C2=CC(=N1)C3=C(C=CN=C3)OC)C4=NC(=C5C(=C4)N(C(=N5)C)C)OCC6(CC6)F,1,0.20287931
CN(C)CCCNC(=O)/C=C/C(=O)CC1=CC2=C(C=N1)N=CN=C2NC3=CC(=CC=C3)Br,1,0.6388093
CN1CCN(NCCCNc2cc3c(Nc4cccc(Br)c4)ncnc3cn2)CC1,1,0.6050435
CC1(CNC2=C1C=CC(=C2)NC(=O)C3=C(N=CC=C3)NCC4=CC=NC=C4)C,1,0.08871265
CS(=O)(=O)CCNCc1cc(-c2cc3ncnc(Nc4ccc(OCc5cccc(F)c5)c(Cl)c4)c3s2)cs1,1,0.6906952
Cc1[nH]c(-c2ccccc2)c(-c2ccccc2)c1-c1nnc(C)c2nn(-c3ccc(Cl)cc3)cc12,0,0.2662802
CC1=C(N(C2=CC(=NC(=C12)N3CCOCC3)N4C5=CC(=NC(=C5C=N4)C)C6=C(C=CN=C6)OC)C)C(=O)N(C)CCO,1,0.74911636
CC(C)(CN1C2=CC=CC=C2N=C1NC(=O)C3=CC(=NC=C3)C4=CN(N=C4)C)O,1,0.75336087
CC(C)(CN1C2=C(C=C(C=C2)C3CCN(C(=O)C3)C)N=C1NC(=O)C4=CC(=NC=C4)C5=CN(N=C5)C)O,1,0.5965937
CN(C1=NC=C2C(=C1)C(=NC=N2)NC3=CC(=CC=C3)Br)C(=O)C=C,1,0.33690795
CS(=O)(=O)C[C@@H](N)c1ccc(-c2ccc3ncnc(Nc4ccc(OCc5cccc(F)c5)c(Cl)c4)c3c2)o1,1,0.1928242
CS(=O)(=O)C[C@H](N)c1ccc(-c2ccc3ncnc(Nc4ccc(OCc5cccc(F)c5)c(Cl)c4)c3c2)o1,1,0.1928242
CS(=O)(=O)CC(N)c1ccc(-c2ccc3ncnc(Nc4ccc(OCc5cccc(F)c5)c(Cl)c4)c3c2)o1,1,0.1928242
CCCN1CC2(C1)CN(C(=O)O2)C3=C(C=C4C(=C3)C(=NC=N4)NC5=C(C(=CC=C5)Cl)F)OC,1,0.68129224
C1COCCN1CCNC2=NC=C3C(=C2)N=CN=C3NC4=CC(=CC=C4)Br,1,0.35443902
CCN(CC)CCN1C2=CC=CC=C2C(=C1[Se][Se]C3=C(C4=CC=CC=C4N3CCN(CC)CC)C(=O)NC)C(=O)NC,0,0.0965015
CN1C=C(C=N1)C2=NC=CC(=C2)C(=O)NC3=NC4=CC=CC=C4N3[C@@H]5CCC[C@@H](C5)O,1,0.76473343
CN1C=C(C=N1)C2=NC=CC(=C2)C(=O)NC3=NC4=CC=CC=C4N3[C@H]5CCC[C@@H](C5)O,1,0.76473343
CN1C=C(C=N1)C2=NC=CC(=C2)C(=O)NC3=NC4=CC=CC=C4N3[C@H]5CCC[C@H](C5)O,1,0.76473343
C1=CC=C2C(=C1)C=C(N2)C(=O)C3=CC4=C(N=CN=C4S3)NC5=CC(=C(C=C5)F)Cl,1,0.4427108
COc1cc(N2CCN(C)CC2)ccc1Nc1ncc(Cl)c(Oc2cccc(NC(=O)COCc3ccccc3)c2)n1,0,0.61268413
CN(C)CCNC1=NC=C2C(=C1)C(=NC=N2)NC3=CC(=CC=C3)Br,1,0.6207327
CCN(CC)CC(CNC1=NC=C2C(=C1)C(=NC=N2)NC3=CC(=CC=C3)Br)O,1,0.5861603
N#CC(C#N)=C1C(=O)NC(=O)NC1=O,0,0.028346622
CC(=O)Nc1nc(C(=O)NNC(=O)CCN2CCCCC2)cs1,0,0.011146526
C1=CC=C(C(=C1)NC(=O)C2=C(C=CC(=C2)I)O)Cl,0,0.31464377
Clc1ccc(Nc2ncnc3[nH]ccc23)cc1Br,1,0.059435483
C[C@H](C1=CC=CC=C1)NC2=C3C=C(C=CC3=NC=C2C#N)C4=CC(=C(N=C4)Cl)NS(=O)(=O)C,1,0.22311708
O=c1c(-c2cccc(Cl)c2)coc2cc(O)ccc12,0,0.041646693
CC(C)(C)C1=CC=C(C=C1)C2=NN=C(O2)SCC3=CC=CC=C3,0,0.041148618
Brc1cc2c(NCc3cccs3)ncnc2s1,0,0.2796224
CC1=C2C=NN(C2=CC(=N1)C3=C(C=CN=C3)OC)C4=NC(=C5C(=C4)N(C(=N5)N6CCN(CC6)CCO)C)N7C[C@H]8C[C@@H]7CO8,1,0.53979254
O=C(Nc1ccc(Cl)cc1)c1ccc(N(CCCl)CCCl)cc1,0,0.27160564
N#C/C(=C/c1ccc[nH]1)C(=O)O,0,0.42487624
CC(C)N1C2=NC=NC(=C2C(=N1)C3=C(C(=CC=C3)O)F)N,0,0.18224934
Cc1cc(C)nc(NS(=O)(=O)c2ccc(Nc3nncc4ccccc34)cc2)n1,1,0.27547085
CN1C=C(C=N1)C2=NC=CC(=C2)C(=O)NC3=NC4=CC=CC=C4N3C5CCCS(=O)(=O)C5,1,0.4790952
C1CC(CS(=O)(=O)C1)N2C=C(C(=N2)C3=CC=C(C=C3)F)C4=C5C=C(OC5=NC=N4)C6=CC=CC=C6,1,0.9138963
CC1=C(SC=N1)C2=CC=C(C=C2)CNC(=O)[C@@H]3C[C@H](CN3C(=O)[C@H](C(C)(C)C)NC(=O)COCCOCCOCCOCCOCCN4CCN(CC4)CC5=CC=C(C=C5)C6=CC7=C(N6)N=CN=C7NCC8=CC=CC=C8Cl)O,1,0.97959155
COc1cc(/C=N/NC(=O)COc2nc(C)nc3c2c(C)nn3-c2ccccc2)cc(OC)c1OC,0,0.16690437
O=C(/C=C/CC(=O)Nc1ccc2ncnc(Nc3cccc(Br)c3)c2c1)Nc1ccc2c(Nc3cccc(Br)c3)ncnc2c1,1,0.51364714
COC(=O)c1ccc(CNC(=O)CCc2c(SSc3[nH]c4ccccc4c3CCC(=O)NCc3ccc(C(=O)OC)cc3)[nH]c3ccccc23)cc1,0,0.45903468
CC1=C(C=C(C=C1)N2C(=O)C=CC3=CN=C4C=CC(=CC4=C32)C5=CC=C(C=C5)NS(=O)(=O)C)NC(=O)C=C,0,0.017190462
CN1C=C(C=N1)C2=CC(=CC(=N2)C#N)C(=O)NC3=NC4=CC=CC=C4N3C5CCC(CC5)O,1,0.32342273
COC1=C(C=CC(=C1)N2CCOCC2)NC3=NC=C(C(=N3)OC4=CC=CC(=C4)NC(=O)C=C)Cl,1,0.8706299
COC1=C(C=C2C(=C1)C(=NC=N2)NC3=CC=C(C=C3)NC(=O)NC4=C(C=C(C=C4)F)F)OC,0,0.690624
C=CC(=O)Nc1cc(Nc2ncc(Cl)c(-c3cnn4ccccc34)n2)c(OC)cc1N1CCN(C(=O)CNC)CC1,0,0.27523357
CN1C=C(C2=C(C1=O)C(=C(N2)C3=CC(=NC=C3)NC(=O)C(CC(F)F)C4=CC=C(C=C4)F)C5=CC=CC=C5)CC(F)F,0,0.5056842
Nc1ncc2ncnc(Nc3cccc(Br)c3)c2n1,1,0.45597115
CN1CCN([C@H]2CC[C@H](n3nc(-c4ccc(Nc5nc6cccc(Cl)c6o5)c(F)c4)c4c(N)ncnc43)CC2)CC1,0,0.15516728
CC1=C2C=NN(C2=CC(=N1)C3=C(C=CN=C3)OC)C4=NC(=C5C(=C4)N(C(=N5)N6CCOC(C6)(C)C)C)C(C)C,1,0.20026353
COC1=CC=C(C=C1)C2=NN(C(C2)C3=CC=C(C=C3)Br)C4=NC(=CS4)C5=CC=CC=C5,0,0.13457234
COc1cc(/C=C2\CCC/C(=C\c3cc(C(C)(C)C)c(O)c(C(C)(C)C)c3)C2=O)cc(OC)c1,0,0.35182333
N#CN1CCC[C@@H](n2nc(-c3ccc(Oc4ccc(F)cc4F)cc3)c(C(N)=O)c2N)C1,0,0.69003767
C=CC(=O)N1CCC([C@@H]2CCNc3c(C(N)=O)c(-c4cc(OC)c(Br)c(OC)c4)nn32)CC1,0,0.549217
C=CC(=O)N1CCC(C2CCNc3c(C(N)=O)c(-c4cc(OC)c(Br)c(OC)c4)nn32)CC1,0,0.549217
CNC(=O)c1c([Se][Se]c2[nH]c3ccccc3c2C(=O)NC)[nH]c2ccccc12,0,0.03909903
Cc1cccc(Nc2ncnc3cnc(N(C)C)cc23)c1,1,0.6172398
CC(C)n1nc(-c2cccc(NS(C)(=O)=O)c2)c2c(N)ncnc21,0,0.5249513
CN(C)C/C=C/C(=O)N1CC[C@H](C1)N2C3=NC=NC(=C3C(=N2)C(=O)NC4=NC5=C(O4)C=CC(=C5)C(F)(F)F)N,1,0.53994554
C1=CC=C(C=C1)NC(=O)C2=CC3=CC(=C(C=C3C=N2)O)O,0,0.20224948
CC1=C2C=NN(C2=CC(=N1)C3=C(C=CN=C3)OC)C4=NC(=C5C(=C4)N(C(=N5)N6C[C@@H]7C[C@H]6CN7CCOC)C)C8CC8,1,0.5667465
Nc1cc2c(Nc3cccc(Br)c3)ncnc2cn1,1,0.62555176
Nc1ncnc2c1c(-c1ccc(Cl)c(O)c1)nn2CCC1CCCNC1,0,0.70533633
CCN(CC)CCCNC(=O)/C=C/C(=O)NC1=NC=C2C(=C1)C(=NC=N2)NC3=CC(=CC=C3)Br,1,0.5294255
CCCC1=C2C(=C(N(C2=CC(=N1)N3C4=CC(=NC(=C4C=N3)C)C5=C(C=CN=C5)OC)C)C(=O)N6CCNCC6)C,1,0.7900321
Cc1cc(C)c(O)c(CN(Cc2ccc(F)cc2)C(=S)Nc2ccccc2)c1,0,0.0518002
O=c1c(-c2ccc(O)cc2)coc2cc(O)cc(O)c12,0,0.051834814
COC1=CC=CC=C1C(=O)NC2(CC2)C3=CC=C(C=C3)C4=NN(C5=NC=NC(=C45)N)C6CCCC6,0,0.4759907
CCCC1=C2C(=CC(=N1)N3C4=CC(=NC(=C4C=N3)C)C5=C(C=CN=C5)OC)N(C(=N2)C6CCN(CC6)C)C,1,0.6065652
CN(CC(=O)O)c1cc2c(Nc3cccc(Br)c3)ncnc2cn1,1,0.31128934
COc1cc(/C=C2\CCC/C(=C\c3ccccc3OC)C2=O)cc(OC)c1,0,0.024057174
CC(=C)C(=O)NC1=NC=C2C(=C1)C(=NC=N2)NC3=CC(=CC=C3)Br,1,0.21520533
C=C/C=C/C(=O)NC1=NC=C2C(=C1)C(=NC=N2)NC3=CC(=CC=C3)Br,1,0.21754521
C=CS(=O)C1=NC=C2C(=C1)C(=NC=N2)NC3=CC(=CC=C3)Br,1,0.53211135
CCN(CC)CCOC1=C(C=C2C(=C1)N=CN=C2NC3=CC=C(C=C3)NC(=O)NC4=C(C=C(C=C4)F)F)OC,0,0.7124297
CC(=O)OC(Cc1c(SSc2[nH]c3ccccc3c2CC(OC(C)=O)C(=O)NCc2ccccc2)[nH]c2ccccc12)C(=O)NCc1ccccc1,0,0.17856024
CN(C)C/C=C/C(=O)Nc1cc2c(Nc3ccc(F)c(Cl)c3)ncnc2cc1O[C@@H]1CCOC1,0,0.8111938
CC(C)n1nc(-c2ccc(C#N)nc2)c2c(N)ncnc21,0,0.37586725
C[C@H](C1=CC=CC=C1)NC2=C3C=C(C=CC3=NC=C2C#N)C4=CN=C(N=C4)N,1,0.2374739
CC(C1=CC=CC=C1)NC2=C3C=C(C=CC3=NC=C2C#N)C4=CN=C(N=C4)N,1,0.2374739
COc1cc(OC)c2c(=O)c(-c3cccc(Cl)c3)coc2c1,0,0.080367655
C1=CC=C(C=C1)C2=CC3=C(N=CN=C3N2)C4=CN(N=C4C5=CC=C(C=C5)F)CCCO,1,0.41587496
C1=CC(=C(C=C1/C=C(/C(=O)NCCCCCCCCCCNC(=O)/C(=C/C2=CC(=C(C=C2)O)O)/C#N)\C#N)O)O,0,0.9742355
C1CC(CN(C1)C(=O)/C=C/C(F)F)N2C(=C(C(=N2)C3=CC=C(C=C3)OC4=CC=CC(=N4)C(F)(F)F)C(=O)N)N,0,0.19298737
COC1=CC=C(C=C1)C2CC(=NN2C3=NC(=CS3)C4=CC=CC=C4)C5=CC=C(C=C5)OC,0,0.36134836
CNC1=NC=C2C=C(C(=O)N(C2=N1)C)C3=C(C=CC=C3Cl)Cl,0,0.7240771
COCCN1CCC(CC1)OC2=C(C=C3C(=C2)C(=NC=N3)NC4=C(C(=CC=C4)Cl)F)OC,1,0.20104058
COc1cc(/C=C2\CCC/C(=C\c3ccc(Br)cc3)C2=O)cc(OC)c1,0,0.041529875
c1ccc2sc(-c3ccc(Nc4ncnc5[nH]cnc45)cc3)nc2c1,0,0.2912924
CC(C)N1C2=NC=NC(=C2C(=N1)C3=CC(=C(C=C3)O)F)N,0,0.37786603
CN(C)c1ccc2sc3c(Nc4cccc(Br)c4)ncnc3c2c1,1,0.19425026
COc1cc2ncnc(Nc3ccc(NC(=O)Nc4cccc(Br)c4)cc3)c2cc1OC,0,0.1553787
C1CC(C1)N2C3=NC=NC(=C3C(=N2)C4=CC(=C(C=C4)Cl)O)N,0,0.71955854
CC1=CC(=CC(=C1)COC(=O)C2=C(C=CC(=C2)NCC3=C(C=CC(=C3)O)O)O)C,0,0.6408382
COC1=CC=C(C=C1)C2=NN(C(C2)C3=CC=C(C=C3)Br)C4=NC(=CS4)C5=CC=C(C=C5)Cl,0,0.067895226
C=CC(=O)NC1=NC2=C(C=C1CCCCN3CCOCC3)N=CN=C2NC4=CC(=C(C=C4)F)Cl,1,0.38080564
CN1CCN(CCC#CC(=O)Nc2cc3c(Nc4ccc(F)c(Cl)c4)ncnc3cn2)CC1,1,0.7159581
CCN(CC)CCOC1=C(C=C2C(=C1)N=CN=C2NC3=CC=C(C=C3)NC(=O)NC4=CC=CC=C4)OC,0,0.64177024
COC1=CC=C(C=C1)C2=NN(C(C2)C3=CC=C(C=C3)O)C4=NC(=CS4)C5=CC=C(C=C5)Cl,0,0.3343382
CC1=C2C=NN(C2=CC(=N1)C3=C(C=CN=C3)OC)C4=NC(=C5C(=C4)N(C(=N5)N6CCN(CC6)C)C)N7CCCCC7,1,0.45943648
COc1cc2ncnc(Nc3ccc(OCc4cccc(F)c4)c(Cl)c3)c2cc1OCCCCCCn1ccnc1[N+](=O)[O-],1,0.14167039
CC1=CC=C2N1N=CN=C2NC3=CC(=C(C=C3)F)Cl,0,0.107499585
CC(C)n1nc(-c2ccc(F)c(C#N)c2)c2c(N)ncnc21,0,0.6775893
C1=CC(=CC(=C1)Br)NC2=NC=NC3=C2C=C(N=C3)CC(=O)/C=C\Cl,1,0.504713
NNC(=O)/C=C1/Nc2ccc(Br)cc2NC1=O,0,0.02247161
C=CC(=O)Nc1cccc(-n2c(=O)c(=O)n(CCC)c3cnc(Nc4ccc(N5CCN(C)CC5)cc4OC)nc32)c1,1,0.15527937
COC[C@H](C1=CC=CC=C1)NC2=C3C=C(OC3=NC=N2)C4=CC=C(C=C4)OC,1,0.14038764
CC#CC(=O)N1CCc2c(sc3ncnc(N[C@H](CO)c4ccccc4)c23)C1,0,0.1912083
CN1C=C(C=N1)C2=NC=CC(=C2)C(=O)NC3=NC4=CC=CC=C4N3C5CCC(CC5)O,1,0.79605865
CC1=CC(=C2C(=NN(C2=N1)C3=CC=CC=C3)C)OCC(=O)N/N=C/C4=CC=C(C=C4)OC,0,0.22995569
COC1=C(C=C2C(=C1)N=CN=C2NC3=CC(=C(C=C3)Cl)Cl)OCCCN4CCOCC4,1,0.6150277
CC(C1=CC=C(C=C1)F)C(=O)NC2=NC=CC(=C2)C3=C(C4=C(N3)C(=CN(C4=O)C)CC(F)(F)F)C5=CC=CC=C5,0,0.20783475
Cc1ccc(SCC(CN(C)C)C(=O)c2ccc(OCc3ccccc3)cc2)cc1C.Cl,0,0.2827577
COC1=C(C=C2C(=C1)N=CN=C2NC3=C(C=CC(=C3)Cl)F)OC4CCN(CC4)S(=O)(=O)C,1,0.19145891
CN(C)CCCNc1cc2c(Nc3cccc(Br)c3)ncnc2cn1,1,0.55471414
COC1=C(C=C2C(=C1)N=CN=C2NC3=CC=CC(=C3)C#C)OCCCN4CCOCC4,1,0.23910095
Cc1oc2cc(O)cc(O)c2c(=O)c1-c1ccc(O)cc1,1,0.16359212
CC(C)n1nc(-c2cccc(S(N)(=O)=O)c2)c2c(N)ncnc21,0,0.6775893
CN1C(=C(C=N1)C2=NC=CC(=C2)C(=O)NC3=NC4=CC=CC=C4N3C5CCC(CC5)O)Cl,1,0.8191047
C1=CC=C(C=C1)CNC(=O)C2=NC=C3C(=C2)C=CC(=C3O)O,0,0.1695549
C1=CC=C2C(=C1)C(=C(N2)SSC3=C(C4=CC=CC=C4N3)CCC(=O)NCC5=CC=C(C=C5)C(=O)O)CCC(=O)NCC6=CC=C(C=C6)C(=O)O,0,0.4737467
Nc1ncnc2c1c(-c1cccc(O)c1)cn2C1CCN(CCO)CC1,0,0.23319758
CC(C)(C)N1C2=NC=NC(=C2C(=N1)C3=CC(=C(C=C3)OC)OC)N,0,0.17627062
COC1=CC=C(C=C1)NC2=NC=C3C(=N2)N(C(=O)C(=N3)OC4=CC=CC=C4)C5=CC=CC(=C5)NC(=O)C=C,1,0.27571177
COC(=O)c1ccc(CNC(=O)CCc2c(SSc3[nH]c4ccccc4c3CCC(=O)NCc3ccc(C(=O)OC)c(O)c3)[nH]c3ccccc23)cc1O,0,0.21455492
CC(C)(CCN1C2=CC=CC=C2N=C1NC(=O)C3=CC(=NC=C3)C4=CN(N=C4)C)O,1,0.26744643
COC1=C(C=CC(=C1)N2CCOCC2)NC3=NC=C(C(=N3)NC4=CC(=CC=C4)NC(=O)C=C)Cl,1,0.6335178
CC1=C(N(C2=CC(=NC(=C12)C(C)C)N3C4=CC(=NC(=C4C=N3)C)C5=C(C=CN=C5)OC)C)C(=O)N6CCN(CC6)C(=O)C,1,0.8286059
C1COCCN1CCCNC2=NC=C3C(=C2)N=CN=C3NC4=CC(=CC=C4)Br,1,0.6442053
C1=CC(=CC(=C1)NC(=O)C2=C(C=CC(=C2)NC(=O)CCCCCC(=O)NO)O)C(F)(F)F,0,0.1690391
C1=CC=C2C(=C1)NC(=N2)CC3=NN=C(O3)C4=C(C=C(C=C4)Cl)Cl,0,0.06733878
CC1=C(C=C(C=C1)C2=NN(C(C2)C3=CC=C(C=C3)Br)C4=NC(=CS4)C5=CC=CC=C5)C,0,0.11029089
C=CC(=O)Nc1cc(Nc2ncc(Cl)c(-c3cnn4ccccc34)n2)c(OC)cc1N1CCN(C(=O)[C@H](C)N)CC1,0,0.17265555
C=CC(=O)NC1=C(C=C2C(=N1)C(=NC=N2)NC3=CC(=C(C=C3)F)Cl)OCCCN4CCOCC4,1,0.7609065
COC1=CC=CC=C1C(=O)NCC2=CC=C(C=C2)C3=NN(C4=NC=NC(=C34)N)C5CCCO5,0,0.38032135
COC1=C(C=CC(=C1)N2CCOCC2)NC3=NC=C(C(=N3)NC4=CC(=CC=C4)NC(=O)C=C)C(F)(F)F,1,0.79221255
C1=CC(=C(C=C1NC(=O)CCCCCC(=O)NO)C(=O)NC2=CC(=C(C=C2)F)Cl)O,0,0.25665605
COCCOC1=CC=C(C=C1)NC2=NC=C3C(=N2)N(C(=O)C(=N3)C4=CC=CC=C4Cl)C5=CC=CC(=C5)NC(=O)C=C,1,0.4288551
CN1CCC2=C(C1=O)C(=C(N2)C3=CC(=NC=C3)NC(=O)CC4=CC=CC=N4)NC5=CC=CC=C5,0,0.84840316
COc1cc(/C=C2\SC(=N)NC2=O)ccc1OCCCOc1cc(C)cc(C)c1,0,0.022360303
COc1cc2c(Nc3cccc(Br)c3)ncnc2cc1OCCCCCCn1ccnc1[N+](=O)[O-],1,0.69073343
CSCc1oc2cc(O)cc(O)c2c(=O)c1-c1ccc(O)cc1,1,0.1628335
CCOC1=CC(=CC(=C1O)CSC2=CC=CC(=C2)OC)/C=C(\C#N)/C(=O)N,0,0.24263005
CC(C)(CN1C2=C(C=C(C=C2)CC(=O)OC)N=C1NC(=O)C3=CC(=NC=C3)C4=CN(N=C4)C)O,1,0.68804234
CC1=CC=CC=C1C2=NN=C(O2)SCC3=CC=CC=C3,0,0.10827868
CCN(CC)CCCNC(=O)/C=C/C(=O)CC1=CC2=C(C=N1)N=CN=C2NC3=CC(=CC=C3)Br,1,0.71076155
COc1cc2cccc(Oc3ccc(NC(=O)C4(C(=O)Nc5ccc(F)cc5)CC4)cc3)c2cc1OC,0,0.07333254
O=C(Nc1ccccc1)N(Cc1ccc(F)cc1)Cc1cc(Br)cc(Br)c1O,0,0.17030461
CC(CN1C2=NC=NC(=C2C(=N1)C3=CC=C(C=C3)CNC(=O)C4=CC=CC=C4OC)N)O,0,0.8324554
COc1cc2ncnc(Nc3ccc(F)c(Cl)c3)c2cc1OCCCN1CCOCC1,1,0.7405352
O=C(/C=C/c1ccc(O)c(O)c1)c1ccc(O[C@@H]2O[C@H](CO)[C@@H](O)[C@H](O)[C@H]2O)c(O)c1O,0,0.054320794
Nc1ncnc2ncn(CC(=O)c3c[nH]c4ccccc34)c12,0,0.11202093
C#Cc1cccc(Nc2ncnc3ccc(S(=O)(=O)n4ccc(/C=C/C(=O)NO)c4)cc23)c1,0,0.45984426
COC1=C(C=C2C(=C1)N=CN=C2NC3=CC=CC(=C3)C#C)OCCCCCN=C(NC#N)NC4=CC=NC=C4,1,0.57563716
CC1(C)C(=O)N([C@H]2CCc3c(O)cccc32)c2nc(Nc3ccccc3)ncc21,0,0.051898126
C1=CC(=CC(=C1)F)COC2=C(C=C(C=C2)NC(=O)C3=C(C=CC(=C3)NC(=O)CCCCCC(=O)NO)O)Cl,0,0.25930956
C[C@H](C1=CC=CC=C1)NC2=C3C=C(OC3=NC=N2)C4=CC(=CC=C4)O,1,0.46480855
CC(C)(CN1C2=C(C=CC(=C2)CN3CCN(CC3)C)N=C1NC(=O)C4=CC(=C5C(=C4)C=CS5)OC6=CC=CC(=C6C=O)O)O,1,0.40053058
Cc1cccc(Nc2ncnc3cnc(N(C)C)nc23)c1,1,0.5043486
Cc1ncnc(Nc2ccc(OCc3cccc(F)c3)c(Cl)c2)c1C#CCCCN1CCCC1,1,0.8439982
COc1cc(Nc2c(C#N)cnc3cc(/C=C/CCN4CCN(C)CC4)c(OC)cc23)c(Cl)cc1Cl,0,0.21280769
CC1=CC=C(C=C1)C2CC(=NN2C3=NC(=CS3)C4=CC=CC=C4)C5=CC=C(C=C5)OC,0,0.18563323
N#CCCCn1nc(-c2ccc(F)c(O)c2)c2c(N)ncnc21,0,0.109726965
CC(C)CN1C2=CC=CC=C2N=C1NC(=O)C3=CC(=NC=C3)C4=CN(N=C4)C,1,0.23762275
N#Cc1cnc2ccc(-c3ccc(CN)cc3)cc2c1N[C@@H]1C[C@H]1c1ccccc1,0,0.45000902
CCN(CC)CCNC(=O)C1=C(N(C2=CC=CC=C21)C)[Se][Se]C3=C(C4=CC=CC=C4N3C)C(=O)NCCN(CC)CC,0,0.035679
C=CC(=O)N1CCc2c(sc3ncnc(N[C@@H](CO)c4ccccc4)c23)C1,0,0.71342415
CN1C=NC2=C1C=C3C(=C2)C(=NC=N3)NC4=CC(=CC=C4)Br,1,0.20071544
CC1=CC(=CC=C1)NC2=NC=NC3=CC(=NC=C32)NCCCN4CCOCC4,1,0.6707967
C=CC(=O)NC1=NC2=C(C=C1CCCCN3CCOCC3)N=CN=C2CC4=CC(=C(C=C4)F)Cl,1,0.5723383
CC1=C(C=C(C=C1)C2=NN(C(C2)C3=CC=C(C=C3)OC)C4=NC(=CS4)C5=CC=CC=C5)C,0,0.16275616
C1=CC=C2C(=C1)C=C(N2)C(=O)C3=CC4=C(N=CN=C4S3)NC5=CC(=CC=C5)Cl,1,0.1417202
CC1=C(C=CC(=C1)NC2=NC=NC3=C2C(=C(C=C3)OC)N4CC5(C4)C[C@@H](CCN5C)F)OC6=CC7=NC=NN7C=N6,0,0.60300523
Cc1ccc(-n2cc3c(-c4c(C)[nH]c(-c5ccccc5)c4-c4ccccc4)nnc(C)c3n2)cc1,0,0.14323804
C1CNCC1CN2C3=NC=NC(=C3C(=N2)C4=CC(=C(C=C4)Cl)O)N,0,0.13782634
CCC(C)N1C2=NC=NC(=C2C(=N1)C3=CC(=C(C=C3)C)O)N,0,0.20404634
C=CC(=O)Nc1cccc(-n2c(=O)c(=O)n(C(C)C)c3cnc(Nc4ccc(N5CCN(C)CC5)c(C)c4)nc32)c1,1,0.40636268
C=CC(=O)N1CCCC(C1)N2C(=C(C(=N2)C3=CC=C(C=C3)OC4=C(C=C(C=N4)Cl)F)C(=O)N)N,1,0.6847067
CCOC1=CC(=CC(=C1O)CSC2=CC=C(C=C2)O)/C=C(\C#N)/C(=O)N,0,0.19823085
COC1=C(C=C(C=C1)NC(=O)CCCCCC(=O)NO)C(=O)NC2=CC=CC(=C2)C#C,0,0.13578016
CC(C)n1nc(-c2cccc(C#N)c2)c2c(N)ncnc21,0,0.7623242
O=C(Nn1c(-c2ccc(Br)cc2)cs/c1=N\c1ccc([N+](=O)[O-])cc1)c1ccc(Cl)cc1,0,0.26005763
OCCN(CCO)CCCNc1cc2c(Nc3cccc(Br)c3)ncnc2cn1,1,0.5445579
C1C[C@H](CN(C1)C#N)N2C(=C(C(=N2)C3=CC=C(C=C3)OC4=CC=C(C=C4)Cl)C(=O)N)N,0,0.8438231
CC1=C(N(C2=CC(=NC(=C12)C3CC3)N4C5=CC(=NC(=C5C=N4)C)C6=C(C=CN=C6)OC)C)C(=O)N7CCN(CC7)C,1,0.9203944
O=C(Nc1ccccc1)N(Cc1ccc(O)cc1)Cc1cc(Br)cc(Br)c1O,0,0.20919518
CC1=CC(=CC=C1)NC2=NC=NC3=CC(=NC=C32)NCCC4=CN=CN4,1,0.42682794
COc1cc(C2=C(c3c[nH]c4ccccc34)CNC2=O)cc(OC)c1OC,0,0.16929175
COc1cc(/C=C2\CCC/C(=C\c3ccc(Cl)cc3)C2=O)cc(OC)c1,0,0.040944334
CCCC1=C2C(=C(N(C2=CC(=N1)N3C4=CC(=NC(=C4C=N3)C)C5=C(C=CN=C5)OC)C)C(=O)N6CCN(CC6)C)C,1,0.8039538
CN(C)C/C=C/C(=O)Nc1cc2c(Nc3ccc(OCc4ccccn4)c(Cl)c3)ncnc2cc1O[C@H]1CCOC1,1,0.66424185
COC1=CC=C(C=C1)C2CC(=NN2C3=NC(=CS3)C4=CC=C(C=C4)Cl)C5=CC=C(C=C5)OC,0,0.34923348
CC1=C(C=C(C=C1)C2=NN(C(C2)C3=CC=C(C=C3)Cl)C4=NC(=CS4)C5=CC=CC=C5)C,0,0.39319018
COc1ccccc1C(=Cc1coc2nc(=N)[nH]c(N)c12)C(C)C,0,0.034355268
C[C@H](C1=CC=CC=C1)NC2=C3C=C(OC3=NC=N2)C4=CC=CC=C4O,1,0.46977276
CC1=C(C=C(C=C1)C(=O)NC23CC4CC(C2)CC(C4)C3)NC5=NC=NC6=CC(=C(C=C65)OCCCN7CCOCC7)OC,1,0.6846577
C1=CC(=CC(=C1)Cl)C2=CNC3=C(C2=O)C(=CC(=C3)O)O,1,0.03718448
C=CC(=O)N1CCC(C2CCNc3c(C(N)=O)c(-c4cc(OC)c(C)c(OC)c4)nn32)CC1,0,0.6709021
CC(C)(C)OCN1C=C(C2=CC=CC=C21)C3=C(C(=O)NC3)C4=CC(=C(C(=C4)OC)OC)OC,0,0.084885426
CC(C)n1nc(-c2cccnc2)c2c(N)ncnc21,0,0.31395388
COc1cc2c(Nc3cccc(Br)c3)ncnc2cc1OCCCCn1ccnc1[N+](=O)[O-],1,0.77420264
Cc1ccc(C2=NN(c3ccccc3)C(c3ccc(OC4CCCC4)cc3)C2)cc1,0,0.29140577
O=C(NO)c1ccc(-c2ccc3ncnc(Nc4ccc(OCc5cccc(F)c5)c(Cl)c4)c3c2)o1,1,0.6609772
CC(C)n1nc(-c2ccc(S(N)(=O)=O)cc2)c2c(N)ncnc21,0,0.3419993
CN1C=C(C=N1)C2=CC(=CC(=N2)C#C)C(=O)NC3=NC4=CC=CC=C4N3C5CCC(CC5)O,1,0.24672028
Cc1cccc(/C=C2/SC(N3CCC[C@H]3C(=O)Nc3ccc4ncnc(Nc5cccc(Cl)c5)c4c3)=NC2=O)n1,0,0.47037977
C1CCN(CC1)S(=O)(=O)C2=CC=C(C=C2)N=CC3=C(C=CC(=C3)Br)O,0,0.023651076
C#CC1=CC(=CC=C1)NC(=O)C2=C(C=CC(=C2)NC(=O)CCCCCC(=O)NO)O,0,0.33097646
CC1=C2C=NN(C2=CC(=N1)C3=C(C=CN=C3)OC)C4=NC(=C5C(=C4)N(C(=N5)C(=O)N(C)C)C)N6CCOCC6,1,0.7517495
CC1=CC(=CC=C1)NC2=NC=NC3=CN=C(C=C32)NC(=O)C=C,1,0.5483045
CCOc1cc2ncc(C#N)c(Nc3ccc(F)c(Cl)c3)c2cc1NC(=O)/C=C/c1cn(CCF)nn1,1,0.7042181
Cc1ccc(-c2n[nH]c3ncnc(N)c23)cc1O,0,0.10287041
COc1cc2c(cc1OC)Sc1nc(C)nc(Nc3ccc4[nH]cnc4c3)c1NC2,0,0.33266363
CC(C)N1C2=NC=NC(=C2C(=N1)C3=C(C(=CC=C3)OC)OC)N,0,0.09152803
O=C(/C=C/CN1C2CCC1CC2)N1CCc2c(sc3ncnc(Nc4ccc(F)c(Cl)c4)c23)C1,1,0.20060673
C1C(N(N=C1C2=CC=C(C=C2)Br)C3=NC(=CS3)C4=CC=CC=C4)C5=CC=C(C=C5)Br,0,0.27332693
O=C(NCc1ccccc1)C(O)Cc1c(SSc2[nH]c3ccccc3c2CC(O)C(=O)NCc2ccccc2)[nH]c2ccccc12,0,0.57887393
COC1=C(C=C2C(=C1)N=CN=C2N(C3=CC(=C(C=C3)F)Cl)C(=O)C=C)OCCCN4CCOCC4,0,0.568625
CC(C1=CC=C(C=C1)F)C(=O)NC2=NC=CC(=C2)C3=C(C4=C(N3)C=CN(C4=O)C)C5=CC=C(C=C5)F,0,0.19557188
CS(=O)(=O)CCNCc1ccc(-c2ccc3ncnc(Nc4ccc(OCc5cccc(C(F)(F)F)c5)cc4)c3c2)o1,1,0.6195288
C1=CC(=CC(=C1)Br)NC2=NC=NC3=C2C=C(C=C3)NC(=S)NC4=CC=C(C=C4)S(=O)(=O)NC5=NC=CS5,1,0.25958335
Fc1ccc(Nc2ncnc3ccc(C#Cc4ccccc4)cc23)cc1Cl,0,0.45836493
OC[C@@H](Nc1ncnc2oc(-c3ccccc3)c(Cl)c12)c1ccccc1,1,0.3092241
C=CC(=O)Nc1cc2c(Nc3ccc(Br)cc3F)ncnc2cc1OCCNC(=O)N1CCNCC1,1,0.7496883
C1=CC=C(C=C1)C2=NC3=CC=CC=C3C(=O)N2NC(=O)C4=CC=C(C=C4)Br,0,0.16427502
C=CC(=O)N1CC(C1)N2C3=NC=NC(=C3C(=N2)C(=O)NC4=NC5=C(O4)C=CC(=C5)F)N,1,0.71126884
C1CC(CN(C1)C(=O)/C=C/CF)N2C(=C(C(=N2)C3=CC=C(C=C3)OC4=C(C=C(C=N4)Cl)F)C(=O)N)N,0,0.62282526
C1=CC(=CC=C1C2=NN=C(O2)CC3=NC4=C(N3)C=C(C=C4)Cl)Cl,0,0.04889929
Oc1ccc(CN(Cc2cc(Cl)cc(Cl)c2O)C(=S)Nc2ccccc2)cc1,0,0.29852825
CN(CCO)CCNc1cc2c(Nc3cccc(Br)c3)ncnc2cn1,1,0.17809488
CCCC1=C2C(=C(N(C2=CC(=N1)N3C4=CC(=NC(=C4C=N3)C)C5=CNC=CC5=O)C)C(=O)N6CCN(CC6)CC)C,1,0.49743047
Cn1c(-c2csc(N/N=C\c3ccc(F)cc3)n2)nc2ccccc21,0,0.18125862
CN(C)C/C=C/C(=O)N1CCC[C@H](C1)N2C(=C(C(=N2)C3=CC=C(C=C3)OC4=C(C=C(C=C4)F)F)C(=O)N)N,0,0.4119762
C1=CN2C(=C1)C(=NC=N2)NC3=CC(=C(C=C3)F)Cl,0,0.24349312
CS(=O)(=O)CCNCc1ccc(-c2ccc3ncnc(Nc4ccc(OCc5cccc(F)c5)c(Cl)c4)c3c2)o1,1,0.46300194
CC1=C2C=NN(C2=CC(=N1)C3=C(C=CN=C3)OC)C4=NC(=C5C(=C4)N(C(=N5)N6CCC(CC6)N7CCC(C7)(F)F)C)N8C[C@H]9C[C@@H]8CO9,1,0.864782
C=C=CC(=O)Nc1cc(Nc2nccc(-c3cnn4ccccc34)n2)c(OC)cc1N(C)CCN(C)C,0,0.5373451
CN(C)[C@@H](CS(C)(=O)=O)c1ccc(-c2ccc3ncnc(Nc4ccc(OCc5cccc(F)c5)c(Cl)c4)c3c2)o1,1,0.51887316
CC1=C2C=NN(C2=CC(=N1)C3=C(C=CN=C3)OC)C4=NC(=C5C(=C4)N(C(=N5)N6CC7(C6)CCOC7)C)N8C[C@H]9C[C@@H]8CO9,1,0.9145775
O=C(Nc1ccc(Br)cc1)c1ccc(N(CCCl)CCCl)cc1,0,0.18516198
CN1C(=O)C2=C(NC1=O)N=C(N2)SC/C(=N/O)/C3=CC=C(C=C3)Cl,0,0.16806293
CC(C)N(C)C/C=C/C(=O)N1CC[C@H](C1)N2C3=NC=NC(=C3C(=N2)C(=O)NC4=NC5=C(O4)C=CC(=C5)Cl)N,1,0.5209234
CC1=C(SC=N1)C2=CC=C(C=C2)[C@H](C)NC(=O)[C@H]3C[C@@H](CN3C(=O)[C@H](C(C)(C)C)NC(=O)COCCOCCOCCOCCOCCOCC#CC4=CC=CC5=C4C(=O)N(C5)[C@H](C6=C(C=CC(=C6)F)O)C(=O)NC7=NC=CS7)O,0,0.93892
C1=CC=C(C=C1)COC(=O)C2=C(C=CC(=C2)NCC3=C(C=CC(=C3)O)O)O,0,0.39318183
C[C@H](C1=CC=CC=C1)NC2=C3C=C(OC3=NC=N2)C4=CC=C(C=C4)C#N,1,0.43550652
CC1=C(C=C(C=C1)C2=NN(C3=NC=NC(=C23)N)C(C)C)O,0,0.35059246
C[C@H](C1=CC=CC=C1)NC2=C3C=C(OC3=NC=N2)C4=CC=C(C=C4)C=C,1,0.15525965
CC1=C(C=C(C=C1)C2=NN(C(C2)C3=CC=C(C=C3)Br)C4=NC(=CS4)C5=CC=C(C=C5)Cl)C,0,0.16843396
Cn1c(-c2csc(N/N=C\c3ccc(Br)cc3)n2)nc2ccccc21,0,0.18125862
COc1cc2c(cc1OC)Nc1ncnc(Oc3ccc(NC(=O)C4(C(=O)Nc5ccc(F)cc5)CC4)cc3F)c1NC2,0,0.5420946
Brc1cccc(Nc2ncnc3cnccc23)c1,1,0.73900443
O=C(CSc1nc2ccccc2c(=O)n1Cc1ccc2c(c1)OCO2)Nc1ccc(I)cc1,0,0.19284962
CC(C)N1C2=NC=NC(=C2C(=N1)C3=CC(=C(C=C3)O)OC)N,0,0.41361493
CN(C)CCN1C=NC2=C1C=C3C(=C2)C(=NC=N3)NC4=CC(=CC=C4)Br,1,0.72459394
CC(=CC(=O)N1CC[C@H](C1)N2C3=NC=NC(=C3C(=N2)C(=O)NC4=NC5=C(O4)C=CC(=C5)Cl)N)C,1,0.7728926
COC[C@@H]1CCCN1CC#CC(=O)NC2=CC3=C(C(=CN=C3C=C2)C#N)NC4=CC(=CC=C4)Br,0,0.4684305
COCC1CCCN1CC#CC(=O)Nc1ccc2ncc(C#N)c(Nc3cccc(Br)c3)c2c1,0,0.4684305
CS(=O)C1=CC=C(C=C1)C2=NC(=C(N2)C3=CC=NC=C3)C4=CC=C(C=C4)F,0,0.03157548
CC1=CC(=CC(=N1)C2=CN(N=C2)C)C(=O)NC3=NC4=CC=CC=C4N3[C@H]5CCC[C@@H](C5)O,1,0.84418803
NC(=O)CN1CCC(n2cc(-c3cccc(O)c3)c3c(N)ncnc32)CC1,0,0.69512206
Cl.O=[N+]([O-])c1ccc2sc3c(Nc4cccc(C(F)(F)F)c4)ncnc3c2c1,0,0.13049266
COc1cc(Nc2ncnc3ccc(-c4ccc(CNCCS(C)(=O)=O)o4)cc23)ccc1OCc1cccc(F)c1,1,0.2618943
COc1cc2ncnc(Oc3ccc(NC(=O)Nc4cccc(C(F)(F)F)c4)c4ccccc34)c2cc1OC,0,0.16274627
O=C(CSc1nc2ccccc2c(=O)n1Cc1ccc2c(c1)OCO2)Nc1ccccc1F,0,0.06752549
CN1CCN(CC1)CCCNC2=NC3=NC(=C(C=C3C=N2)C4=C(C=CC=C4Cl)Cl)NC(=O)NC5CCCCC5,0,0.4571869
CC1=C(SC=N1)C2=CC(=C(C=C2)CNC(=O)[C@@H]3C[C@H](CN3C(=O)[C@H](C(C)C)N4CC5=CC=CC=C5C4=O)O)OCCN6CCN(CC6)CC7=CC=C(C=C7)C8=CC9=C(N8)N=CN=C9NCC1=CC=CC=C1Cl,1,0.36772484
CN1C(=O)C2=C(NC1=O)N=C(N2)SC/C(=N/O)/C3=CC=C(C=C3)OC,0,0.122030206
C1OC2=C(O1)C=C(C=C2)CNC3=CC4=C(C=C3)N=CN=C4NC5=CC(=CC=C5)Cl,0,0.81313753
COC1=CC2=C(C(=C1)O)C(=O)C(=CN2CC(=O)OC)C3=CC(=CC=C3)Cl,0,0.1022368
COCCN1CCC(CC1)OC2=C(C=C3C(=C2)C(=NC=N3)NC4=C(C=CC(=C4)Cl)F)OC,1,0.43643442
COc1cc(Nc2ncnc3[nH]ccc23)ccc1-c1nc2ccccc2s1,0,0.3135183
COc1ccccc1-c1cc2c(NCc3cccnc3)ncnc2s1,0,0.542125
Cl.O=[N+]([O-])c1cccc2c1sc1c(Nc3cccc(Br)c3)ncnc12,0,0.19061407
CCN1CCN(C(=O)/C(F)=C/c2c(C)ncnc2Nc2ccc(OCc3cccc(F)c3)c(Cl)c2)CC1,1,0.44293034
C/C=C/C(=O)N1CC[C@H](C1)N2C3=NC=NC(=C3C(=N2)C(=O)NC4=NC5=C(O4)C=CC(=C5)Cl)N,1,0.633941
CC1=C(C=C(C=C1)C2=NN(C(C2)C3=CC=C(C=C3)OC)C4=NC(=CS4)C5=CC=C(C=C5)Cl)C,0,0.27436253
Nc1ccc(-c2cc3c(Nc4ccc(Oc5cccc(C(F)(F)F)c5)c(Cl)c4)ncnc3s2)cc1,1,0.12515731
CO/N=C/c1c(N)ncnc1Nc1ccc2[nH]c(Cc3cccc(F)c3)nc2c1,1,0.5396661
COC1=CC=CC=C1C(=O)NCC2=CC=C(C=C2)C3=NN(C4=NC=NC(=C34)N)C5CC6CC6C5,0,0.7288004
CCO.CNc1ccc2sc3c(Nc4cccc(Br)c4)ncnc3c2c1,1,0.35034332
COc1cc2ncnc(Nc3ccc(F)c(Cl)c3)c2cc1OCCN1CC2(C1)CS(=O)(=O)C2,1,0.6491917
CCC(C)N1C2=CC=CC=C2N=C1NC(=O)C3=CC(=NC=C3)C4=CN(N=C4)C,1,0.30481797
Brc1cccc(Nc2ncnc3ncccc23)c1,1,0.4540667
c1ccc(-c2c(-c3ccc(OCCN4CCCC4)cc3)oc3ncnc(NCCN4CCNCC4)c23)cc1,1,0.25487754
C1COCCN1C(=O)O[C@@H]2C[C@H](NC2)C#CC3=CC4=C(S3)C(=NC=N4)NC5=CC6=C(C=C5)N(N=C6)S(=O)(=O)C7=CC=CC(=C7)F,0,0.36217082
CCc1ccc2nc(Nc3cc(Cc4ccccc4)nc(N[C@H]4CC[C@H](O)CC4)n3)sc2c1,0,0.029900065
C1OC2=C(O1)C=C(C=C2)CNC3=CC4=C(C=C3)N=CN=C4NC5=CC(=CC=C5)Br,0,0.83399725
COC1=C(C=C2C(=C1)N=CN=C2NC3=C(C=CC(=C3)Cl)F)OCCCN4CCOCC4,1,0.8889602
CN(C)c1ccc(/C=N\Nc2nc(-c3nc4ccccc4n3C)cs2)cc1,0,0.082932
Fc1ccc2c(Nc3cccc(Br)c3)ncnc2n1,1,0.25621116
O=S(=O)(Nc1ccccn1)c1ccc(Nc2nncc3ccccc23)cc1,0,0.42277616
CC1=C(C=CC(=C1)O)C2=NN(C3=NC=NC(=C23)N)C(C)C,0,0.18720339
C1CC(=O)NC(=O)C1N2C(=O)C3=C(C2=O)C=C(C=C3)OCCOCCOCCN4CCN(CC4)CC5=CC=C(C=C5)C6=CC7=C(N6)N=CN=C7NCC8=CC=CC=C8Cl,1,0.64760184
NS(=O)(=O)c1ccc(NC(=O)c2ccccc2NC(=O)c2ccco2)cc1,0,0.042173687
OC[C@@H](Nc1ncnc2oc(-c3ccccc3)c(Br)c12)c1ccccc1,1,0.3092241
Fc1cccc(Cn2ncc3cc(Nc4ncnn5ccc(COC6CCNCC6)c45)ccc32)c1,0,0.4079695
C=CC(=O)Nc1cccc(Nc2nc(Nc3ccc(/C=C/c4cc(OC)cc(OC)c4)cc3)ncc2Cl)c1,1,0.18375391
CC1=CC=C(C=C1)C(=O)/C=C/C2=C(N=C3C=CC(=CC3=C2)OC)Cl,0,0.038852848
CC1=C(C=C(C=C1)C2=NN(C(C2)C3=CC=C(C=C3)O)C4=NC(=CS4)C5=CC=C(C=C5)Cl)C,0,0.23114736
CCC(=O)ON[C@H](CS(C)(=O)=O)c1ccc(-c2ccc3ncnc(Nc4ccc(OCc5cccc(F)c5)c(Cl)c4)c3c2)o1,1,0.6240759
CCN1CCN(CC(=O)Nc2cc(C)on2)CC1,0,0.36925265
O=C(CO)N1CCC[C@H]1COc1cccc2ncnc(Nc3ccc(OCc4ccccn4)c(Cl)c3)c12,1,0.84813243
COC1=CC2=C(C(=C1)O)C(=O)C(=CN2)C3=CC(=CC=C3)Cl,0,0.10020732
C1CCC(C1)N2C3=NC=NC(=C3C(=N2)C4=CC5=CC=CC=C5N=C4)N,0,0.21804096
COc1cc2c(Oc3ccc(NS(=O)(=O)c4ccccc4C(F)(F)F)cc3F)ccnc2cc1OCCCN1CCN(C)CC1,0,0.3885781
CCOc1cc2ncnc(Nc3cccc(-c4csc(N)n4)c3)c2cc1OCC,1,0.42069387
C=CC(=O)Nc1cc2c(Nc3ccc(F)c(Cl)c3)ncnc2cc1OCc1cn(-c2ccccc2)nn1,1,0.7349225
C1CNCCC1N2C=C(C=N2)C3=CC4=C(C=C3)N=CN=C4NC5=CC6=C(C=C5)N=CC=C6,1,0.39956945
CN1CCN(CC1)C2=CC=CC(=C2)NC3=NC=C4C(=N3)N(C(=O)C(=N4)C5CCCCC5)C6=CC=CC(=C6)NC(=O)C=C,1,0.5169112
CN1CCN(CC1)CCOC2=C(C=C3C(=C2)N=CN=C3NC4=C(C=C(C=C4)Cl)F)OC,1,0.6992959
CC(C)(N)c1cc(C(=O)N[C@@H]2CCc3ccc(Oc4ccnc5c4CCC(=O)N5)cc3C2)cc(C(F)(F)F)c1,0,0.19866663
C1COCCN1C(=O)O[C@@H]2C[C@H](NC2)C#CC3=CC4=C(S3)C(=NC=N4)NC5=CC6=C(C=C5)N(C=C6)S(=O)(=O)C7=CSC=C7,0,0.75403976
COc1ccccc1-c1cc2c(NCc3ccncc3)ncnc2s1,1,0.6096881
C=C(C(=O)N1CCC[C@H](C1)N2C(=C(C(=N2)C3=CC=C(C=C3)OC4=C(C=C(C=C4)F)F)C(=O)N)N)F,0,0.27140182
C=CC(=O)Nc1cccc(Oc2nc(Nc3ccc(N4CCN(CC(=O)OCCOCCOc5no[n+]([O-])c5S(=O)(=O)c5ccccc5)CC4)cc3OC)ncc2Cl)c1,1,0.76726025
CC(=O)N1CCOc2c1ccc1ncnc(Nc3cccc(Br)c3)c21,1,0.3116331
COc1ccc(/C=N\Nc2nc(-c3nc4ccccc4n3C)cs2)cc1,0,0.10851804
COC(=O)CN1CCC(n2cc(-c3cccc(O)c3)c3c(N)ncnc32)CC1,0,0.3569506
Nc1ccc2ncnc(Nc3ccc4ncccc4c3)c2c1,0,0.29647928
CS(=O)(=O)CCNCc1ccc(-c2ccc3ncnc(Nc4ccc(OCc5cccc(Br)c5)cc4)c3c2)o1,1,0.6671108
CC1=C(C=CC(=C1)NC2=NC=NC3=C2C(=C(C=C3)OCCF)N4CC(C4)N(C)C)OC5=CC6=NC=NN6C=N5,0,0.38862985
C1CC(C1)N2C3=NC=NC(=C3C(=N2)C4=CC(=C(C=C4)Br)O)N,0,0.5488692
CN(C)C(=O)CN1CCC(n2cc(-c3cccc(O)c3)c3c(N)ncnc32)CC1,0,0.51056355
O[C@H]1CC[C@H](Nc2ncc3nc(Nc4c(F)cc(F)cc4F)n([C@H]4CCOC4)c3n2)CC1,0,0.009254284
C1COC[C@H]1N2C3=NC(=NC=C3N=C2NC4=C(C=C(C=C4F)F)F)NC5CCC(CC5)O,0,0.009254284
C[C@H](C1=CC(=CC=C1)F)NC2=C3C=C(OC3=NC=N2)C4=CC=C(C=C4)OC,1,0.3196472
Nc1ccccc1NC(=O)/C=C/c1ccc(-c2ccc3ncnc(Nc4ccc(OCc5cccc(F)c5)c(Cl)c4)c3c2)o1,1,0.30799806
COC1=C(C=C2C(=C1)C(=NC=N2)NC3=CC=C(C=C3)NC(=O)C4=CC(=CC=C4)Cl)OCCN5CCCCC5,0,0.68033695
Cl.O=[N+]([O-])c1ccc2c(c1)sc1c(Nc3cccc(Br)c3)ncnc12,1,0.1968422
CC1=C(SC=N1)C2=CC(=C(C=C2)CNC(=O)[C@@H]3C[C@H](CN3C(=O)[C@H](C(C)C)N4CC5=CC=CC=C5C4=O)O)OCCOCCN6CCN(CC6)CC7=CC=C(C=C7)C8=CC9=C(N8)N=CN=C9NCC1=CC=CC=C1Cl,1,0.5691895
O=C(/C=C\c1ccc(OC(F)(F)F)cc1)c1ccc(Br)c2cc(-c3ccc(F)cc3)oc12,0,0.057540193
CCCN1C2=CC=CC=C2N=C1NC(=O)C3=CC(=NC=C3)C4=CN(N=C4)C,1,0.35404024
CC1=C(N(C2=CC(=NC(=C12)N3CCOCC3)N4C5=CC(=NC(=C5C=N4)C)C6=C(C=CN=C6)OC)C)C(=O)O,1,0.8167319
C=CC(=O)N(c1ccc(F)c(F)c1)c1ncnc2cc(OC)c(OCCCN3CCOCC3)cc12,0,0.5118998
C=CC(=O)Nc1cc(Nc2nccc(Nc3cn(C)c4ccccc34)n2)c(OC)cc1N(C)CCN(C)Cc1ccccc1,0,0.26554427
CCc1nnc2c(Nc3ccc(C(=O)/C=C/c4cc(OC)c(OC)c(OC)c4)cc3)nc3ccccc3n12,0,0.02026719
CC(C)(CN1C2=CC=CC=C2N=C1NC(=O)C3=CC(=NC=C3)C4=CC=CC(=C4)C5=C(C(=CC=C5)O)C=O)O,1,0.4019607
Cn1c(-c2csc(N/N=C\c3ccc(Cl)cc3Cl)n2)nc2ccccc21,0,0.04722348
C[C@@H]1C2=C(C=CC(=C2)F)C(=O)N(CC3=NN(C(=C3C4=CC(=C(N=C4)N)O1)C#N)C)C,0,0.13017392
CN(C)CCN(C)C1=CC(=C(C=C1)CC2=NC=C(C(=N2)C3=CN(C4=CC=CC=C43)CC5=C(C(=CC=C5)C=O)O)Cl)OC,0,0.1556256
C1=CC(=CC(=C1)NC2=NC=NC3=C2SC4=C3C=C(C=C4)N)C(F)(F)F,1,0.18975
Cc1cccc(CN(C)c2ncnc3[nH]c(-c4cccnc4)cc23)c1,0,0.6991533
C#CC1=CC(=CC=C1)NC(=O)C2=C(C=CC(=C2)OCCCCCCC(=O)NO)O,0,0.19822493
COC[C@@H]1CCCN1/N=C/C2=C(N=CN=C2NC3=CC4=C(C=C3)N(N=C4)CC5=CC(=CC=C5)F)N,1,0.52316976
COC[C@H]1CCCN1/N=C/C2=C(N=CN=C2NC3=CC4=C(C=C3)N(N=C4)CC5=CC(=CC=C5)F)N,1,0.52316976
CCC1=C2C(Nc3ccc4c(cnn4Cc4ccccc4)c3)=NC=NC2N=C1NC(=O)OCC1CCCNC1,0,0.65524495
CC(C)(CN1C2=C(C=C(C=C2)CN(C)C)N=C1NC(=O)C3=CC(=NC=C3)C4=CN(N=C4)C)O,1,0.68116796
C1COCCN1CC2=CC=C(C=C2)C3=CC4=NC=CC(=C4S3)NC5=CC6=C(C=C5)NC=C6,1,0.40153557
C=CC(=O)Nc1cc(Nc2nccc(Nc3ccccc3-c3ccn(C)n3)n2)c(OC)cc1N(C)CCN(C)C,0,0.55940604
C[C@H](C1=CC=C(C=C1)F)NC2=C3C=C(OC3=NC=N2)C4=CC=C(C=C4)OC,1,0.31673
O=C(Nc1ccc2nccc(Nc3cccc(Cl)c3)c2c1)C1CCC2(CC1)OCC1(OO2)C2CC3CC(C2)CC1C3,0,0.2991593
CCN1CCN(CC#CC(=O)Nc2ccc3ncnc(Nc4cccc(Br)c4)c3c2)CC1,1,0.6111826
CS(=O)(=O)CCN(CC#N)Cc1ccc(-c2ccc3ncnc(Nc4ccc(OCc5cccc(F)c5)c(Cl)c4)c3c2)o1,1,0.6615491
C1=CC=C(C=C1)CNC(=O)CCC2=C(NC3=CC=CC=C32)SSC4=C(C5=CC=CC=C5N4)CCC(=O)NCC6=CC=CC=C6,0,0.3079724
CCOC1=CC(=CC(=C1O)CSC2=CC=CC=C2)/C=C\3/CCNC3=O,0,0.40798163
C=CC(=O)N1CC[C@H](C1)N2C3=NC=NC(=C3C(=N2)C(=O)NC4=NC5=C(O4)C=CC(=C5)C#N)N,1,0.7150655
CCC(=O)N1CC[C@H](N2C(=O)N(c3cc(OC)ccc3F)Cc3cnc(Nc4ccc(N5C[C@H]6CN(C)C[C@H]6C5)c(C)c4)nc32)C1,0,0.891344
CC1=CC(=O)N(C2=NC(=NC=C12)NC3=C(C=C(C=C3)N4CCN(CC4)CCCCCCCCCCCCNC(=O)CC56CC7CC(C5)CC(C7)C6)OC)C8=CC=CC(=C8)NC(=O)C(C)C,1,0.21263877
COc1cc2ncnc(NC3CC3c3ccccc3)c2cc1OCCN1CCOCC1,1,0.1826581
CC[C@H](C1=CC=CC=C1)NC2=C3C=C(OC3=NC=N2)C4=CC=C(C=C4)OC,1,0.108072
CCCC1=C2C(=C(N(C2=CC(=N1)N3C4=CC(=NC(=C4C=N3)C)C5=CNC=CC5=O)C)C(=O)N6CCN(CC6)C)C,1,0.6076819
COC1=CC2=C(C=C1)C3=C(S2)C(=NC=N3)NC4=CC(=CC=C4)Br,1,0.3701741
C1CCN(C1)CC(=O)NC2=CC3=C(C=C2)N=CN=C3NC4=CC=C(C=C4)Cl,1,0.46442696
C=CC(=O)Nc1cccc(-n2c(=O)cc(C)c3cnc(Nc4cnn(C5CCN(C)CC5)c4)nc32)c1,1,0.56050944
Clc1ncc2ncnc(Nc3cccc(Br)c3)c2n1,1,0.6087252
C1=CC(=CC(=C1)Br)NC2=NC=NC3=CN=C(C=C32)NS(=O)(=O)CO,1,0.34433076
CC1=C(SC=N1)C2=CC(=C(C=C2)CNC(=O)[C@@H]3C[C@H](CN3C(=O)[C@H](C(C)C)N4CC5=CC=CC=C5C4=O)O)OCCOCCOCCOCCOCCOCC#CC6=CC=CC7=C6C(=O)N(C7)[C@H](C8=C(C=CC(=C8)F)O)C(=O)NC9=NC=CS9,0,0.7360854
C=CS(=O)(=O)N1CCc2c(sc3ncnc(N[C@H](CO)c4ccccc4)c23)C1,0,0.23148891
CC(C)N1C2=NC=NC(=C2C(=N1)C3=CC=C(C=C3)O)N,0,0.31217948
CC(=O)Nc1nc(C(=O)NNC(=O)CCN2CCOCC2)cs1,0,0.09846519
C=CC(=O)N1CCC[C@H](C1)N2C3=C(C(=NC=C3)N)N(C2=O)C4=CC=C(C=C4)OC5=CC=CC=C5,0,0.18031667
C1=CC(=CC(=C1)F)COC2=C(C=C(C=C2)NC3=NC=NC=C3C#CC4=CC=C(O4)CO)Cl,1,0.73398936
CN(Cc1ccncc1)c1ncnc2[nH]c(-c3ccc(CO)cc3)cc12,1,0.6375767
CN(C)C/C=C/C(=O)N1CCOc2cc3ncnc(Nc4ccc(OCc5cccc(F)c5)c(Cl)c4)c3cc21,1,0.5634283
CCCC1=C2C(=CC(=N1)N3C4=CC(=NC(=C4C=N3)C)C5=C(C=CN=C5)C6CC6)N(C(=N2)C)C,0,0.6205106
C1C[C@H](CN(C1)C(=O)/C=C/C(F)F)N2C(=C(C(=N2)C3=CC=C(C=C3)OC4=C(C=C(C=C4)F)F)C(=O)N)N,0,0.63955647
COC1=C(C=C2C(=C1)CNC3=C(O2)N=CN=C3OC4=CC(=CC=C4)Br)OC,0,0.50228447
Cn1c(-c2csc(N/N=C\c3ccc([N+](=O)[O-])cc3)n2)nc2ccccc21,0,0.25596958
C1CNCCC1N2C=C(N=N2)C(C3=CC=CC=C3)NC4=CC5=C(C(=C4)Cl)N=CN=C5NC6=CC(=C(C=C6)F)Cl,1,0.86029506
O=C(Cc1cccs1)Nc1cccc(-c2ccc3nnc(-c4cccnc4)n3n2)c1,0,0.014687285
C=CC(=O)Nc1cccc(Oc2nc(Nc3ccc(/C=C/c4cc(C)cc(C)c4)cc3)ncc2Cl)c1,1,0.40554613
COC1=C(C=C2C(=C1)CNC3=C(N=CN=C3O2)NC4=CC5=CC=CC=C5C=C4)OC,0,0.7731235
Clc1ccc(C2=NN(c3ccccc3)C(c3cccc4ccccc34)C2)cc1Cl,0,0.611324
C1CC(=O)NC(=O)C1N2C(=O)C3=C(C2=O)C=C(C=C3)N4CCC(CC4)CN5CCC(CC5)OCC#CC6=CC=CC7=C6C(=O)N(C7)C(C8=C(C=CC(=C8)F)O)C(=O)NC9=NC=CS9,0,0.80340064
C=CC(=O)Nc1cccc(-n2c(=O)c(=O)n(CC)c3cnc(Nc4ccc(N5CCN(C)CC5)cc4OC)nc32)c1,1,0.43596306
CC1=CC(=C(C=C1)NC2=NC(=NC=C2Br)NC3=C(C=C(C(=C3)C)N4CCOCC4)OC)P(=O)(C)C,1,0.7015294
CCCN(CCS(C)(=O)=O)Cc1ccc(-c2ccc3ncnc(Nc4ccc(OCc5cccc(F)c5)c(Cl)c4)c3c2)o1,1,0.4521402
C[C@H](C1=CC=CC=C1)NC2=NC=NC3=C2NCC4=CC(=C(C=C4N3)OC)OC,0,0.055033635
Cc1c(C(=O)NCCCN2CCN(C)CC2)[nH]c2cnnc(Nc3ccc(OCc4cccc(F)c4)c(Cl)c3)c12,0,0.45867565
C1=CC=C(C(=C1)C2=NC3=C(NC4=C2C=C(C=C4)N)NN=C3)Cl,0,0.06753962
C1CC(CN(C1)C(=O)/C=C/C(F)F)N2C(=C(C(=N2)C3=CC=C(C=C3)OC4=C(C=C(C=N4)Cl)F)C(=O)N)N,0,0.7937358
Cc1c(NC(=O)OC[C@@H]2COCCN2)cn2ncnc(Nc3ccc4c(cnn4Cc4cccc(F)c4)c3)c12,0,0.266444
CN1CCN(CC1)CCCNC2=NC3=NC(=C(C=C3C=N2)C4=C(C=CC=C4Cl)Cl)NC(=O)NC5=CC=C(C=C5)OC,0,0.607963
CC(C)N1C2=NC=NC(=C2C(=N1)C3=CC(=C(C=C3)NC(=O)OC(C)(C)C)OC)N,0,0.20667028
C=CC(=O)N1CCC(C2CCNc3c(C(N)=O)c(-c4cc(Cl)c(Cl)c(Cl)c4)nn32)CC1,0,0.42574427
C1CC(CN(C1)C(=O)/C=C/CF)N2C(=C(C(=N2)C3=CC=C(C=C3)OC4=NC=C(C=C4)Cl)C(=O)N)N,0,0.42205384
C=CC(=O)Nc1cc2c(Nc3ccc(Br)cc3F)ncnc2cc1OCCNC(=O)N1CCOCC1,1,0.44536963
C=CC(=O)N1CC[C@H](C1)N2C3=NC=NC(=C3C(=N2)C(=O)NC4=NC5=C(O4)C=CC(=C5)F)N,1,0.78645235
C=CC(=O)N1CCC(C1)N2C3=NC=NC(=C3C(=N2)C(=O)NC4=NC5=C(O4)C=CC(=C5)F)N,1,0.78645235
CCN(CC)CC#CC(=O)Nc1cc2c(Nc3ccc(F)c(Cl)c3)ncnc2cn1,1,0.7050369
C=CC(=O)N1CCC[C@H](C1)N2C(=C(C(=N2)C3=CC=C(C=C3)OC4=C(C=C(C=C4)F)F)C(=O)N)N,1,0.4989986
C[C@H]1CN(CCN1C2=NC3=C(N=C(C=C3N2C)N4C5=CC(=NC(=C5C=N4)C)C6=C(C=CN=C6)OC)N7C[C@H]8C[C@@H]7CO8)C,1,0.48134845
CCOc1cc2[nH]cc(C#N)c(=Nc3ccc(OCc4ccccn4)c(Cl)c3)c2cc1NC(=O)/C=C/[C@H]1C[C@H](O)CN1C,0,0.26735756
COC1=CC=CC=C1C(=O)NCC2=CC=C(C=C2)C3=NN(C4=NC=NC(=C34)N)C5CCCC(=O)C5,0,0.6262452
CN1C2=CC=CC=C2N=C(C1=O)C(=O)NNCCOCCOCC(=O)NC3=CC=CC4=C3C(=O)N(C4=O)C5CCC(=O)NC5=O,0,0.020409526
C1=CC=C(C=C1)NC(=O)CCC2=C(NC3=CC=CC=C32)SSC4=C(C5=CC=CC=C5N4)CCC(=O)NC6=CC=CC=C6,0,0.7181539
Cc1ncnc(Nc2ccc(OCc3cccc(F)c3)c(Cl)c2)c1C#Cc1ccc(CN2CCOCC2)cc1,1,0.6777885
C[C@H](C1=CC=CC=C1F)NC2=C3C=C(OC3=NC=N2)C4=CC=C(C=C4)OC,1,0.6514353
COc1cc2ncnc(Nc3ccc(NC(=O)Nc4ccc(Cl)c(C(F)(F)F)c4)cc3)c2cc1OCCCN1CCOCC1,0,0.6779141
CC(C)N1C2=NC=NC(=C2C(=N1)C3=CC(=CC(=C3)F)O)N,0,0.1552424
CNC(=O)c1cc(Oc2ccc(NC(=O)Nc3ccc(Cl)c(C(F)(F)F)c3)cc2)ccn1,0,0.18486853
CC1=C2C(=NC=NN2C=C1)NC3=CC(=C(C=C3)F)Cl,0,0.31009445
CN1CCC2=C(C1=O)C(=C(N2)C3=CC(=NC=C3)NC(=O)CC4=CN=CC=C4)NC5=CC=CC=C5,0,0.4184307
C=CC(=O)Nc1cc2c(Nc3ccc(Br)c(Cl)c3F)ncnc2cc1OCCNC(=O)N1CCOCC1,1,0.7057353
C=CC(=O)N1CCC[C@H](Nc2ncnc(N)c2-c2ccc(Oc3ccccc3)cc2)C1,1,0.17448665
CC(C)N1C2=NC=NC(=C2C(=N1)C3=CC(=CC=C3)O)N,0,0.42739516
COc1cc2ncnc(Nc3ccc(OCc4cccc(F)c4)c(Cl)c3)c2cc1OCCCCn1ccnc1[N+](=O)[O-],1,0.39236146
CS(=O)(=O)CCNCc1ccc(-c2ccc3ncnc(Nc4ccc(OCc5cccc(F)c5)c(C(F)(F)F)c4)c3c2)o1,1,0.6789422
C1=CC=C(C=C1)/C(=N\NC(=S)N)/C=C/C2=CC=CC3=CC=CC=C32,0,0.27656478
C1=CC(=CC=C1/C=N/NC2=NN=C(O2)C3=CC=NC=C3)[N+](=O)[O-],0,0.060354095
C1=CC=C(C=C1)CNC(=O)[C@@H](CC2=C(NC3=CC=CC=C32)[Se][Se]C4=C(C5=CC=CC=C5N4)C[C@@H](C(=O)NCC6=CC=CC=C6)N)N,0,0.012744582
Cl.c1ccc(-c2cccc(Nc3ncnc4cc5c(cc34)OCCCO5)c2)cc1,1,0.69059646
Brc1cccc(Nc2ncnc3c2ccc2[nH]cnc23)c1,1,0.3089973
C=CC(=O)Nc1cc2c(Nc3ccc(OCc4ccccn4)cc3)ncnc2cc1O[C@H]1CCOC1,1,0.5705129
C1=CC(=CC(=C1)Cl)C2=COC3=CC(=CC(=C3C2=O)O)O,0,0.04629086
C1COCCN1C(=O)O[C@H]2C[C@H](NC2)C#CC3=CC4=C(S3)C(=NC=N4)NC5=CC(=C(C=C5)OCC6=CC(=CC=C6)F)Cl,0,0.1476217
C1COCCN1C(=O)O[C@H]2C[C@@H](NC2)C#CC3=CC4=C(S3)C(=NC=N4)NC5=CC(=C(C=C5)OCC6=CC(=CC=C6)F)Cl,0,0.1476217
C[C@H]1CN(C[C@@H](O1)C)C2=NC3=C(N=C(C=C3N2C)N4C5=CC(=NC(=C5C=N4)C)C6=C(C=CN=C6)OC)N7C[C@H]8C[C@@H]7CO8,1,0.49492696
C[C@@H]1CN(C[C@@H](O1)C)C2=NC3=C(N=C(C=C3N2C)N4C5=CC(=NC(=C5C=N4)C)C6=C(C=CN=C6)OC)N7C[C@H]8C[C@@H]7CO8,1,0.49492696
COc1cc2ncnc(Nc3ccc(F)c(Cl)c3)c2cc1OCCCN1CC2(CSC2)C1,1,0.8861211
Cc1ccc(Nc2ncnn3cc(C)c(C)c23)cc1O,0,0.06858291
C1CCC(C1)N2C3=NC=NC(=C3C(=N2)C4=CN=C5C(=C4)C=CN5)N,0,0.5501794
COc1cc(/C=C2\CCC/C(=C\c3ccc(O)c(O)c3)C2=O)cc(OC)c1,0,0.07267378
CCCN(C1=CC(=C(C=C1)F)Cl)C2=NC=NC3=CC(=C(C=C32)OCCCN4CCOCC4)OC,1,0.47452778
Cc1ccc(C(=O)Nc2ccc(CN3CCN(C)CC3)c(C(F)(F)F)c2)cc1NC(=O)c1cnc(NC2CC2)nc1,0,0.44841123
CN1C2=C(C(=O)N(C1=O)C)NC(=N2)SC/C(=N/O)/C3=CC=C(C=C3)Cl,0,0.2236278
CC1=C2C=NN(C2=CC(=N1)C3=C(C=CN=C3)OC)C4=NC(=C5C(=C4)N(C(=N5)N6CCN(CC6)C)C)N7C[C@H]8C[C@@H]7CO8,1,0.6120911
C1=CC=C(C=C1)CNC2=C3C=C(OC3=NC=N2)C4=CC=CC=C4,1,0.44537282
Brc1cccc(Nc2[nH]cnc3c4ccccc4nc2-3)c1.Cl,0,0.31834403
CCC1=C2C(Nc3ccc4c(cnn4Cc4ccccc4)c3)=NC=NC2N=C1NC(=O)OCCN1CCNCC1,1,0.612458
Cc1ccc(/C=N\Nc2nc(-c3nc4ccccc4n3C)cs2)cc1,0,0.64447397
C1CC(=O)NC(=O)C1N2C(=O)C3=C(C2=O)C=C(C=C3)N4CCC(CC4)CN5CCC(CC5)OCCCC6=CC=CC7=C6C(=O)N(C7)C(C8=C(C=CC(=C8)F)O)C(=O)NC9=NC=CS9,0,0.610719
O=C(Nc1ccccc1)N(Cc1ccc(O)cc1)Cc1cccc(Cl)c1O,0,0.088372596
COC1=C(C=C2C(=C1)N=CN=C2N(C3=C(C(=CC=C3)Cl)F)C(=O)C=C)OCCCN4CCOCC4,1,0.8267196
C1=CC(=CC(=C1)F)COC2=C(C=C(C=C2)NC3=CC(=NC=N3)OC4=CC=CC(=C4)NC(=O)CC5=CC(=C(C=C5F)F)F)Cl,0,0.4399475
C1=CC=C2C(=C1)C=C(N2)C(=O)C3=CC4=C(N=CN=C4S3)NC5=CC=C(C=C5)F,1,0.22997928
CC1=CC2=C(N=C(N=C2O1)C)N3CCC4=C3C=CC(=C4)OC,1,0.22313713
COc1ccc2c(Nc3cccc(Br)c3)ncnc2n1,1,0.4388113
C=CC(=O)N1CCCC(C1)N2C(=C(C(=N2)C3=CC=C(C=C3)OC4=NC=C(C=C4)Cl)C(=O)N)N,1,0.30809182
CC(C)(C)N1C2=NC=NC(=C2C(=N1)C3=CC=C(C=C3)Cl)N,0,0.30690092
CC1=C(SC(=N1)NC)C(=O)/C=C/C2=CSC=C2,0,0.015587847
Oc1c(Br)cccc1CN(Cc1ccc(F)cc1)C(=S)Nc1ccccc1,0,0.50874364
CC1=C(C=C(C=C1)C(=O)NC2=CC(=C(C=C2)CN3CCN(CC3)C)C(F)(F)F)C#CC4=CN=C5N4N=CC=C5,0,0.30574942
CS(=O)(=O)CCNC(CS(C)(=O)=O)c1ccc(-c2ccc3ncnc(Nc4ccc(OCc5cccc(F)c5)c(Cl)c4)c3c2)o1,1,0.53325576
CCC(=O)N1CCOc2c1ccc1ncnc(Nc3cccc(C(F)(F)F)c3)c21,1,0.08945163
C=CC(=O)N1CC(C2CCNc3c(C(N)=O)c(-c4ccc(Oc5ccccc5)cc4)nn32)C1,1,0.6720539
COc1cc(NC(=O)C2CC2)ccc1Nc1ncc(Cl)c(Nc2ccccc2NC(C)=O)n1,1,0.39358407
C=CC(=O)N1CCCC(C1)N2C(=C(C(=N2)C3=CC=C(C=C3)OC4=CC=CC(=N4)C(F)(F)F)C(=O)N)N,0,0.4554884
C1CCC(C1)N2C3=NC=NC(=C3C(=N2)C4=CC5=C(C=C4)C=NN5)N,0,0.5439396
CC(=O)N1CCOc2c1ccc1ncnc(Nc3ccc(F)c(Cl)c3)c21,1,0.17039442
CC1=C2C=NN(C2=CC(=N1)C3=C(C=CN=C3)OC)C4=NC(=C5C(=C4)N(C(=N5)N6CCOCC6)C)N7C[C@H]8C[C@@H]7CO8,1,0.8474056
C[C@H](Nc1[nH]cnc2c3ccccc3nc1-2)c1ccccc1.Cl,0,0.03317221
CC(C)N(CC#CC(=O)Nc1cc2c(Nc3ccc(F)c(Cl)c3)ncnc2cn1)C(C)C,1,0.48669353
CN1CCN(CC1)CCCCNC2=NC=C3C=C(C(=O)N(C3=N2)C)C4=C(C=CC=C4Cl)Cl,0,0.56787413
CC1=NC(=CC=C1)NC2=NC=C(C=N2)C3=CN=CC(=N3)NC4CN(C4)C(=O)C=C,0,0.33321914
C1=CC(=CC=C1C2=NC(=C(N2)C3=CC=NC=C3)C4=CC=C(C=C4)F)O,0,0.049865272
CC1=C(SC=N1)C2=CC=C(C=C2)CNC(=O)[C@@H]3C[C@H](CN3C(=O)[C@H](C(C)(C)C)NC(=O)COC4CC(C4)OC5=CC=C(C=C5)N6CCN(CC6)CCOCC7=NC8=CN=C(C=C8N7C(C)C)NC9=NC(=NC=C9)N1CCC(CC1)OC)O,0,0.8853697
CN1C2=C(C(=O)N(C1=O)C)NC(=N2)SC/C(=N/O)/C3=CC=C(C=C3)Br,0,0.22830513
Cc1cccc(Nc2ncnc3cnc(Cl)nc23)c1,1,0.29430163
CC1=CC=C(C=C1)C2=NN(C(C2)C3=C(N=C4C=CC(=CC4=C3)OC)Cl)C5=NC(=CS5)C6=CC=C(C=C6)F,0,0.20194054
COC1=CC=C(C=C1)C2=CC3=C(N=CN=C3O2)NCC4=CC=CC=C4,1,0.36867347
CC(C)c1ccc(NC(=O)c2ccc(N(CCCl)CCCl)cc2)cc1,0,0.13784897
COC1=CC=C(C=C1)C2=NN=C(O2)CC3=NC4=CC=CC=C4N3,0,0.10480874
CC1=C(C=C(C=C1)NC2=NC=NN3C2=CC=C3)O,0,0.03551831
CCOc1cc2ncnc(NC3=CC(=O)C(OCc4ccccn4)=CC3=O)c2cc1NC(=O)/C=C/CN(C)C,1,0.530895
CC(C)N1C2=NC=NC(=C2C(=N1)C3=CC(=CC(=C3)Br)O)N,0,0.11824667
C1CC(CN(C1)C(=O)/C=C/C(F)F)N2C(=C(C(=N2)C3=CC=C(C=C3)OC4=NC=C(C=C4)Cl)C(=O)N)N,0,0.2364767
CCNc1cc2sc3c(Nc4cccc(Br)c4)ncnc3c2cc1F.CCO,1,0.1884663
COC1=CC=CC(=C1)CNC2=NC=NC3=C2NCC4=CC(=C(C=C4N3)OC)OC,0,0.26449654
COC1CCN(CCOc2n[nH]c3ncnc(Nc4ccc(OCc5ccccn5)c(Cl)c4)c23)CC1,1,0.5353749
COC1=CC=CC=C1C(=O)NCC2=CC=C(C=C2)C3=NN(C4=NC=NC(=C34)N)C5CCC6(CC5)OCCO6,0,0.8250323
CCN(CC)C/C=C/C(=O)N1CC[C@H](C1)N2C3=NC=NC(=C3C(=N2)C(=O)NC4=NC5=C(O4)C=CC(=C5)Cl)N,1,0.8164127
CCN(C)C/C=C/C(=O)N1CC[C@H](C1)N2C3=NC=NC(=C3C(=N2)C(=O)NC4=NC5=C(O4)C=CC(=C5)Cl)N,1,0.5085607
CS(=O)(=O)CCOCc1ccc(-c2ccc3ncnc(Nc4ccc(OCc5cccc(F)c5)c(Cl)c4)c3c2)o1,1,0.23908454
CC(C)(CN1C2=CC=CC=C2N=C1NC(=O)C3=CC(=NC=C3)NC4=CC=CC(=C4O)C=O)O,1,0.58408594
CS(=O)(=O)CCNCc1ccc(-c2ccc3ncnc(Nc4ccc(OCc5ccccc5)c(Br)c4)c3c2)o1,1,0.5045645
CCC1=C2C(Nc3ccc4c(cnn4Cc4ccccc4)c3)=NC=NC2N=C1NC(=O)OCCn1ccnc1,0,0.609276
CS(=O)(=O)CCNCc1ccc(-c2ccc3ncnc(Nc4ccc(OCc5cccc(F)c5)cc4)c3c2)o1,1,0.2163209
C1COCCN1CC(=O)NC2=CC3=C(C=C2)N=CN=C3NC4=CC(=CC=C4)Br,1,0.77480674
CC1=C2C=NN(C2=CC(=N1)C3=C(C=CN=C3)OC)C4=NC(=C5C(=C4)N(C(=N5)N6CCN(CC6)C(C)(C)C(=O)OC)C)N7C[C@H]8C[C@@H]7CO8,1,0.91406006
COc1cc2ncc(C#N)c(N[C@@H]3C[C@H]3c3ccccc3)c2cc1OCCN1CCOCC1,1,0.5865833
CNc1ncc2ncnc(Nc3cccc(Br)c3)c2n1,1,0.56716335
CC1=CN2C(=C1)C(=NC=N2)NC3=CC(=C(C=C3)F)Cl,0,0.0780544
C1=CC=C2C(=C1)NC(=N2)CC3=NN=C(O3)C4=CC=C(C=C4)Cl,0,0.038624845
CN1CCN(CC1)CCCOC2=CC3=NC=CC(=C3C=C2OC)OC4=C(C=C(C=C4)NS(=O)(=O)C5=C(C=CC(=C5)F)F)F,0,0.5883129
COC1=C(C=C2C(=C1)CNC3=C(N2)N=CN=C3NCC4=CC=CC=C4)OC,0,0.05791685
CC1=C(C=C(C=C1)C2=NN(C(C2)C3=CC=C(C=C3)Cl)C4=NC(=CS4)C5=CC=C(C=C5)Cl)C,0,0.1572834
Oc1ccc(CN(Cc2cccc(Br)c2O)C(=S)Nc2ccccc2)cc1,0,0.27485374
CNC(=O)c1ncc(C#Cc2cc(C(=O)Nc3ccc(CN4CCN(CCO)CC4)c(C(F)(F)F)c3)ccc2C)n1C,0,0.6553886
CC(=O)NC1=CC2=C(C=C1)NC3=C(C=NN3)N=C2C4=CC=CC=C4Cl,0,0.0075514745
CCCCCCC(=O)ON[C@H](CS(C)(=O)=O)c1ccc(-c2ccc3ncnc(Nc4ccc(OCc5cccc(F)c5)c(Cl)c4)c3c2)o1,1,0.298505
C1=CC=C(C=C1)COC2=C(C=C(C=C2)NC3=NC=NC4=NN5C=CC=CC5=C43)Cl,0,0.31157914
C=CC(=O)N1CCC(C2CCNc3c(C(N)=O)c(-c4cc(Cl)c(Br)c(Cl)c4)nn32)CC1,0,0.48455015
C1CCN(CC1)C/C=C/C(=O)N2CC[C@H](C2)N3C4=NC=NC(=C4C(=N3)C(=O)NC5=NC6=C(O5)C=CC(=C6)Cl)N,1,0.7070089
COc1cccc(-c2cn(C3CCN(CC(=O)N(C)C)CC3)c3ncnc(N)c23)c1,0,0.67331123
C1C(CO1)N2C=C(N=N2)[C@H](C3=CC=C(C=C3)Cl)NC4=CC5=C(C=C4)N=CN=C5NC6=CC(=C(C=C6)F)Cl,1,0.48022336
CC1=C2C=NN(C2=CC(=N1)C3=C(C=CN=C3)OC)C4=NC(=C5C(=C4)N(C(=N5)N6CCOC(C6)(C)C)C)N7C[C@H]8C[C@@H]7CO8,1,0.73860514
CC1=NN=C(S1)NC(=S)NC2=CC3=C(C=C2)N=CN=C3NC4=CC(=CC=C4)Cl,0,0.6164867
COC1=C(C=C2C(=C1)CNC3=C(N2)N=CN=C3NCC4=CC(=C(C=C4)F)Cl)OC,0,0.24861959
N#CC1=C(c2ccccc2)Nc2c(c(-c3cccs3)nn2-c2ccccc2)C12C(=O)Nc1ccc(Br)cc12,0,0.15218695
Fc1cccc(Cn2ncc3cc(Nc4ncnn5ccc(COC[C@H]6CNCCO6)c45)ccc32)c1,0,0.9297197
COCCNCCN1CCC(n2cc(-c3cccc(OC)c3)c3c(N)ncnc32)CC1,0,0.54323477
COc1ccc(C2=NN(c3ccccc3)C(c3cccc4ccccc34)C2)cc1,0,0.4956355
CN1CCN(c2ccc(Nc3ncc(Br)c(Nc4ccc5nccnc5c4)n3)cc2)CC1,0,0.50091255
CNC(CS(C)(=O)=O)c1ccc(-c2ccc3ncnc(Nc4ccc(OCc5cccc(F)c5)c(Cl)c4)c3c2)o1,1,0.39865175
C1CNCCC1N2C=C(C=N2)C3=CC4=C(C=C3)N=CN=C4NC5=CC(=C(C=C5)F)Cl,1,0.30631334
C1=CC=C(C(=C1)NC(=O)C2=C(C=CC(=C2)I)O)Br,0,0.048166875
CC(C)NC(CS(C)(=O)=O)c1ccc(-c2ccc3ncnc(Nc4ccc(OCc5cccc(F)c5)c(Cl)c4)c3c2)o1,1,0.2746066
CC(C)CN1C2=NC=NC(=C2C(=N1)C3=CC=C(C=C3)CNC(=O)C4=CC=CC=C4OC)N,0,0.34227118
COc1cc2sc3c(Nc4cccc(Br)c4)ncnc3c2cc1OC.Cl,1,0.11469751
CC(C)N1C2=NC=NC(=C2C(=N1)C3=CC=C(C=C3)CNC(=O)C4=CC=CC=C4OC)N,0,0.3792443
Cn1c(-c2csc(N/N=C\c3cccs3)n2)nc2ccccc21,0,0.085296884
CC1=C(C=C(C=C1)C2=NN(C(C2)C3=CC=C(C=C3)[N+](=O)[O-])C4=NC(=CS4)C5=CC=C(C=C5)Cl)C,0,0.15884636
CN(C)C/C=C/C(=O)N1CC[C@H](C1)N2C3=NC=NC(=C3C(=N2)C(=O)NC4=NC5=C(O4)C=CC(=C5)Cl)N,1,0.8745216
C=C(CN1CCOCC1)C(=O)Nc1ccc2ncnc(Nc3cccc(Br)c3)c2c1,1,0.5783822
CC1=C2C=NN(C2=CC(=N1)C3=C(C=CN=C3)OC)C4=NC(=C5C(=C4)N(C(=N5)N6CCOCC6)C)C(C)C,1,0.6532446
CCN1CCN(CC1)C2=NC3=C(N=C(C=C3N2C)N4C5=CC(=NC(=C5C=N4)C)C6=C(C=CN=C6)OC)N7C[C@H]8C[C@@H]7CO8,1,0.40467387
CN1CCC(CC1)OC2=C(C=C3C(=C2)C(=NC=N3)NC4=C(C=CC(=C4)Cl)F)OC,1,0.38174993
CCOc1cc2ncc(C#N)c(Nc3ccc(OCc4cccs4)c(Cl)c3)c2cc1NC(=O)/C=C/CN(C)C,1,0.60766166
CC1=C(C=CN=C1COC2=CC=CC(=C2)NC3=NC=NC4=CC5=C(C=C43)N(C(=O)O5)CCCN6CCOCC6)OCC(F)(F)F,0,0.35199547
CCOc1cc2ncc(C#N)c(Nc3ccc(OCc4ccccc4)c(Cl)c3)c2cc1NC(=O)/C=C/c1cccc2cccnc12,1,0.5126289
CC1=CC2=C(N=C(N=C2O1)C)N(C)C3=CC4=C(C=C3)OC=C4,0,0.6759566
COCCOC1=CC=C(C=C1)NC2=NC=C3C(=N2)N(C(=O)C(=N3)C4CC4)C5=CC=CC(=C5)NC(=O)C=C,1,0.8145107
COc1cc(Nc2ncnc3[nH]nc(OCCN4CCC(O)CC4)c23)ccc1OCc1ccccn1,1,0.7364982
CC1=C(C=C(C=C1)C2=NN(C(C2)C3=CC=C(C=C3)F)C4=NC(=CS4)C5=CC=C(C=C5)Cl)C,0,0.16306235
Cn1cc(-c2cc(C(=O)/N=c3\[nH]c4ccccc4n3[C@H]3CC[C@H](O)CC3)ccn2)cn1,0,0.4946678
CN1C=C(C(=O)C2=C1C=C(C=C2O)OC)C3=CC(=CC=C3)Cl,0,0.11007134
Brc1cccc(Nc2ncnc3ccc4c(c23)OCCN4)c1,1,0.6716489
Cc1ccc(C(=O)Nc2ccc(CN3CCN(C)CC3)c(C(F)(F)F)c2)cc1NC(=O)c1cccnc1,0,0.44442415
COC[C@H](C1=CC=CC=C1)NC2=C3C=C(OC3=NC=N2)C4=CC=CC=C4,1,0.2252626
C=CC(=O)Nc1ccc2nccc(Oc3ccc(C(=O)Nc4cc(CC)ccn4)cc3)c2c1,1,0.038394053
CN1C=CC2=C(C1=O)C(=C(N2)C3=CC(=NC=C3)NC(=O)C(CC(F)F)C4=CC=C(C=C4)F)C5=CC=C(C=C5)F,0,0.27437595
C[C@H]1COCCN1C2=NC3=C(N=C(C=C3N2C)N4C5=CC(=NC(=C5C=N4)C)C6=C(C=CN=C6)OC)N7C[C@H]8C[C@@H]7CO8,1,0.91236156
CC1(CC2=C(C(=C(N2)C3=CC(=NC=C3)NC(=O)CC4=CN=CC=C4)NC5=CC=CC=C5)C(=O)N1)C,0,0.6143736
COC1=CC=C(C=C1)NC(=O)C2=C(C=CC(=C2)I)O,0,0.015475145
O=C(NCCN1CCOCC1)Nc1ccc2ncnc(Nc3cccc(Br)c3)c2c1,1,0.66995436
CNc1ccc2c(Nc3cccc(Br)c3)ncnc2n1,1,0.13588245
CN1C2=C(C(=O)N(C1=O)C)NC(=N2)SC/C(=N/O)/C3=CC=C(C=C3)OC,0,0.23208098
Brc1ccc(C2=NN(c3ccccc3)C(c3cccc4ccccc34)C2)cc1,0,0.39383522
C1CCC(CC1)N2C=NC(=C2C3=NC(=NC=C3)N)C4=CC=C(C=C4)F,0,0.052901726
Cc1[nH]c2ncnc(Nc3cccc(Cl)c3)c2c1C,1,0.4587675
COc1ccc(/C=C\C(=O)c2ccc(Br)c3cc(-c4ccc(F)cc4)oc23)cc1,0,0.08651484
CC(=O)N1CCOc2c1ccc1ncnc(Nc3cccc(C(F)(F)F)c3)c21,1,0.20994726
C[C@H]1CN(CCN1C2=NC3=C(N=C(C=C3N2C)N4C5=CC(=NC(=C5C=N4)C)C6=C(C=CN=C6)OC)N7C[C@H]8C[C@@H]7CO8)C(C)(C)C(=O)O,1,0.59626245
CCN1CCC(Nc2ccc3c(c2)C(=C(c2ccc(Cl)cc2)c2ncc[nH]2)C(=O)N3)CC1,0,0.02207278
C1=CC(=C(C=C1/C=C(/C(=O)NCCCCNC(=O)/C(=C/C2=CC(=C(C=C2)O)O)/C#N)\C#N)O)O,0,0.9129031
C=CC(=O)Nc1cccc(-n2c(=O)c(=O)n(C(C)C)c3cnc(Nc4ccc(N(C)CCN(C)C)cc4OC)nc32)c1,1,0.157104
C1=CC(=CC(=C1)Br)NC2=NC=NC3=CN=C(C=C32)S(=O)(=O)CCO,1,0.4080002
C=CC(=O)Nc1cc2c(Nc3ccc(Br)cc3F)ncnc2cc1OCCNC(=O)N1CCN(C(C)=O)CC1,1,0.53041154
C1CCC(C1)N2C3=NC=NC(=C3C(=N2)C4=CC5=C(C=C4)NN=C5)N,0,0.6050826
CC(C)(C)N1C2=NC=NC(=C2C(=N1)C3=CC=C(C=C3)CNC(=O)C4=C(C=CC(=C4)F)OC)N,0,0.604891
CS(=O)(=O)Nc1ccc(-c2cc3c(Nc4ccc(Oc5cccc(C(F)(F)F)c5)c(Cl)c4)ncnc3s2)cc1,1,0.13049266
C1=CC(=CC(=C1)Cl)NC2=NC=NC3=C2C=C(C=C3)NC(=S)NC4=NN=C(S4)C(F)(F)F,0,0.3390592
COC1=CC=C(C=C1)C2=CC3=C(N=CN=C3O2)NC(CC(=O)N)C4=CC=CC=C4,1,0.25226083
Cl.O=[N+]([O-])c1ccc2sc3c(Nc4ccccc4)ncnc3c2c1,0,0.14839469
C1=CC2=C3C(=NN2C=C1)N=CN=C3NC4=CC(=C(C=C4)OCC5=CC(=CC=C5)F)Cl,0,0.37692106
CCC1=C2C(Nc3ccc4c(cnn4Cc4ccccc4)c3)=NC=NC2N=C1NC(=O)O[C@H]1CC[C@H](N)CC1,1,0.696455
CCC(=O)N1CCOc2c1ccc1ncnc(Nc3cccc(Br)c3)c21,1,0.17210378
CC1=CC2=C(C=C1)N=C(N2CC(C)(C)O)NC(=O)C3=CC(=NC=C3)C4=CN(N=C4)C,1,0.43448
CC1=C(SC=N1)C2=CC(=C(C=C2)CNC(=O)[C@@H]3C[C@H](CN3C(=O)[C@H](C(C)C)N4CC5=CC=CC=C5C4=O)O)OCCOCCOCCOCCOCCN6CCN(CC6)CC7=CC=C(C=C7)C8=CC9=C(N8)N=CN=C9NCC1=CC=CC=C1Cl,1,0.5691895
CC(C)N1CCN(CC1)C2=CC3=C(C=C2)N(C(=N3)NC(=O)C4=CC(=NC=C4)C5=CN=CC=C5)CC(C)(C)O,1,0.63979965
CC1=C(C=CC(=C1)NC2=NC=NC3=C2C(=C(C=C3)OC)N4CC5(C4)C[C@H](CCN5C)F)OC6=CC7=NC=NN7C=N6,0,0.60300523
CCOC1=CC(=CC(=C1O)CSC2=CC=CC=C2)/C=C(\C#N)/C(=O)N,0,0.21744688
COC1=C(C=C2C(=C1)N=CN=C2N(C3=CC(=C(C=C3)Cl)Cl)C(=O)C=C)OCCCN4CCOCC4,0,0.31140915
Cc1ccc(NC(=O)c2ccc(N(CCCl)CCCl)cc2)cc1,0,0.39892828
COC1=CC=C(C=C1)NC2=NC=C3C(=N2)N(C(=O)C(=N3)CC4=CC=CC=C4)C5=CC=CC(=C5)NC(=O)C=C,1,0.71428263
Cc1ccn2ncnc(Nc3ccc4[nH]ncc4c3)c12,0,0.09878377
CC(C)N1C2=NC=NC(=C2C(=N1)C3=CC(=C(C=C3)Cl)O)N,0,0.29818407
C=CC(=O)Nc1cccc(Nc2nc(Nc3ccc(/C=C/c4cc(C)cc(C)c4)cc3)ncc2Cl)c1,0,0.18023257
C=CC(=O)N1CCC([C@@H]2CCNc3c(C(N)=O)c(-c4cc(OC)c(C)c(OC)c4)nn32)CC1,0,0.6709021
CC1=C2C=NN(C2=CC(=N1)C3=C(C=CN=C3)OC)C4=NC(=C5C(=C4)N(C(=N5)N6CCN(CC6)C(C)C)C)N7C[C@H]8C[C@@H]7CO8,1,0.4384474
Oc1ccc(CN(Cc2cc(Br)cc(Br)c2O)C(=S)Nc2ccccc2)cc1,0,0.061508875
C1=C(C=C(C(=C1O)O)O)/C=C(/C(=O)NCCCCNC(=O)/C(=C/C2=CC(=C(C(=C2)O)O)O)/C#N)\C#N,0,0.57019174
O=C(O)CCNc1cc2c(Nc3cccc(Br)c3)ncnc2cn1,1,0.6203341
CC(C)N1C2=NC=NC(=C2C(=N1)C3=CC(=C(C=C3)Br)O)N,0,0.43811613
Fc1ccc(Nc2ncnc3ccc4c(c23)OCCN4)cc1Cl,1,0.38733017
C=CC(=O)N1CCC(C2CCNc3c(C(N)=O)c(-c4cc(Cl)c(Br)c(OC)c4)nn32)CC1,0,0.5962984
CCOc1cc2ncnc(Nc3ccc(F)c(Cl)c3)c2cc1OC(=O)CSc1ccccn1,1,0.49583933
CN(C)CCN1C=NC2=C1C=C3C(=C2Cl)C(=NC=N3)NC4=CC(=CC=C4)Br,1,0.44945073
CC1=CC(=CC(=N1)C2=CN(N=C2)C)C(=O)NC3=NC4=CC=CC=C4N3C5CCCS(=O)(=O)C5,1,0.5151765
COc1nccc(-c2c(-c3ccc(F)cc3)ncn2[C@H]2CC[C@H](O)CC2)n1,0,0.070292845
COc1ccc(NC(=O)c2ccc(N(CCCl)CCCl)cc2)cc1,0,0.13784897
CC(C)(C)N1C2=NC=NC(=C2C(=N1)C3=CC=C(C=C3)CNC(=O)C4=CC=CC=C4OC)N,0,0.7782775
CC(=O)Nc1ccc(-c2cc3c(Nc4ccc(Oc5cccc(C(F)(F)F)c5)c(Cl)c4)ncnc3s2)cc1,1,0.36310297
CC1=CC(=CC(=N1)C2=CN(N=C2)C)C(=O)NC3=NC4=C(N3CC(C)(C)O)C=C(C=C4)CN5CCOCC5,1,0.38502553
COc1cc2ncnc(C#Cc3ccccc3-c3ccccc3)c2cc1OC,1,0.34734976
CC1=CC=C(C=C1)C2=NN(C3=NC=NC(=C23)N)C(C)(C)C,0,0.20952481
C1=CC(=C(C=C1NC2=C3C=C(SC3=NC=N2)C(=O)C4=CC5=C(N4)C=CC(=C5)O)Cl)F,1,0.29694572
COc1cccc(-c2cn(C3CCN(CC(N)=O)CC3)c3ncnc(N)c23)c1,0,0.65885377
C[C@H](C1=CC=CC=C1)NC2=C3C=C(OC3=NC=N2)C4=CC=C(C=C4)Br,1,0.22075589
C1CCN(C1)CC(=O)NC2=CC3=C(C=C2)N=CN=C3NC4=CC=C(C=C4)OCC5=CC(=CC=C5)F,1,0.59620655
CCCS(=O)(=O)CCNCc1ccc(-c2ccc3ncnc(Nc4ccc(OCc5cccc(F)c5)c(Cl)c4)c3c2)o1,1,0.6440669
N#C/C(=C\c1ccc(O)c(O)c1)C(=O)NCCc1ccccc1,0,0.8075552
