smiles,label,mol_score
CN1CC2=CC(=C(C=C2OC3=C1C(=NC=N3)OC4=CC(=CC=C4)Br)OC)OC,0,0.07185126841068268
CC(C)(CN1C2=C(C=C(C=C2)CC#N)N=C1NC(=O)C3=CC(=NC=C3)C4=CN(N=C4)C)O,1,0.9791954755783081
CC1=CC=C(C=C1)C2CC(=NN2C3=NC(=CS3)C4=CC=C(C=C4)Cl)C5=CC=C(C=C5)OC,0,0.039825133979320526
Cc1cccc(CN(Cc2ccc(O)cc2)C(=O)Nc2ccccc2)c1O,0,0.041423480957746506
CC1=C2C=NN(C2=CC(=N1)C3=C(C=CN=C3)OC)C4=NC(=C5C(=C4)N(C(=N5)N6CCNCC6)C)N7C[C@H]8C[C@@H]7CO8,1,0.9821341633796692
CC1=C2C=NN(C2=CC(=N1)C3=C(C=CN=C3)OC)C4=NC(=C5C(=C4)N(C(=N5)N6CCN(CC6)CCOC)C)OC7CCOCC7,1,0.9805620312690735
CC(C)n1nc(-c2ccc3nccnc3c2)c2c(N)ncnc21,0,0.015189048834145069
COc1cc(/C=C2\CCC/C(=C\c3ccc(O)cc3)C2=O)cc(OC)c1,0,0.01542455144226551
CCOC1=C(C2=C(C=C1)N=CN=C2NC3=CC(=C(C=C3)OC4=CC5=NC=NN5C=N4)C)N6CC(C6)N(C)C,0,0.1852092295885086
C=CC(=O)NC1=CC=CC(=C1)NC2=NC(=NC=C2C(F)(F)F)NC3=C(C=C(C=C3)N4CCOCC4)OC(F)F,1,0.853851854801178
CN1CCC(CC1)OC2=C(C=C3C(=C2)C(=NC=N3)NC4=CC(=C(C=C4)F)Cl)OC,1,0.9384068250656128
COC1=CC=CC=C1C(=O)NCC2=CC=C(C=C2)C3=NN(C4=NC=NC(=C34)N)C5CCCOC5,0,0.00807762611657381
CC(=C)C(=O)CC1=CC2=C(C=N1)N=CN=C2NC3=CC(=CC=C3)Br,1,0.972727358341217
COC1=C(C=C2C(=C1)C(=NC=N2)NC3=CC=C(C=C3)C#N)OCCCN4CCC(CC4)C5=CC=CC=C5,1,0.6678520441055298
CC1=C2C=NN(C2=CC(=N1)C3=C(C=CN=C3)OC)C4=NC(=C5C(=C4)N(C(=N5)N6CCN(C(C6)(C)C)C)C)N7C[C@H]8C[C@@H]7CO8,1,0.9900923371315002
CCS(=O)(=O)n1cc(-c2ccnc(Nc3cc(NC(C)=O)c4c(cnn4CCN(C)C)c3)n2)c2ccccc21,0,0.01384861022233963
O=S(=O)(Nc1nccs1)c1ccc(NC(=S)Nc2ccc3c(c2)OCO3)cc1,0,0.017917344346642494
CCOC1=C(C=C(C=C1)C2=NN(C3=NC=NC(=C23)N)C(C)C)OC,0,0.009615035727620125
O=C(Nc1ccccc1)N(Cc1ccc(O)cc1)Cc1cccc(Br)c1O,0,0.08640052378177643
C=C/C=C/C(=O)CC1=CC2=C(C=N1)N=CN=C2NC3=CC(=CC=C3)Br,1,0.9829055070877075
COc1nc(Nc2ccc(-c3nc4ccccc4s3)c(OC)c2)c2cc[nH]c2n1,0,0.3461543917655945
C=CC(=O)CC1=CC2=C(C=N1)N=CN=C2NC3=CC(=CC=C3)Br,1,0.9887337684631348
CC1=C2C=NN(C2=CC(=N1)C3=C(C=CN=C3)OC)C4=NC(=C5C(=C4)N(C(=N5)CN(C)C)C)N6CCOCC6,1,0.9823893308639526
COc1cc2c(Nc3ccc(F)c(Cl)c3)ncnc2cc1OCCCCn1ccnc1[N+](=O)[O-],1,0.9855243563652039
C1=CC(=C(C2=C1C=CC(=O)O2)O)O,0,0.04054073989391327
CN1CCN(c2ccc(Nc3ncnc4cc5oc(=O)n(CCOC(=O)CBr)c5cc34)cc2Cl)CC1,1,0.650245189666748
O=C(Cc1c(SSc2[nH]c3ccccc3c2CC(=O)NCc2ccccc2)[nH]c2ccccc12)NCc1ccccc1,0,0.013928859494626522
Cc1cc(C)c(O)c(CN(Cc2ccc(O)cc2)C(=S)Nc2ccccc2)c1,0,0.03694279491901398
C[C@H](C1=CC=CC=C1)NC2=C3C=C(OC3=NC=N2)C4=CC(=CC=C4)OC,1,0.7497749328613281
CCN1CC2(C1)CN(C(=O)O2)C3=C(C=C4C(=C3)C(=NC=N4)NC5=C(C(=CC=C5)Cl)F)OC,1,0.9164093732833862
CCOc1cc2ncnc(Nc3cccc(-c4nccs4)c3)c2cc1OCC,1,0.4587654173374176
C1OC2=C(O1)C=C3C(=C2)C(=C(C=N3)C#N)NC4=CC(=CC=C4)Br,0,0.15700756013393402
COc1cc2c(Nc3ccc(OCc4cccc(F)c4)c(Cl)c3)ncnc2cc1OCCCCn1ccnc1[N+](=O)[O-],1,0.980728805065155
CC1CCN(CC1)CCCOC2=C(N=C3C(=C2)N=CN=C3CC4=CC(=C(C=C4)F)Cl)NC(=O)C=C,1,0.9873628616333008
COC1=C(C=C2C(=C1)C(=NC=N2)NC3=CC=C(C=C3)NC(=O)C4=CC=CC=C4)OCCN5CCCCC5,0,0.08042965829372406
C1=CC=C(C=C1)CSC2=NN=C(O2)C3=CC=CC=C3F,0,0.013045613653957844
CC1=C2C=NN(C2=CC(=N1)C3=C(C=CN=C3)OC)C4=NC(=C5C(=C4)N(C(=N5)N6CCN7CCOC[C@@H]7C6)C)C(C)C,1,0.9874479174613953
COc1cc2c(cc1OC)Sc1nc(C)nc(Nc3ccc4ccccc4c3)c1NC2,0,0.015921685844659805
C=CC(=O)N1CCC(C2CCNc3c(C(N)=O)c(-c4cc(OC)c(Cl)c(OC)c4)nn32)CC1,0,0.2557152211666107
Nc1ncnc2c1ncn2CC(=O)c1ccccc1,0,0.011463796719908714
COC1=C(C=C2C(=C1)N=CN=C2NC3=C(C(=CC=C3)Cl)F)OC4CCN(CC4)S(=O)(=O)C,1,0.9311501383781433
Nc1ncnc2c1c(-c1cccc(O)c1)cn2[C@H]1C[C@@H](CN2CCC2)C1,0,0.07878401130437851
COC1=CC=C(C=C1)C2=NN(C(C2)C3=CC=C(C=C3)F)C4=NC(=CS4)C5=CC=CC=C5,0,0.08748585730791092
CCN1CCC(CC1)N2C=C(N=N2)C(C3=CC=CC=C3)NC4=CC5=C(C(=C4)Cl)N=CN=C5NC6=CC(=C(C=C6)F)Cl,1,0.7789857983589172
CN(C)[C@H](CS(C)(=O)=O)c1ccc(-c2ccc3ncnc(Nc4ccc(OCc5cccc(F)c5)c(Cl)c4)c3c2)o1,1,0.9880734086036682
CN(C)C(CS(C)(=O)=O)c1ccc(-c2ccc3ncnc(Nc4ccc(OCc5cccc(F)c5)c(Cl)c4)c3c2)o1,1,0.9889918565750122
COC1=C(C=C2C(=C1)N=CN=C2NC3=C(C(=CC=C3)Cl)F)OCCCN4CCOCC4,1,0.9535353183746338
O=C(Cc1c[nH]c2cc3ncnc(Nc4cccc(Br)c4)c3cc12)N1CCOCC1,1,0.897784948348999
CC1=CC2=CC(=N1)C3=C(N(N=C3)C)OCCC[C@H](CN4C5=C(C=C(C=C5)NCC6CCOCC6)N=C4NC2=O)C7CC7,1,0.9910320043563843
Cc1cccc(Nc2ncnc3cnc(NCCCN4CCOCC4)cc23)c1,1,0.9652831554412842
C[C@@]12[C@@H]([C@@H](C[C@@H](O1)N3C4=CC=CC=C4C5=C6C(=C7C8=CC=CC=C8N2C7=C53)CNC6=O)N(C)C(=O)C9=CC=CC=C9)OC,1,0.15335887670516968
O=C(CSc1nc2ccccc2c(=O)n1Cc1ccc2c(c1)OCO2)Nc1ccc(Br)cc1Br,0,0.048496004194021225
CCN1C2=NC=NC(=C2C(=N1)C#CC3=C(C=CC(=C3)C(=O)NC4=CC(=C(C=C4)CN5CCN(CC5)C)C(F)(F)F)C)N,0,0.08021324872970581
C=CS(=O)(=O)C1=NC=C2C(=C1)C(=NC=N2)NC3=CC(=CC=C3)Br,1,0.9851576089859009
OCCNc1cc2c(Nc3cccc(Br)c3)ncnc2cn1,1,0.972388505935669
COC1=CC=C(C=C1)C2=NN(C(C2)C3=CC=C(C=C3)Cl)C4=NC(=CS4)C5=CC=CC=C5,0,0.040237944573163986
CN1C(=O)C2=C(NC1=O)N=C(N2)SC/C(=N/O)/C3=CC=C(C=C3)Br,0,0.058884698897600174
CC1=CC(=C2C(=NN(C2=N1)C3=CC=CC=C3)C)OCC(=O)N/N=C/C4=CC=C(C=C4)Cl,0,0.014871003106236458
C[C@@H](Nc1ncnc2sc3c(c12)CCN(C(=O)/C=C/CN(C)C)C3)c1ccccc1,1,0.8998717665672302
CC1=C(SC=N1)C2=CC=C(C=C2)CNC(=O)[C@@H]3C[C@H](CN3C(=O)[C@H](C(C)(C)C)NC(=O)CCCCCOCCCCOCCCCOC4=C(C=C5C(=C4)N=CN=C5NC6=CC(=C(C=C6)F)Cl)NC(=O)/C=C/CN(C)C)O,1,0.9482024908065796
CC1=CC(=C2C(=NN(C2=N1)C3=CC=CC=C3)C)OCC(=O)N/N=C/C4=CC(=C(C(=C4)OC)OC)OC,0,0.019087431952357292
O=C(/C=C/c1ccccc1)N1CCc2c(sc3ncnc(N[C@H](CO)c4ccccc4)c23)C1,0,0.8847880363464355
COC1=C(C=C2C(=C1)N=CN=C2NC3=CC=CC(=C3)C(=O)NC45CC6CC(C4)CC(C6)C5)OCCCN7CCOCC7,1,0.91957026720047
CC1=CC(=CC=C1)NC2=NC=NC3=CN=C(C=C32)NC,1,0.8020133376121521
C[C@H](C1=CC=CC=C1)NC2=C3C=C(OC3=NC=N2)C4=CC=C(C=C4)F,1,0.9247556924819946
C[C@H](C1=CC=CC=C1)NC2=C3C=C(OC3=NC=N2)C4=CC=CC=C4OC,1,0.8135349154472351
Cn1cc(-c2cc3ncnc(Nc4ccc(CC(=O)Nc5cc(C(C)(C)C)nn5C)cc4)c3s2)cn1,0,0.8973810076713562
C=CC(=O)NC1=NC=C2C(=C1)C(=NC=N2)NC3=CC(=C(C=C3)F)Cl,1,0.970520555973053
CCOc1cc(-c2nn(C(C)C)c3ncnc(N)c23)ccc1OC,0,0.013402404263615608
CC(C)N1C2=NC=NC(=C2C(=N1)C3=CC(=C(C=C3)OC)OC)N,0,0.008968053385615349
CC(C)N1C2=NC=NC(=C2C(=N1)C3=CC(=C(C=C3)F)O)N,0,0.008968053385615349
CNc1ncc2ncnc(Nc3cccc(C)c3)c2n1,1,0.6586371064186096
COc1cc(/C=C2\CCC/C(=C\c3ccccc3F)C2=O)cc(OC)c1,0,0.017900168895721436
C1CCN(CC1)CCCNC2=CC3=C(C=C2)N=CN=C3NC4=CC(=CC=C4)Br,1,0.9781979322433472
CC(C)N1C2=NC=NC(=C2C(=N1)C3=CC(=C(C=C3)C=O)F)N,0,0.021822825074195862
CN(C)CCC(C1=NC=C2C(=C1)C(=NC=N2)NC3=CC(=CC=C3)Br)C(=O)C=C,1,0.9897909760475159
C[C@H](C1=CC=CC=C1)NC2=C3C=C(OC3=NC=N2)C4=CC=C(C=C4)OC,1,0.7689934968948364
COc1cc(/C=C2\CCC/C(=C\c3ccc(OC)c(O)c3)C2=O)cc(OC)c1,0,0.013428254052996635
CC(C)N1C2=NC=NC(=C2C(=N1)C3=CC(=C(C(=C3)F)C=O)F)N,0,0.03864719718694687
Cc1cccc(Nc2ncnc3cnc(NCCN4CCOCC4)nc23)c1,1,0.8233994245529175
O=C(Nc1ccccc1Br)c1ccc(N(CCCl)CCCl)cc1,0,0.030214587226510048
Cl.O=[N+]([O-])c1ccc2sc3c(Nc4cccc(Br)c4)ncnc3c2c1,1,0.45460835099220276
CN1C=C(C=N1)C2=NC(=CC(=C2)C(=O)NC3=NC4=CC=CC=C4N3C5CCC(CC5)O)N,1,0.9816479682922363
C1=CC=C(C=C1)NC(=O)C2=C(C=CC(=C2)NC(=O)CCCCCC(=O)NO)O,0,0.0249165166169405
CC1=C(NC(=C1C(=O)NC[C@@H](CN2CCOCC2)O)C)/C=C\3/C4=C(C=CC(=C4)F)NC3=O,0,0.010755925439298153
C1=CC=C(C=C1)[C@@H](CO)NC2=NC=NC3=C2C=C(N3)C4=CN=CC=C4,1,0.972908079624176
CN1C2=NC(=NC=C2C=C(C1=O)C3=C(C=CC=C3Cl)Cl)N,0,0.008156249299645424
CN(C)c1ccc2c(Nc3cccc(Br)c3)ncnc2n1,0,0.9514589309692383
C1=CC=C(C=C1)CNC(=O)C2=CC3=CC(=C(C=C3C=N2)O)O,0,0.02391638793051243
c1ccc2sc(-c3ccc(Nc4ncnc5[nH]ccc45)cc3)nc2c1,0,0.5342024564743042
C1COCCN1CCC(=O)NC2=CC3=C(C=C2)C(=CN=C3NC4=CC(=CC=C4)Br)C#N,0,0.09990844875574112
C=CC(=O)Nc1cc(Nc2ncc(Cl)c(-c3cnn4ccccc34)n2)c(OC)cc1N1CCN(C(=O)CN(C)C)CC1,0,0.1489114910364151
N#CCCCCn1nc(-c2ccc(F)c(O)c2)c2c(N)ncnc21,0,0.011755131185054779
O=C(Nc1ccccc1F)c1ccc(N(CCCl)CCCl)cc1,0,0.023021256551146507
COC1=C(C=C2C(=C1)N=CN=C2NC3=C(C=CC(=C3)Cl)F)OC4CCN(CC4)CC(=O)N,1,0.949669361114502
CN1C=C(C=N1)C2=NC(=CC(=C2)C(=O)NC3=NC4=CC=CC=C4N3C5CCC(CC5)O)Cl,1,0.9872281551361084
C=CS(=O)(=O)NC1=NC=C2C(=C1)C(=NC=N2)NC3=CC(=CC=C3)Br,1,0.9771537780761719
CC1=CC2=C(C=C1)N(C(=N2)NC(=O)C3=CC(=NC=C3)C4=CN(N=C4)C)CC(C)(C)O,1,0.9816479682922363
CCNC(CS(C)(=O)=O)c1ccc(-c2ccc3ncnc(Nc4ccc(OCc5cccc(F)c5)c(Cl)c4)c3c2)o1,1,0.9837693572044373
CC(C)N1C2=NC=NC(=C2C(=N1)C3=CC(=C(C=C3)C#N)O)N,0,0.008124709129333496
COC1=C(C=C2C(=C1)N=CN=C2NC3=C(C(=CC=C3)Cl)F)OC4CCN(CC4)CC(=O)N,1,0.9704086184501648
COc1ccc(-c2nn(C)c3ncnc(N)c23)cc1O,0,0.008235630579292774
COC1=C(C=C(C(=C1)O)C(=O)NC2=CC(=C(C=C2)F)Cl)NC(=O)CCCCCC(=O)NO,0,0.1629120260477066
CC1=CC(=CC(=N1)C2=CN(N=C2)C)C(=O)NC3=NC4=CC=CC=C4N3C5C[C@@H](C[C@@H](C5)O)O,1,0.9870420694351196
C[C@H](C1=CC=CC=C1)NC2=C3C=C(OC3=NC=N2)C4=CC=C(C=C4)O,1,0.7792378664016724
CC#CC(=O)Nc1cc2c(Nc3ccc(F)c(Cl)c3)ncnc2cn1,1,0.8767926692962646
CN1CCN([C@H]2CC[C@H](n3nc(-c4ccc(Nc5nc6cccc(Cl)c6o5)cc4)c4c(N)ncnc43)CC2)CC1,0,0.5894754528999329
COc1cc2ncnc(Sc3cccc(Cl)c3)c2cc1OC,1,0.13056232035160065
CCN(CC)CCNC(=O)C1=C(NC2=CC=CC=C21)[Se][Se]C3=C(C4=CC=CC=C4N3)C(=O)NCCN(CC)CC,0,0.0749729722738266
O=C(Nc1ccccc1)N(Cc1ccc(F)cc1)Cc1cccc(Br)c1O,0,0.04069295525550842
COc1cc(Nc2ncnc3[nH]cnc23)ccc1-c1nc2ccccc2s1,0,0.6851600408554077
COC1=CC=C(C=C1)C2=CC3=C(N=CN=C3O2)N[C@H](CCO)C4=CC=CC=C4,1,0.6677979230880737
CC(C)N1C2=NC=NC(=C2C(=N1)C3=CC=C(C=C3)OC)N,0,0.009577910415828228
C=CC(=O)NC1=NC2=C(C=C1/C=C/CCN3CCOCC3)N=CN=C2NC4=CC(=C(C=C4)F)Cl,1,0.9842910766601562
CC(C)N1C2=NC=NC(=C2C(=N1)C3=CC(=C(C=C3F)O)F)N,0,0.010189337655901909
COc1cc(C(=NC#N)c2csc(-c3ccccc3)n2)cc(OC)c1OC,1,0.29614511132240295
CN(C(=O)c1ccc(N(CCCl)CCCl)cc1)c1ccccc1,0,0.013715873472392559
CNc1cc2c(Nc3cccc(C(F)(F)F)c3)ncnc2cn1,1,0.8879354596138
CN1CC2(C1)CN(C(=O)O2)C3=C(C=C4C(=C3)C(=NC=N4)NC5=C(C(=CC=C5)Cl)F)OC,1,0.9453489780426025
CN(C)Cc1cc(C(=O)N[C@@H]2CCc3ccc(Oc4ccnc5c4CCC(=O)N5)cc3C2)cc(C(F)(F)F)c1,0,0.022759156301617622
C1=CC=C(C(=C1)C2=NN=C(O2)CC3=NC4=CC=CC=C4N3)Cl,0,0.022478504106402397
Brc1cccc(Nc2ncnc3cnc(NCCN4CCOCC4)nc23)c1,1,0.9687085151672363
CN(C)CC(CSc1ccccc1)C(=O)c1ccc(OCc2ccccc2)cc1.Cl,0,0.019568677991628647
C1COCCN1C(=O)CCN2C3=CC4=C(C=C3C=N2)C(=NC=N4)NC5=CC(=CC=C5)Br,1,0.9849563241004944
C1=CC(=CC(=C1)F)NC(=O)C2=C(C=CC(=C2)NC(=O)CCCCCC(=O)NO)O,0,0.07821886986494064
CN(C1=C(C=C2C(=N1)C(=NC=N2)NC3=CC(=C(C=C3)F)Cl)OCCCN4CCOCC4)C(=O)C=C,1,0.9806919097900391
CN(C/C=C/C(=O)NC1=CC2=C(C=CN=C2C=N1)NC3=CC(=CC=C3)Br)N,1,0.8037136197090149
CN(CCO)c1cc2c(Nc3cccc(Br)c3)ncnc2cn1,1,0.9701269268989563
CC1=CC=C(C=C1)NC(=O)C2=C(C=CC(=C2)I)O,0,0.011072159744799137
CC1=C(C=C(C=C1)C2=NN(C(C2)C3=CC=C(C=C3)O)C4=NC(=CS4)C5=CC=CC=C5)C,0,0.017712296918034554
NS(=O)(=O)c1ccc(Nc2nc3ncnc(Nc4ccc(N5CCOCC5)cc4)c3s2)cc1,0,0.4881919026374817
CN(C)C/C=C/C(=O)N1Cc2sc3ncnc(Nc4ccc(OCc5ccccn5)c(Cl)c4)c3c2C1,1,0.9343352913856506
C=CC(=O)N1CCC(C2CCNc3c(C(N)=O)c(-c4cc(C)c(C)c(C)c4)nn32)CC1,0,0.27110692858695984
C1C(N(N=C1C2=CC=C(C=C2)Br)C3=NC(=CS3)C4=CC=CC=C4)C5=CC=C(C=C5)Cl,0,0.04689926281571388
CCNC1=NC=C2C=C(C(=O)N(C2=N1)C)C3=C(C=CC=C3Cl)Cl,0,0.01747598871588707
C1=CC=C2C(=C1)C3=C(S2)C(=NC=N3)NC4=CC(=CC=C4)Br,1,0.9495291709899902
CN1CCC2=C(C=NN2C)C3=CC(=C(N=C31)OC)NC4=NC=C(C(=N4)NC5=CC=CC=C5P(=O)(C)C)Br,1,0.9918910264968872
C=CC(=O)N(CCCN1CCOCC1)C2=CC3=C(C=C2)N=CN=C3NC4=CC(=CC=C4)Br,1,0.9809125065803528
C1CC2=C(CC1N)C3=C(N2CCCCCC4=CC=CC=N4)C=CC(=C3)OCCC5=CC=C(C=C5)O.Cl.Cl,0,0.0427621528506279
CN1CCC(Nc2ncc3ncnc(Nc4ccc(F)c(Cl)c4)c3n2)CC1,1,0.9634031057357788
Nc1nccn2c1c(-c1ccc3ccc(-c4ccccc4)nc3c1)nc2[C@H]1C[C@@H](CN2CCC2)C1,0,0.18454696238040924
C1C[C@H](CN(C1)C(=O)/C=C/CF)N2C(=C(C(=N2)C3=CC=C(C=C3)OC4=C(C=C(C=C4)F)F)C(=O)N)N,0,0.1367236077785492
NC(=O)c1oc2cc(O)cc(O)c2c(=O)c1-c1ccc(O)cc1,1,0.8344069123268127
COCCN(C/C=C/C(=O)N1CCc2c(sc3ncnc(Nc4ccc(F)c(Cl)c4)c23)C1)CCOC,1,0.87364661693573
C1=CC=C(C=C1)CNC(=O)[C@@H](CC2=C(NC3=CC=CC=C32)[Se][Se]C4=C(C5=CC=CC=C5N4)C[C@@H](C(=O)NCC6=CC=CC=C6)NC(=O)C(F)(F)F)NC(=O)C(F)(F)F,0,0.05335398390889168
COc1cccc(-c2cn(C3CCN(CCN(C)CCO)CC3)c3ncnc(N)c23)c1,0,0.036356665194034576
COc1cc(Br)cc(-c2nn(C(C)C)c3ncnc(N)c23)c1,0,0.01867140643298626
CC1=C2C=NN(C2=CC(=N1)C3=C(C=CN=C3)OC)C4=NC(=C5C(=C4)N(C(=O)N5C)C)N6CCC(CC6)C7=CN(N=C7)C,1,0.9861913919448853
C1CC(CCC1N2C3=CC=CC=C3N=C2NC(=O)C4=CC(=NC=C4)C5=CN(N=C5)C(F)F)O,1,0.9673178195953369
C1=CC=C2C(=C1)C=C(C(=N2)Cl)C(C3=CC=CS3)O,0,0.1063188686966896
CC1=CC2=CC(=N1)C3=C(N(N=C3)C)OCCC[C@H](CN4C5=C(C=CC(=C5)N[C@H]6CC[C@@H](C6)N(C)C)N=C4NC2=O)C7CC7,1,0.9901211261749268
CC1=CC2=CC(=N1)C3=C(N(N=C3)C)OCCC[C@H](CN4C5=C(C=CC(=C5)N[C@H]6CC[C@H](C6)N(C)C)N=C4NC2=O)C7CC7,1,0.9898892045021057
CC1=CC2=CC(=N1)C3=C(N(N=C3)C)OCCC[C@H](CN4C5=C(C=CC(=C5)N[C@@H]6CC[C@@H](C6)N(C)C)N=C4NC2=O)C7CC7,1,0.9899572730064392
CC1=CC2=CC(=N1)C3=C(N(N=C3)C)OCCC[C@H](CN4C5=C(C=CC(=C5)N[C@@H]6CC[C@H](C6)N(C)C)N=C4NC2=O)C7CC7,1,0.99001544713974
CCOC1=C(C=C(C=C1)C2=NN(C3=NC=NC(=C23)N)CC=C)OC,0,0.0385746993124485
Nc1ccc2ncnc(Nc3cccc4ccccc34)c2c1,1,0.6094660758972168
CCCCN(CC#CC(=O)Nc1cc2c(Nc3ccc(F)c(Cl)c3)ncnc2cn1)CCCC,1,0.9799382090568542
O=C1C[C@H](O)[C@@H]2c3c(ccc(O)c31)-c1ccc(O)c3c1[C@@]2(O)CCC3=O,1,0.5141487121582031
CN1C=CC2=C(C1=O)C(=C(N2)C3=CC(=NC=C3)NC(=O)C(CC(F)F)C4=CC=C(C=C4)F)C5=CC=CC=C5,0,0.08396546542644501
C=CC(=O)NC1(C2CCNc3c(C(N)=O)c(-c4ccc(Oc5ccccc5)cc4)nn32)CC1,1,0.9291195869445801
C1CS(=O)(=O)CCC1N2C=C(C(=N2)C3=CC=C(C=C3)F)C4=C5C=C(OC5=NC=N4)C6=CC=CC=C6,1,0.9824904799461365
Cc1ccc(C(=O)Nc2ccc(CN3CCN(C)CC3)c(C(F)(F)F)c2)cc1NC(=O)c1cnccn1,0,0.08144666254520416
COC1=CC=C(C=C1)C2=NN(C(C2)C3=CC=C(C=C3)O)C4=NC(=CS4)C5=CC=CC=C5,0,0.036908067762851715
C1CC(=O)NC(=O)C1N2C(=O)C3=C(C2=O)C(=CC=C3)NCCOCCC4=CC=C(C=C4)C5=CC6=C(N5)N=CN=C6NCC7=CC=CC=C7Cl,1,0.6515211462974548
C1=CC=C(C=C1)C2=CC3=C(N=CN=C3O2)N[C@H](CO)C4=CC=CC=C4,1,0.9227612018585205
C1COCCN1CC2=CNC3=CC4=C(C=C32)C(=NC=N4)NC5=CC(=CC=C5)Br,1,0.9774355292320251
C1=CC=C(C=C1)C2=CC(=O)N3C(=NC=N3)N2CC(=O)NNC(=S)NC4=CC=CC=C4,0,0.18068420886993408
Cc1ccc(-c2nn(C)c3ncnc(N)c23)cc1O,0,0.0077255344949662685
CCOC(=O)/C=C/C(=O)NC1=NC=C2C(=C1)C(=NC=N2)NC3=CC(=CC=C3)Br,1,0.9773492217063904
COC1=CC2=C(C=C1)OC3=NC=NC(=C3NC2)NCC4=CC=CC=C4,0,0.011597362346947193
N#C/C(=C\c1ccc(O)c(O)c1)C(=O)NCCCCc1ccccc1,0,0.010839369148015976
CN1C2=NC(=NC=C2C=C(C1=O)C3=C(C=CC=C3Cl)Cl)NCCCCCC(=O)O,0,0.012030542828142643
CCN(CC)CCNCc1ccc(-c2ccc3ncnc(Nc4ccc(OCc5cccc(F)c5)c(Cl)c4)c3c2)o1,1,0.9565936326980591
Cc1cc(Nc2ncnc3[nH]nc(OCCN4CCC(O)CC4)c23)ccc1OCc1ccccn1,1,0.7791538238525391
Nc1cc2sc3c(Nc4cccc(Br)c4)ncnc3c2cc1F,1,0.8294229507446289
CN(C)CCCCNc1cc2c(Nc3cccc(Br)c3)ncnc2cn1,1,0.9921537041664124
C=CC(=O)NC1=C(C=C2C(=C1)C(=NC=N2)CC3=CC(=CC=C3)Br)OCCCN4C=CN=C4,1,0.9808392524719238
COc1cc(/C=C2\CCC/C(=C\c3cccc(Br)c3)C2=O)cc(OC)c1,0,0.021471237763762474
CC1=C(SC=N1)C2=CC=C(C=C2)[C@H](C)NC(=O)[C@H]3C[C@@H](CN3C(=O)[C@H](C(C)(C)C)NC(=O)COCCOCCOCCOCC4=NC5=CN=C(C=C5N4C(C)C)NC6=NC(=NC=C6)N7CCC(CC7)OC)O,0,0.11008787900209427
OCCN(CCO)CCNc1cc2c(Nc3cccc(Br)c3)ncnc2cn1,1,0.9738940596580505
O=C(Nc1ccccc1)N(Cc1ccc(F)cc1)Cc1cc(Cl)cc(Cl)c1O,0,0.02391638793051243
CC1=C2C=NN(C2=CC(=N1)C3=C(C=CN=C3)OC)C4=NC(=C5C(=C4)N(C(=N5)C(=O)C)C)N6CCOCC6,1,0.9742884635925293
CNc1ncnc(-c2cccnc2Oc2ccc(F)c(C(=O)Nc3cc(C(F)(F)F)ccc3N(C)CCCN(C)C)c2)n1,0,0.15463115274906158
C/C=C/C(=O)Cc1cc2c(Nc3cccc(Br)c3)ncnc2cn1,1,0.9668201208114624
COC1=CC=C(C=C1)C2=NN(C(C2)C3=CC=C(C=C3)Cl)C4=NC(=CS4)C5=CC=C(C=C5)Cl,0,0.019870715215802193
C=CC(=O)NC1=NC=C2C(=C1)C(=NC=N2)NC3=CC(=C(C=C3)F)Br,1,0.9796091914176941
C1=CC=C2C=C(C=CC2=C1)CC3=CC4=C(N3)N=C(N=C4NC5=CC(=CC=C5)Br)N,0,0.04472257196903229
CCOc1cc2ncnc(Nc3cccc(-c4cscn4)c3)c2cc1OCC,1,0.49125760793685913
CC(C)n1nc(-c2ccc(NS(C)(=O)=O)cc2)c2c(N)ncnc21,0,0.02228618785738945
CN1C2=CC=CC=C2C(=C1[Se][Se]C3=C(C4=CC=CC=C4N3C)C(=O)O)C(=O)O,0,0.05717659369111061
CC1=CC=C(C=C1)C2CC(=NN2C3=NC(=CS3)C4=CC=C(C=C4)Cl)C5=CC(=C(C=C5)C)C,0,0.022955456748604774
C1CN2CCC1C(C2)CN3C4=CC=CC=C4SC5=CC=CC=C53,0,0.12458531558513641
C=CC(=O)N1CCC[C@H](C1)N2C(=C(C(=N2)C3=CC=C(C=C3)OC4=CC=C(C=C4)Cl)C(=O)N)N,1,0.5387860536575317
CN(C)C/C=C/C(=O)Nc1cc2c(Nc3ccc(OCc4ccccn4)cc3)ncnc2cc1O[C@H]1CCOC1,1,0.7953006029129028
CC1=NN=C(S1)N2C(=NC3=C(C2=O)C=CC(=C3)Cl)C4=CC=CC=C4,0,0.013875309377908707
CC1=C(C=CC(=C1)NC2=NC=NC3=C2C(=C(C=C3)OC)N4CC(C4)N(C)C)OC5=CC6=NC=NN6C=N5,0,0.048812419176101685
C1CC(CN(C1)C(=O)/C=C/CF)N2C(=C(C(=N2)C3=CC=C(C=C3)OC4=CC=CC(=N4)C(F)(F)F)C(=O)N)N,0,0.09359512478113174
COc1cc(/C=C2\CCC/C(=C\c3ccccc3Br)C2=O)cc(OC)c1,0,0.02044939622282982
C[C@H](C1=CC=CC=C1)NC2=C3C=C(OC3=NC=N2)C4=CC=CC=C4,1,0.7056329250335693
COc1cc(/C=C2\CCC/C(=C\c3ccccc3Cl)C2=O)cc(OC)c1,0,0.017543187364935875
CS(=O)(=O)CCNCc1ccc(-c2ccc3ncnc(Nc4ccc(OCc5ccccc5)c(Cl)c4)c3c2)o1,1,0.9647889137268066
CN(C)CCN(C)c1cc2c(Nc3cccc(Br)c3)ncnc2cn1,1,0.9820826053619385
COc1cc2ncnc(Nc3ccc(F)c(Cl)c3)c2cc1OCCn1ccnc1[N+](=O)[O-],1,0.986151397228241
CCC1=C2C(Nc3ccc4c(cnn4Cc4ccccc4)c3)=NC=NC2N=C1NC(=O)O[C@H]1CC[C@@](C)(N)CC1,1,0.4042281210422516
C[C@H]1COCCN1C2=C3C(=CC(=N2)N4C5=CC(=NC(=C5C=N4)C)C6=C(C=CN=C6)OC)N(C(=N3)C)C,1,0.9831013083457947
C1C[C@H](CN(C1)C#N)N2C(=C(C(=N2)C3=CC=C(C=C3)OC4=CC=CC=C4)C(=O)N)N,0,0.00968971662223339
C#CC1=CC(=CC=C1)NC(=O)C2=C(C=CC(=C2)NC(=O)CCCCCCC(=O)NO)O,0,0.08874128013849258
Cn1c(-c2csc(N/N=C\c3ccccc3)n2)nc2ccccc21,0,0.06255973130464554
C1=CC=C(C=C1)C2=CC3=C(C=CN=C3N2)C4=NN(C(=C4C5=CC=C(C=C5)F)C#N)CCCO,1,0.5918117165565491
C1=CC=C(C=C1)[C@@H](CO)NC2=C3C=C(OC3=NC=N2)C4=CC=C(C=C4)O,1,0.7974779009819031
CN(C)CCCNC(=O)/C=C/C(=O)NC1=NC=C2C(=C1)C(=NC=N2)NC3=CC(=CC=C3)Br,1,0.9820998907089233
O=C(Nc1ccccc1Cl)c1ccc(N(CCCl)CCCl)cc1,0,0.016769379377365112
O=C(O)CNc1cc2c(Nc3cccc(Br)c3)ncnc2cn1,1,0.9868026375770569
CC(C)(CN1C2=C(C=CC(=C2)CN3CCN(CC3)C)N=C1NC(=O)C4=CN=C(C(=N4)OC5=CC=CC(=C5C=O)O)C#N)O,1,0.9896718263626099
COc1ccccc1CNc1ncc(C(=O)NC2CCN(C)CC2)c(NC2CCCC2)n1,0,0.04694293066859245
C1COCCN1C(=O)CN2C(=CSC2=N)C3=CC=C(C=C3)Cl,0,0.019032659009099007
COc1ccc(-c2cc(=O)oc3c(O)c(O)ccc23)cc1O,0,0.43028202652931213
COCCOC1=CC=C(C=C1)NC2=NC=C3C(=N2)N(C(=O)C(=N3)C4=CC=CC=C4F)C5=CC=CC(=C5)NC(=O)C=C,1,0.7217922210693359
C1=CC(=C(C=C1NC2=C3C=C(C=C(C3=NC=C2C#N)Cl)NCC4=NNN=C4)Cl)F,0,0.06483088433742523
C1C2=C(C=CC(=C2)Br)OC3=NC=NC(=C3N1)NCC4=CC=CC=C4,0,0.01584536023437977
CCOC(=O)/C=C/C(=O)CC1=CC2=C(C=N1)N=CN=C2NC3=CC(=CC=C3)Br,1,0.9647889137268066
CO.Nc1cccc2c1sc1c(Nc3cccc(Br)c3)ncnc12,1,0.9667574763298035
CC(C)N1C2=NC=NC(=C2C(=N1)C3=CC(=CC=C3)C(=O)C)N,0,0.006758086383342743
CN(C/C=C/C(=O)N1CCc2c(sc3ncnc(Nc4cc(O)c(Cl)c(Cl)c4)c23)C1)C(C)(C)C,1,0.8747742176055908
C1CC(=O)N[C@@H]1C(=O)NC2=CC3=C(C=C2)C(=CN=C3NC4=CC(=CC=C4)Br)C#N,0,0.056966379284858704
CCOC1=C(C=C2C(=C1)C(=NC=N2)NC3=CC=CC(=C3)C4=CSC(=N4)C)OCC,0,0.746508777141571
C1CC(=O)NC(=O)C1N2C(=O)C3=C(C2=O)C(=CC=C3)NCCOCCOCCOCCOCCOCC#CC4=CC=CC5=C4C(=O)N(C5)[C@H](C6=C(C=CC(=C6)F)O)C(=O)NC7=NC=CS7,0,0.024869106709957123
C1=CC=C(C=C1)CSC2=NN=C(O2)C3=CC=CC=C3N,0,0.010489090345799923
O=c1c(-c2ccc(O)c(O)c2)coc2cc(O)cc(O)c12,1,0.9258357286453247
CC1=C(C=C(C=C1)C2=NN(C(C2)C3=CC=C(C=C3)[N+](=O)[O-])C4=NC(=CS4)C5=CC=CC=C5)C,0,0.010032951831817627
COC(=O)CN1CCC(n2cc(-c3cccc(OC)c3)c3c(N)ncnc32)CC1,0,0.03384403884410858
C#CC1=CC(=CC=C1)NC2=C3C=C(SC3=NC=N2)C(=O)C4=CC5=CC=CC=C5N4,1,0.9139840602874756
CC1=CC2=CC(=N1)C3=C(N(N=C3)C)OCCC[C@H](CN4C5=C(C=CC(=C5)NC6CCCC6)N=C4NC2=O)C7CC7,1,0.9906237721443176
Cc1cccc(-n2ncc3c(NCc4ccc5c(c4)OCO5)ncnc32)c1,0,0.03010033816099167
CC(C)S(=O)(=O)CCNCc1ccc(-c2ccc3ncnc(Nc4ccc(OCc5cccc(F)c5)c(Cl)c4)c3c2)o1,1,0.98514324426651
CCCC#CC(=O)Nc1cc2c(Nc3ccc(F)c(Cl)c3)ncnc2cn1,1,0.9305214285850525
COC1=C(C=C2C(=C1)C(=NC=N2)NC3=CC=C(C=C3)C(=O)NCC(=O)OC)OCCN4CCCCC4,0,0.23642808198928833
COC1=C(C=C(C=C1)C2=NN(C3=NC=NC(=C23)N)C4CCC4)OC,0,0.011375601403415203
C[C@@H]1CN(C[C@@H](N1C)C)C2=NC3=C(N=C(C=C3N2C)N4C5=CC(=NC(=C5C=N4)C)C6=C(C=CN=C6)OC)N7C[C@H]8C[C@@H]7CO8,1,0.9798612594604492
CC1=C(N(C2=CC(=NC(=C12)N3CCOCC3)N4C5=CC(=NC(=C5C=N4)C)C6=C(C=CN=C6)OC)C)C(=O)N(C)C,1,0.9852146506309509
COC1=CC=C(C=C1)C2=NN(C(C2)C3=CC=C(C=C3)[N+](=O)[O-])C4=NC(=CS4)C5=CC=CC=C5,0,0.014587567187845707
COC1=C(C=C2C(=C1)CNC3=C(O2)N=CN=C3OC4=C(C(=CC=C4)Cl)F)OC,0,0.03792804479598999
Cc1nn(-c2ccccc2)nc1Cn1nc(-c2ccc(F)c(O)c2)c2c(N)ncnc21,0,0.03185885772109032
C1C[C@H](CN(C1)C(=O)/C=C/CO)N2C(=C(C(=N2)C3=CC=C(C=C3)OC4=CC=C(C=C4)Cl)C(=O)N)N,0,0.06878729164600372
Oc1nnc(-c2c[nH]c(-c3ccccc3)c2-c2ccccc2)c2cn(-c3ccccc3)nc12,0,0.03594832122325897
COC1=C(C=C2C(=C1)N=CN=C2NC3=CC(=C(C=C3)OCC4=CC(=CC=C4)F)Cl)OCCCN5CCNCCNCC5,1,0.9675945043563843
CC1=C(N(C2=CC(=NC(=C12)C(C)C)N3C4=CC(=NC(=C4C=N3)C)C5=C(C=CN=C5)OC)C)C(=O)N6CCNCC6,1,0.9805060625076294
CC(C)N1C2=NC=NC(=C2C(=N1)C3=CC(=C(C=C3)N)OC)N,0,0.008577484637498856
CC(C)n1nc(-c2cc3cc(C=O)ccc3s2)c2c(N)ncnc21,0,0.07871317118406296
COC1=CC=C(C=C1)C2=NN(C(C2)C3=CC=C(C=C3)F)C4=NC(=CS4)C5=CC=C(C=C5)Cl,0,0.060863446444272995
COc1cc2ncnc(Nc3ccc(F)c(Cl)c3)c2cc1OCCn1c([N+](=O)[O-])cnc1C,1,0.9683812260627747
CC(C)C1=CC=C(C=C1)COC(=O)C2=C(C=CC(=C2)NCC3=C(C=CC(=C3)O)O)O,0,0.01767834834754467
COc1cc(/C=C/C(=O)Nc2cc3c(Nc4ccc(F)c(Cl)c4)ncnc3cc2O[C@@H]2CCOC2)cc(OC)c1OC,1,0.8147170543670654
COC1=CC(=C2C(=C1)C=CN(C2=O)C3=CC(=C(C=C3)F)Cl)OC,0,0.04012495279312134
Cn1cc([N+](=O)[O-])nc1C[N+](C)(C)C/C=C/C(=O)Nc1ccc2ncnc(Nc3cccc(Br)c3)c2c1.[Br-],1,0.9824735522270203
c1ccc(C2=NN(c3ccccc3)C(c3cccc4ccccc34)C2)cc1,0,0.027980947867035866
CC(C)N1CCC2=NN(C=C2C3=CC(=C(C=C31)OC)NC4=NC=C(C(=N4)NC5=CC=CC=C5P(=O)(C)C)Br)C6COC6,1,0.9928786158561707
Cc1[nH]c(-c2ccccc2)c(-c2ccccc2)c1-c1nnc(C)c2nn(-c3ccccc3)cc12,0,0.5068023800849915
CC(C)N1C2=NC=NC(=C2C(=N1)C3=CC(=C(C=C3)Br)OCOC)N,0,0.016044557094573975
CC1=C(N(C2=CC(=NC(=C12)C3CC3)N4C5=CC(=NC(=C5C=N4)C)C6=C(C=CN=C6)OC)C)C(=O)N(C)OC,1,0.9870420694351196
CC1=C2C=NN(C2=CC(=N1)C3=C(C=CN=C3)OC)C4=NC(=C5C(=C4)N(C(=N5)N6CCN(CC6)CCOC)C)C7CCOCC7,1,0.9862841367721558
CN(C)CCN(C1=NC=C2C(=C1)C(=NC=N2)NC3=CC(=CC=C3)Br)C(=O)C=C,1,0.9791755676269531
CCOc1cc2nc(CC)nc(Nc3cccc(-c4csc(C)n4)c3)c2cc1OCC,0,0.1703699231147766
COc1cc2c(Oc3ccc(NS(=O)(=O)c4cccc(-c5cccs5)c4)cc3F)ccnc2cc1OCCCN1CCN(C)CC1,0,0.03890198469161987
CCOc1cc2ncnc(Nc3ccc(F)c(Cl)c3)c2cc1NC(=O)/C=C/[C@@H]1CCCN1C,1,0.9902727007865906
CC1=CC(=CC(=N1)C2=CN(N=C2)C)C(=O)NC3=NC4=CC=CC=C4N3C5CCC(CC5)O,1,0.9875802993774414
CC(C)N1C2=NC=NC(=C2C(=N1)C3=CC(=C(C=C3)NC(C)CO)OC)N,0,0.016466174274683
COC1=CC=C(C=C1)C2=NN(C(C2)C3=CC=C(C=C3)[N+](=O)[O-])C4=NC(=CS4)C5=CC=C(C=C5)Cl,0,0.011732465587556362
COc1cc(/C=C2\CCC/C(=C\c3ccc(S(C)(=O)=O)cc3)C2=O)cc(OC)c1,0,0.017358999699354172
Cc1nc2cc3c(Nc4cccc(Br)c4)ncnc3cc2[nH]1,1,0.9442797303199768
C=CC(=O)Nc1cc2c(Nc3ccc(Br)cc3F)ncnc2cc1OCCNC(=O)C1CC1,1,0.9038048982620239
CCC1=CC2=C(C=C1N3CCC(CC3)N4CCOCC4)C(C5=C(C2=O)C6=C(N5)C=C(C=C6)C#N)(C)C,0,0.125869020819664
CCOc1cc2ncc(C#N)c(Nc3ccc(F)c(Cl)c3)c2cc1NC(=O)/C=C/CN(C)Cc1ccc(F)cc1,1,0.925567090511322
C1=CC(=C(C=C1NC2=C3C=C(C=C(C3=NC=C2C#N)Br)NCC4=NNN=C4)Cl)F,0,0.1149633452296257
CNC1=NC=C2C(=C1)C(=NC=N2)NC3=CC(=CC=C3)Br,1,0.9772841930389404
C1CCN(CC1)C[C@H]2[C@@H](O2)C(=O)NC3=CC4=C(C=C3)N=CN=C4NC5=CC(=CC=C5)Br,1,0.9217811226844788
C1=CC(=C(C=C1Cl)Cl)NC(=O)C2=C(C=CC(=C2)I)O,0,0.010408314876258373
CCOC1=C(C=CC(=C1)C2=NN(C3=NC=NC(=C23)N)CCO)OC,0,0.014281935058534145
CC(C)N1C2=NC=NC(=C2C(=N1)C3=CC(=C(C=C3)C#N)F)N,0,0.008594110608100891
CNC(=O)C1=C(N(C2=CC=CC=C21)C)[Se][Se]C3=C(C4=CC=CC=C4N3C)C(=O)NC,0,0.10927729308605194
C[C@@H](CN)n1nc(-c2ccc(F)c(O)c2)c2c(N)ncnc21,0,0.01838725432753563
CC1=C(SC=N1)C2=CC=C(C=C2)[C@H](C)NC(=O)[C@@H]3C[C@H](CN3C(=O)[C@H](C(C)(C)C)NC(=O)COCCOCCOCCOCCOCC4=NC5=CN=C(C=C5N4C(C)C)NC6=NC(=NC=C6)N7CCC(CC7)OC)O,0,0.11182180792093277
C#Cc1cccc(Nc2ncnc3cc(OCCCCn4ccnc4[N+](=O)[O-])c(OC)cc23)c1,1,0.9812029004096985
C1=CC(=CC=C1C2=COC3=NC=NC(=C23)N)NC(=O)NC4=C(C=CC(=C4)C(F)(F)F)F,0,0.246714785695076
CC(C)N1C2=NC=NC(=C2C(=N1)C3=CC(=CC=C3)OC)N,0,0.009196552447974682
CC1=CC2=CC(=N1)C3=C(N(N=C3)C)OCCC[C@H](CN4C5=C(C=C(C=C5)N[C@H](C)CN6CCCCC6)N=C4NC2=O)C7CC7,1,0.9924813508987427
CC1=CC2=CC(=N1)C3=C(N(N=C3)C)OCCC[C@H](CN4C5=C(C=C(C=C5)N[C@@H](C)CN6CCCCC6)N=C4NC2=O)C7CC7,1,0.9925537705421448
CC(C)(CN1C2=C(C=C(C=C2)N3CCC(CC3)N4CCN(CC4)C)N=C1NC(=O)C5=CC(=NC=C5)OC6=CC=CC(=C6C=O)O)O,1,0.9933330416679382
COc1cc(O)c2c(=O)c(-c3ccc(O)cc3)coc2c1,1,0.8682134747505188
CC(C)(CN1C2=CC=CC=C2N=C1NC(=O)C3=CC(=NC=C3)C4=CN(N=C4)C)CO,1,0.9766469597816467
COC(=O)C1=C(C2=CC=CC=C2C3=C1C4=C(O3)C(=O)C5=CC=CC=C5C4=O)OCCN6CCCCC6,0,0.34491217136383057
C1=CC(=C(C=C1NC(=O)CCCCCC(=O)NO)C(=O)NC2=CC(=C(C=C2)Cl)C(F)(F)F)O,0,0.06548520922660828
C1=CC=C2C(=C1)C(=C(N2)SSC3=C(C4=CC=CC=C4N3)CCC(=O)NCC5=CC(=C(C=C5)C(=O)O)O)CCC(=O)NCC6=CC(=C(C=C6)C(=O)O)O,0,0.029395705088973045
C1CC(C1)N2C3=NC=NC(=C3C(=N2)C4=CC(=C(C=C4)F)O)N,0,0.011892049573361874
CC(C)N1C2=NC=NC(=C2C(=N1)C3=CC(=C(C=C3)OC)O)N,0,0.007518718484789133
C=CC(=O)NC1=CC(=CC=C1)OC2=NC(=NC=C2C(F)(F)F)NC3=C(C=C(C=C3)N4CCOCC4)OC(F)F,1,0.815011739730835
CN1CCC2=C(C1=O)C(=C(N2)C3=CC(=NC=C3)NC(=O)CC4=NC=CN=C4)NC5=CC=CC=C5,0,0.035712163895368576
Cn1cccc1-c1nc2cc(NC(=O)CCl)ccc2[nH]1,0,0.25183165073394775
CC[C@@H](Nc1ncnc2sc3c(c12)CCN(C(=O)/C=C/CN(C)C)C3)c1ccccc1,1,0.9222025275230408
C1=CC(=C(C=C1NC(=O)CCCCCC(=O)NO)C(=O)NC2=CC(=C(C=C2)Cl)Cl)O,0,0.016013752669095993
COc1cc(O)c(C(=O)O)c(C2=C(C)C[C@@H](O)C2=O)c1,1,0.3764225244522095
C1C[C@H](CN(C1)C(=O)/C=C/CO)N2C(=C(C(=N2)C3=CC=C(C=C3)OC4=C(C=C(C=C4)F)F)C(=O)N)N,0,0.3269694745540619
Cc1cccc(CN(Cc2ccc(O)cc2)C(=S)Nc2ccccc2)c1O,0,0.04232458770275116
CC(C)N1C2=NC=NC(=C2C(=N1)C3=CC(=C(C(=C3)OC)OC)OC)N,0,0.013982612639665604
COc1cc(/C=C2\CCC/C(=C\c3cc(OC)cc(OC)c3)C2=O)cc(OC)c1,0,0.026835685595870018
C=CC(=O)Nc1cccc(-n2c(=O)c(=O)n(C(C)C)c3cnc(Nc4ccc(N5CCN(C)CC5)cc4OC)nc32)c1,1,0.953057050704956
COC1=CC(=C2C(=C1)OC=C(C2=O)C3=CC(=CC=C3)Cl)O,0,0.0643000602722168
CN1C2=C(C=N1)C3=CC(=C(C=C3N(CC2)[C@H]4CCCNC4)OC)NC5=NC=C(C(=N5)NC6=C(C7=NC=CN=C7C=C6)P(=O)(C)C)Br,1,0.9910320043563843
CN1C2=C(C=N1)C3=CC(=C(C=C3N(CC2)[C@@H]4CCCNC4)OC)NC5=NC=C(C(=N5)NC6=C(C7=NC=CN=C7C=C6)P(=O)(C)C)Br,1,0.9907855987548828
Brc1cc2c(NCc3ccccn3)ncnc2s1,0,0.10026027262210846
C1COCCN1CCCCNC2=NC=C3C(=C2)N=CN=C3NC4=CC(=CC=C4)Br,1,0.9878761768341064
COC1=C(C=C(C(=C1)O)C(=O)NC2=CC=CC(=C2)C#C)NC(=O)CCCCCC(=O)NO,0,0.19597849249839783
CC1=C(N(C2=CC(=NC(=C12)C(C)C)N3C4=CC(=NC(=C4C=N3)C)C5=C(C=CN=C5)OC)C)C(=O)N6CCN(CC6)C,1,0.9886024594306946
O=S(=O)(Nc1ccccn1)c1ccc(NC(=S)Nc2ccc3c(c2)OCO3)cc1,0,0.016324438154697418
COc1cc(/C=C2\CCC/C(=C\c3ccc(F)cc3)C2=O)cc(OC)c1,0,0.017917344346642494
COc1cc2c(Nc3ccc(OCc4cccc(F)c4)c(Cl)c3)ncnc2cc1OCCCN1C[C@H](O)[C@@H](O)[C@H](O)[C@H]1CO,1,0.9789956212043762
CC(C)N1C2=NC=NC(=C2C(=N1)C3=CC4=C(C=C3)OCC4)N,0,0.009340024553239346
CC(C)n1nc(-c2cccc(CC#N)c2)c2c(N)ncnc21,0,0.022650808095932007
COc1cc(/C=C2\CCC/C(=C\c3ccccc3)C2=O)cc(OC)c1,0,0.02838212437927723
C1COCCN1C2=C(C=C(C=C2)NC3=NC=NC4=C3SC(=N4)NC5=CC=C(C=C5)S(=O)(=O)N)Cl,0,0.7688199877738953
C1=CC=C(C=C1)NC(=O)C2=NC=C3C(=C2)C=CC(=C3O)O,0,0.02444636821746826
CC1=C2C=NN(C2=CC(=N1)C3=C(C=CN=C3)OC)C4=NC(=C5C(=C4)N(C(=N5)C)C)N6CCOCC6,1,0.9868152737617493
C1=CC=C(C=C1)C2=CC=C(C=C2)OC(=O)C3=C(C=CC(=C3)NCC4=C(C=CC(=C4)O)O)O,0,0.022586042061448097
COc1ccc(/C=C2\CCC/C(=C\c3cc(OC)cc(OC)c3)C2=O)cc1,0,0.026556571945548058
CC1=C(C(=O)Nc2cccc([N+](=O)[O-])c2)C(c2ccc(O)cc2O)NC(Nc2ccc(S(=O)(=O)Nc3ncccn3)cc2)=N1,0,0.07055959850549698
C1COCCN1/N=C/C2=C(N=CN=C2NC3=CC4=C(C=C3)N(N=C4)CC5=CC(=CC=C5)F)N,1,0.9506406188011169
C=CC(=O)Nc1cccc(-n2c(=O)c(-c3ccccc3)nc3cnc(Nc4ccc(OCCOC)cc4)nc32)c1,1,0.7410186529159546
C=CC(=O)N1CCC(C1)N2C3=NC=NC(=C3C(=N2)C(=O)NC4=NC5=CC=CC=C5O4)N,1,0.9348725080490112
CC(C)(CN1C2=C(C=C(C=C2)CCCO)N=C1NC(=O)C3=CC(=NC=C3)C4=CN(N=C4)C)O,1,0.9860039353370667
C1=CC=C(C=C1)CNC(=O)C(CC2=C(NC3=CC=CC=C32)SSC4=C(C5=CC=CC=C5N4)CC(C(=O)NCC6=CC=CC=C6)N)N,0,0.02025469020009041
C[C@@H]1CN(C[C@@H](N1)C)C(=O)C2=C(C3=C(N=C(C=C3N2C)N4C5=CC(=NC(=C5C=N4)C)C6=C(C=CN=C6)OC)C(C)C)C,1,0.9654463529586792
CN(C)c1ncc2ncnc(Nc3cccc(Br)c3)c2n1,1,0.9757624268531799
C1=CC(=CC(=C1)Br)NC2=NC=NC3=C2SC4=C3C=C(C=C4)N,1,0.8513358235359192
CN(C)C/C=C/C(=O)NC1=NC=C2C(=C1)C(=C(C=N2)C#N)NC3=CC(=CC=C3)Br,1,0.34714972972869873
Cn1nc(-c2ccc(Br)c(O)c2)c2c(N)ncnc21,0,0.01581493392586708
Oc1nnc(-c2c[nH]c(-c3ccccc3)c2-c2ccccc2)c2cn(-c3ccc(Cl)cc3)nc12,0,0.01923425868153572
COC1=CC(=C2C(=C1)C=CN(C2=O)C3=CC=CC(=C3)C#C)OC,0,0.21036048233509064
CC1=C(C=C(C=C1)C2=NN(C(C2)C3=CC=C(C=C3)F)C4=NC(=CS4)C5=CC=CC=C5)C,0,0.027954401448369026
CC(=O)NC[C@H]1CC[C@H](c2nc(-c3cc4ccccc4[nH]3)c3c(N)nccn32)CC1,0,0.172380730509758
CC(C)N1C2=NC=NC(=C2C(=N1)C3=CC(=C(C=C3)F)OC)N,0,0.00876212865114212
C1=CC(=CC(=C1)Br)NC2=NC=NC3=CN=C(C=C32)NC(=O)/C=C/Cl,1,0.917376697063446
CC1=C2C(=NC(=CN2C(=C1C(=O)N3CCCC3)C)N4C5=CC(=NC(=C5C=N4)C)C6=C(C=CN=C6)OC)N7CCOCC7,1,0.9867261648178101
COC(=O)C1=C(C2=CC=CC=C2C3=C1C4=C(O3)C(=O)C5=CC=CC=C5C4=O)OCCN6CCCC6,0,0.33350321650505066
CC(C)N1C2=NC=NC(=C2C(=N1)C3=CC(=C(C=C3)N)O)N,0,0.007695647422224283
C1=CC=C2C=C(C=CC2=C1)CCC3=CC4=C(N3)N=C(N=C4NC5=CC(=CC=C5)Br)N,0,0.04165676608681679
Cl.Nc1ccc2c(c1)sc1c(Nc3cccc(Br)c3)ncnc12,1,0.7747538685798645
C=CC(=O)Nc1cc2c(Nc3ccc(Br)cc3F)ncnc2cc1OCCNC(=O)CCN1CCCCC1,1,0.9423477053642273
CC1=C2C=NN(C2=CC(=N1)C3=C(C=CN=C3)OC)C4=NC(=C5C(=C4)N(C(=N5)[C@@H]6CC(CN(C6)C)(F)F)C)N7CCOCC7,1,0.9842457175254822
COc1cc(/C=C2\CCC/C(=C\c3ccc(N(C)C)cc3)C2=O)cc(OC)c1,0,0.016979992389678955
COC1=CC=C(C=C1)NC2=NC=C3C(=N2)N(C(=O)C(=N3)C4=CC=CC=C4)C5=CC=CC(=C5)NC(=O)C=C,1,0.720220685005188
Cl.c1ccc(Nc2[nH]cnc3c4ccccc4nc2-3)cc1,0,0.25178566575050354
CC(C)(CN1C2=C(C=CC(=C2)CN3CCN(CC3)C)N=C1NC(=O)C4=CN=CC(=N4)OC5=CC=CC(=C5C=O)O)O,1,0.9926542043685913
CC1=C(SC=N1)C2=CC=C(C=C2)[C@H](C)NC(=O)[C@@H]3C[C@H](CN3C(=O)[C@H](C(C)(C)C)NC(=O)COCCOCCCNCC4CN(C4)C5=NN(C6=CC(=NC=C65)NC7=NC(=NC=C7)C8=CN(N=C8)S(=O)(=O)C9CC9)C(C)C)O,1,0.728313684463501
CC1=C(N(C2=CC(=NC(=C12)C3CC3)N4C5=CC(=NC(=C5C=N4)C)C6=C(C=CN=C6)OC)C)C(=O)N(C)C,1,0.9901782274246216
COc1cccc(/C=C2\CCC/C(=C\c3cc(OC)cc(OC)c3)C2=O)c1,0,0.029760094359517097
COC1=CC=C(C=C1)C2=CC3=C(N=CN=C3O2)N[C@H](CO)C4=CC=CC=C4,1,0.9130582809448242
CC1=C2C=NN(C2=CC(=N1)C3=C(C=CN=C3)OC)C4=NC(=C5C(=C4)N(C(=N5)N6CCN(CC6)CCOC)C)N7C[C@H]8C[C@@H]7CO8,1,0.9863499999046326
CC1=C2C=NN(C2=CC(=N1)C3=C(C=CN=C3)OC)C4=NC(=C5C(=C4)N(C(=N5)N6CCN(CC6)CCOC)C)N7C[C@@H]8C[C@H]7CO8,1,0.9861913919448853
Cc1cc(C)c(O)c(CN(Cc2ccc(O)cc2)C(=O)Nc2ccccc2)c1,0,0.03458621725440025
C1=CC=C2C(=C1)C=CC=C2/C=C/C(=O)NC3=CC4=C(C=C3)N=CN=C4NC5=CC(=CC=C5)Cl,0,0.08961381763219833
COC1=C(C=CC(=C1)N2CCOCC2)NC3=NC=C(C(=N3)OC4=CC=CC(=C4)NC(=O)C=C)C(F)(F)F,1,0.9007918834686279
CC1=C(N(C2=CC(=NC(=C12)C(C)C)N3C4=CC(=NC(=C4C=N3)C)C5=C(C=CN=C5)OC)C)C(=O)N6CCN(CC6)C7COC7,1,0.9864938259124756
CCOc1cc2ncnc(Nc3cccc(-c4cncs4)c3)c2cc1OCC,1,0.6329566240310669
CN1CCN(CCCNc2c(Br)cccc2Nc2ncnc3ccncc23)CC1,1,0.9895108342170715
O=C(c1ccccc1)c1cccc(NC(=O)c2cc3ccccc3[nH]2)c1,0,0.01426819246262312
CN1C=C(C=N1)C2=CC(=CC(=N2)CF)C(=O)NC3=NC4=CC=CC=C4N3C5CCC(CC5)O,1,0.986151397228241
C#CC1=CC(=CC=C1)NC(=O)C2=CC(=CC=C2)NC(=O)CCCCCC(=O)NO,0,0.03197956085205078
N=C1N=C(NCCS(=O)(=O)O)/C(=C/C(O)CNC(=O)c2cc(Br)c[nH]2)N1,1,0.0918697863817215
C1CS(=O)(=O)C[C@@H]1CN2C=C(C(=N2)C3=CC=C(C=C3)F)C4=C5C=C(OC5=NC=N4)C6=CC=CC=C6,1,0.9895210266113281
CC(C1=NC=C2C(=C1)C(=NC=N2)NC3=CC(=CC=C3)Br)C(=O)C=C,1,0.9895513653755188
C[C@@H]1CN(C[C@H](O1)C)C2=NC3=C(N=C(C=C3N2C)N4C5=CC(=NC(=C5C=N4)C)C6=C(C=CN=C6)OC)N7C[C@H]8C[C@@H]7CO8,1,0.9808942675590515
CC1=CC=C(C=C1)C2CC(=NN2C3=NC(=CS3)C4=CC=CC=C4)C5=CC(=C(C=C5)C)C,0,0.02922898717224598
C[C@@H]1CN(CCN1C(=O)OC2=C(C=C3C(=C2)C(=NC=N3)N(C4=C(C(=CC=C4)Cl)F)C(=O)C=C)OC)C,1,0.978425920009613
C[C@H](CN)N1C2=NC=NC(=C2C(=N1)C3=CC(=C(C=C3)Cl)O)N,0,0.009090383537113667
C[C@@H](CN)N1C2=NC=NC(=C2C(=N1)C3=CC(=C(C=C3)Cl)O)N,0,0.008610767312347889
CN(C)C/C=C/C(=O)N1CCc2c(sc3ncc(C#N)c(Nc4ccc(F)c(Cl)c4)c23)C1,1,0.5146442651748657
CCN(CC)CCOC1=C(C=C2C(=C1)C(=NC=N2)NC3=CC=C(C=C3)NC(=O)NC4=C(C=C(C=C4)F)F)OC,0,0.10762491822242737
CC1=C2C=NN(C2=CC(=N1)C3=C(C=CN=C3)OC)C4=NC(=C5C(=C4)N(C(=N5)C)C)N6CCOC(C6)(C)C,1,0.990532636642456
CC1=CC2=C(N1)C=CC(=C2)NC3=C4C(=NC=C3)C=C(S4)C5=CC=C(C=C5)CN6CCOCC6,0,0.2695659101009369
C=CC(=O)NC1=CC(=CC=C1)OC2=NC(=NC=C2Cl)NC3=C(C=C(C=C3)N4CCOCC4)OC(F)F,1,0.4588412046432495
CN(C)CCCNC(=O)/C=C/C(=O)N(C)C1=NC=C2C(=C1)C(=NC=N2)NC3=CC(=CC=C3)Br,1,0.9804500341415405
CN1C=C(C=N1)C2=NC=CC(=C2)C(=O)NC3=NC4=CC=CC=C4N3C5C[C@@H](C[C@@H](C5)O)O,1,0.9827407002449036
CC(C1=NC=C2C(=C1)C(=NC=N2)NC3=CC(=CC=C3)Br)C(=O)/C=C/C(=O)NCCCN(C)C,1,0.9811848998069763
C=CC(=O)Nc1cccc(-n2c(=O)c(-c3ccccc3)c(C)c3cnc(Nc4ccc(N5CCN(C)CC5)cc4OC)nc32)c1,1,0.9226218461990356
CC(C)n1nc(-c2ccc(C(N)=O)c(Cl)c2)c2c(N)ncnc21,0,0.014172364957630634
CCN(CC)CCCNC1=NC=C2C=C(C(=O)N(C2=N1)C)C3=C(C=CC=C3Cl)Cl,0,0.01707807369530201
CC(C)(/C=C(/C#N)C(=O)N1CCC[C@@H]1Cn1nc(-c2ccc(Oc3ccccc3)cc2F)c2c(N)ncnc21)N1CCOCC1,0,0.07963873445987701
O=C(Nc1ccc(F)cc1)c1ccc(N(CCCl)CCCl)cc1,0,0.01890544779598713
COC1=CC(=C2C(=C1)C=CN(C2=O)C3=CC=CC(=C3)C#C)O,0,0.14396822452545166
COc1cc(C2=C(c3cn(COCC[Si](C)(C)C)c4ccccc34)CNC2=O)cc(OC)c1OC,0,0.01638728380203247
C=CC(=O)N(CCCN1CCOCC1)C2=NC=C3C(=C2)C(=NC=N3)NC4=CC(=CC=C4)Br,1,0.983020007610321
COc1cc2c(Nc3cccc(Br)c3)ncnc2cn1,1,0.955527126789093
CCN(CC)CCOC1=C(C2=C(C3=CC=CC=C31)OC4=C2C(=O)C5=CC=CC=C5C4=O)C(=O)OC,0,0.03864719718694687
CC1=CC(=CC=C1)NC2=NC=NC3=C2SC4=C3C=C(C=C4)N,1,0.22789862751960754
Fc1ccc(Nc2ncnc3ccc(NC(=S)NCCN4CCCCC4)cc23)cc1Cl,1,0.9856215119361877
COc1nc(Nc2ccc(-c3nc4ccccc4s3)cc2)c2cc[nH]c2n1,0,0.24269889295101166
CCCCC(=Cc1coc2nc(=N)[nH]c(N)c12)c1ccccc1OC,0,0.1883239597082138
OCC(O)CNc1cc2c(Nc3cccc(Br)c3)ncnc2cn1,1,0.9742884635925293
Cc1ccc(C(=O)Nc2ccc(CN3CCN(C)CC3)c(C(F)(F)F)c2)cc1NC(=O)c1ccc(O)nc1,0,0.022053316235542297
Brc1cccc(Nc2ncnc3cnc(NCCCN4CCOCC4)cc23)c1,1,0.9862973690032959
C=CC(=O)NC1=NC=C2C(=C1)C(=NC=N2)NC3=CC(=CC=C3)Br,1,0.9864547252655029
Cc1cccc(Nc2ncnc3cnc(N)nc23)c1,1,0.061819322407245636
C#CC(=O)Nc1cc2c(Nc3cccc(Br)c3)ncnc2cn1,1,0.96518474817276
CC(C)n1nc(-c2cccc(CO)c2)c2c(N)ncnc21,0,0.022846197709441185
CN1CCN(CC1)CCCOC2=CC3=NC=CC(=C3C=C2OC)OC4=C(C=C(C=C4)NS(=O)(=O)C5=C(C=CC=C5F)F)F,1,0.11119294166564941
OC1CCN(CCOc2n[nH]c3ncnc(Nc4ccc(OCc5ccccn5)c(Cl)c4)c23)CC1,1,0.969613254070282
C1=CC(=C(C=C1NC(=O)CCCCCC(=O)NO)C(=O)NC2=CC(=C(C=C2)F)F)O,0,0.033494532108306885
CN1C=C(C=N1)C2=NC=CC(=C2)C(=O)NC3=NC4=CC=CC=C4N3C5CCCCC5,1,0.9736947417259216
COc1ccc(-c2nn(C[C@H](C)CO)c3ncnc(N)c23)cc1OC,0,0.010839369148015976
COc1ccc(-c2nn(C[C@@H](C)CO)c3ncnc(N)c23)cc1OC,0,0.010923455469310284
Cc1ccn2ncnc(Nc3ccc4c(cnn4Cc4cccnc4)c3)c12,0,0.1683778017759323
C[C@@H](Nc1ncnc2sc(Br)cc12)c1ccccn1,0,0.18899662792682648
COc1cc(F)c(-c2nn(C(C)C)c3ncnc(N)c23)cc1F,0,0.01707807369530201
CC(C1=CC=C(C=C1)F)C(=O)NC2=NC=CC(=C2)C3=C(C4=C(N3)C=CN(C4=O)C)C5=CC=CC=C5,0,0.07490526884794235
CC1=C2C=NN(C2=CC(=N1)C3=C(C=CN=C3)OC)C4=NC(=C5C(=C4)N(C(=N5)N6CCN(CC6)CC(=O)O)C)N7C[C@H]8C[C@@H]7CO8,1,0.9895513653755188
CC1=C(C=NN1C)C2=NC=CC(=C2)C(=O)NC3=NC4=CC=CC=C4N3CC(C)(C)O,1,0.9849997162818909
CCN(CC)CCOC1=C(C=C2C(=C1)C(=NC=N2)NC3=CC=C(C=C3)NC(=O)NC4=CC=CC=C4)OC,0,0.06656918674707413
COCCOC1=CC=C(C=C1)OC2=NC(=NC3=C2C(=O)NC3)NC4=CC(=CC=C4)NC(=O)C=C,0,0.06998537480831146
C1CC(=O)NC(=O)C1N2C(=O)C3=C(C2=O)C(=CC=C3)NCCOCCOCCN4CCN(CC4)CC5=CC=C(C=C5)C6=CC7=C(N6)N=CN=C7NCC8=CC=CC=C8Cl,1,0.9143672585487366
COC1=C(C=C2C(=C1)C(=NC=N2)NC3=C(C=C(C=C3)Br)F)OCCOCCOCCNC(=O)CN4C=NC(=N4)[N+](=O)[O-],1,0.8993868231773376
C1C2=C(C=CC(=C2)F)OC3=NC=NC(=C3N1)NCC4=CC=CC=C4,0,0.009540925733745098
C/C=C/C(=O)NC1=NC=C2C(=C1)C(=NC=N2)NC3=CC(=CC=C3)Br,1,0.9720985889434814
CN1C2=C(C=N1)C3=CC(=C(N=C3NCC2)OC)NC4=NC=C(C(=N4)NC5=CC=CC=C5P(=O)(C)C)Br,1,0.9875922799110413
CNC1=CC(=CC(=N1)C2=CN(N=C2)C)C(=O)NC3=NC4=CC=CC=C4N3C5CCC(CC5)O,1,0.9870170950889587
CCCCC#CC(=O)Nc1cc2c(Nc3ccc(F)c(Cl)c3)ncnc2cn1,1,0.942135214805603
C1=CC(=CC(=C1)Br)NC2=NC=NC3=CC(=NC=C32)NCCC4=CN=CN4,1,0.9077220559120178
CC1=C(C=C(C=C1)NC(=O)C2=CC(=CC(=C2)N3C=C(N=C3)C)C(F)(F)F)CNC4=CN=C5C(=C4)C=C(N5)C(=O)OC,1,0.02931223064661026
COCCC1=CC2=C(C=C1)OC(=N2)NC(=O)C3=NN(C4=NC=NC(=C34)N)[C@@H]5CCN(C5)C(=O)C=C,1,0.7425150871276855
CC1=C2C=NN(C2=CC(=N1)C3=C(C=CN=C3)OC)C4=NC(=C5C(=C4)N(C=N5)C)N6CCOCC6,1,0.9862841367721558
C/C=C(\C)/[C@@H]([C@H](C)/C=C(\C)/C=C/CC(C)/C=C/C1=C(C(=O)C(=C(O1)OC)C)C)O,1,0.027169231325387955
COC1=CC2=C(C=C1)NC(=C2)C(=O)C3=CC4=C(N=CN=C4S3)NC5=CC(=C(C=C5)F)Cl,1,0.8216173648834229
CC(C)n1nc(-c2ccc(CC#N)cc2)c2c(N)ncnc21,0,0.01400956604629755
CC(C)N1CCC2=C(C=NN2C3COC3)C4=CC(=C(C=C41)OC)NC5=NC=C(C(=N5)NC6=C(C7=NC=CN=C7C=C6)P(=O)(C)C)Br,1,0.9920002222061157
COc1ccc(/C=C/C(=O)Nc2cc3c(Nc4ccc(F)c(Cl)c4)ncnc3cc2O[C@@H]2CCOC2)cc1,1,0.8898642659187317
COc1cc2c(Oc3ccc(NS(=O)(=O)c4cccc(-c5cnn(C)c5)c4)cc3F)ccnc2cc1OCCCN1CCOCC1,0,0.03432630002498627
CCCC1=C2C(=C(N(C2=CC(=N1)N3C4=CC(=NC(=C4C=N3)C)C5=C(C=CN=C5)OC)C)C(=O)N6CCN(CC6)CC)C,1,0.9786922335624695
CN1CCC(NC(=O)c2cnc(NCc3cc(Cl)ccc3Cl)nc2NC2CCCC2)CC1,0,0.01501474715769291
C1CN(CCC1C(=O)N)CC2=CC=C(C=C2)C3=CC4=C(S3)C(=NC=N4)NC5=CC6=C(C=C5)NC=C6,1,0.8804891109466553
CC(C)N1CC2(C1)CN(C(=O)O2)C3=CC4=C(C=C3)N=CN=C4NC5=C(C(=CC=C5)Cl)F,1,0.9645892381668091
CN1CCC(CC1)OC2=C(C=C3C(=C2)C(=NC=N3)NC4=C(C(=CC=C4)Cl)F)OC,1,0.8257302641868591
O=C1CSC(NN=C2CCCCCCC2)=N1,0,0.008235630579292774
Brc1cccc(Nc2ncnc3ccncc23)c1NCCCCN1CCOCC1,1,0.9890975952148438
Oc1cc2cc(-c3ccncc3)cnc2cc1O,0,0.041152890771627426
O=C(Nc1ccc([N+](=O)[O-])cc1)c1ccc(N(CCCl)CCCl)cc1,0,0.009577910415828228
CN1CCN(CCC#CC(=O)Nc2cc3c(Nc4ccc(F)c(Br)c4)ncnc3cn2)CC1,1,0.9740425944328308
COc1cc(Nc2ncnc3[nH]nc(OCCN4CCC(O)CC4)c23)ccc1OCc1cccc(F)c1,1,0.9213575720787048
COCCOC1=C(C=C2C(=C1)N=CN=C2NC3=C(C=CC4=C3OCO4)Cl)NC(=O)[C@@H]5CCCN5,0,0.78116375207901
CN1C=C(C=N1)C2=CC(=CC(=N2)C#N)C(=O)NC3=NC4=CC=CC=C4N3[C@H]5CCC[C@@H](C5)O,1,0.9868660569190979
COc1cccc2sc3c(Nc4cccc(Br)c4)ncnc3c12.Cl,1,0.6738358736038208
S=C(NNc1ccccc1)Nc1ccc2c(c1)OCO2,0,0.07068779319524765
CN(C)c1cc2c(Nc3cccc(Br)c3)ncnc2cn1,1,0.9846494793891907
CC1=C(SC=N1)C2=CC=C(C=C2)[C@H](C)NC(=O)[C@H]3C[C@@H](CN3C(=O)[C@H](C(C)(C)C)NC(=O)COCCOCC4=NC5=CN=C(C=C5N4C(C)C)NC6=NC(=NC=C6)N7CCC(CC7)OC)O,0,0.10150034725666046
C[C@H](C1=CC=CC=C1)NC2=C3C=C(OC3=NC=N2)C4=CC=C(C=C4)NCCN(C)C,1,0.9212159514427185
C=C(CN1CCCCC1)C(=O)c1ccc(OCc2ccccc2)cc1.Cl,0,0.1527891606092453
COc1ccc(CCOc2ccc(C(=O)/C=C/c3ccc(O)c(O)c3)cc2OC)cc1OC,0,0.03299237787723541
CCCCNC1=NC=C2C=C(C(=O)N(C2=N1)C)C3=C(C=CC=C3Cl)Cl,0,0.018689308315515518
CCN1C2=NC=NC(=C2C(=N1)C3=CC(=C(C=C3)OC)O)N,0,0.011072159744799137
C1=CC=C(C=C1)CNC(=O)C2=C(C=CC(=C2)NCC3=C(C=CC(=C3)O)O)O,0,0.013096003793179989
COc1cc(/C=C2\CCC/C(=C\c3cccc(Cl)c3)C2=O)cc(OC)c1,0,0.01962496154010296
COc1ccc(-c2n[nH]c3ncnc(N)c23)cc1O,0,0.07055959850549698
CCOC(=O)C1=C(C(=O)C2=C(C=C(C=C2O1)O)O)C3=CC=C(C=C3)OC(=O)C(=O)OCC.C(=O)(C(=O)O)O,0,0.4929508864879608
C1=CC=C2C(=C1)C(=O)N(S2)CC(=O)NC3=CC4=C(C=C3)N=CN=C4NC5=CC(=CC=C5)Br,1,0.650522768497467
C=CC(=O)Nc1cccc(N2C(=O)N(c3ccccc3)Cc3cnc(Nc4ccc(N5CCN(C)CC5)cc4OC)nc32)c1,1,0.9764007329940796
CN(CC(O)CO)c1cc2c(Nc3cccc(Br)c3)ncnc2cn1,1,0.972727358341217
O=C(C#CCN1CCOCC1)Nc1cc2c(Nc3ccc(F)c(Cl)c3)ncnc2cn1,1,0.8241790533065796
CC1=C2C=NN(C2=CC(=N1)C3=C(C=CN=C3)OC)C4=NC(=C5C(=C4)N(C(=N5)C)C)OCC6(CC6)F,1,0.9895311594009399
CN(C)CCCNC(=O)/C=C/C(=O)CC1=CC2=C(C=N1)N=CN=C2NC3=CC(=CC=C3)Br,1,0.9789151549339294
CN1CCN(NCCCNc2cc3c(Nc4cccc(Br)c4)ncnc3cn2)CC1,1,0.9881079792976379
CC1(CNC2=C1C=CC(=C2)NC(=O)C3=C(N=CC=C3)NCC4=CC=NC=C4)C,1,0.007260866463184357
CS(=O)(=O)CCNCc1cc(-c2cc3ncnc(Nc4ccc(OCc5cccc(F)c5)c(Cl)c4)c3s2)cs1,1,0.9871168732643127
Cc1[nH]c(-c2ccccc2)c(-c2ccccc2)c1-c1nnc(C)c2nn(-c3ccc(Cl)cc3)cc12,0,0.32241931557655334
CC1=C(N(C2=CC(=NC(=C12)N3CCOCC3)N4C5=CC(=NC(=C5C=N4)C)C6=C(C=CN=C6)OC)C)C(=O)N(C)CCO,1,0.9857455492019653
CC(C)(CN1C2=CC=CC=C2N=C1NC(=O)C3=CC(=NC=C3)C4=CN(N=C4)C)O,1,0.9848983883857727
CC(C)(CN1C2=C(C=C(C=C2)C3CCN(C(=O)C3)C)N=C1NC(=O)C4=CC(=NC=C4)C5=CN(N=C5)C)O,1,0.980299711227417
CN(C1=NC=C2C(=C1)C(=NC=N2)NC3=CC(=CC=C3)Br)C(=O)C=C,1,0.9874721169471741
CS(=O)(=O)C[C@@H](N)c1ccc(-c2ccc3ncnc(Nc4ccc(OCc5cccc(F)c5)c(Cl)c4)c3c2)o1,1,0.9865069389343262
CS(=O)(=O)C[C@H](N)c1ccc(-c2ccc3ncnc(Nc4ccc(OCc5cccc(F)c5)c(Cl)c4)c3c2)o1,1,0.9860174059867859
CS(=O)(=O)CC(N)c1ccc(-c2ccc3ncnc(Nc4ccc(OCc5cccc(F)c5)c(Cl)c4)c3c2)o1,1,0.9848400950431824
CCCN1CC2(C1)CN(C(=O)O2)C3=C(C=C4C(=C3)C(=NC=N4)NC5=C(C(=CC=C5)Cl)F)OC,1,0.957833468914032
C1COCCN1CCNC2=NC=C3C(=C2)N=CN=C3NC4=CC(=CC=C4)Br,1,0.9846641421318054
CCN(CC)CCN1C2=CC=CC=C2C(=C1[Se][Se]C3=C(C4=CC=CC=C4N3CCN(CC)CC)C(=O)NC)C(=O)NC,0,0.07504072040319443
CN1C=C(C=N1)C2=NC=CC(=C2)C(=O)NC3=NC4=CC=CC=C4N3[C@@H]5CCC[C@@H](C5)O,1,0.9857181310653687
CN1C=C(C=N1)C2=NC=CC(=C2)C(=O)NC3=NC4=CC=CC=C4N3[C@H]5CCC[C@@H](C5)O,1,0.9859634041786194
CN1C=C(C=N1)C2=NC=CC(=C2)C(=O)NC3=NC4=CC=CC=C4N3[C@H]5CCC[C@H](C5)O,1,0.9859904050827026
C1=CC=C2C(=C1)C=C(N2)C(=O)C3=CC4=C(N=CN=C4S3)NC5=CC(=C(C=C5)F)Cl,1,0.8966140151023865
COc1cc(N2CCN(C)CC2)ccc1Nc1ncc(Cl)c(Oc2cccc(NC(=O)COCc3ccccc3)c2)n1,0,0.029873093590140343
CN(C)CCNC1=NC=C2C(=C1)C(=NC=N2)NC3=CC(=CC=C3)Br,1,0.9854544401168823
CCN(CC)CC(CNC1=NC=C2C(=C1)C(=NC=N2)NC3=CC(=CC=C3)Br)O,1,0.9412774443626404
N#CC(C#N)=C1C(=O)NC(=O)NC1=O,0,0.04443143308162689
CC(=O)Nc1nc(C(=O)NNC(=O)CCN2CCCCC2)cs1,0,0.03362121805548668
C1=CC=C(C(=C1)NC(=O)C2=C(C=CC(=C2)I)O)Cl,0,0.01139758713543415
Clc1ccc(Nc2ncnc3[nH]ccc23)cc1Br,1,0.9259026646614075
C[C@H](C1=CC=CC=C1)NC2=C3C=C(C=CC3=NC=C2C#N)C4=CC(=C(N=C4)Cl)NS(=O)(=O)C,1,0.9634031057357788
O=c1c(-c2cccc(Cl)c2)coc2cc(O)ccc12,0,0.15974104404449463
CC(C)(C)C1=CC=C(C=C1)C2=NN=C(O2)SCC3=CC=CC=C3,0,0.01711089164018631
Brc1cc2c(NCc3cccs3)ncnc2s1,0,0.05495455116033554
CC1=C2C=NN(C2=CC(=N1)C3=C(C=CN=C3)OC)C4=NC(=C5C(=C4)N(C(=N5)N6CCN(CC6)CCO)C)N7C[C@H]8C[C@@H]7CO8,1,0.9876281023025513
O=C(Nc1ccc(Cl)cc1)c1ccc(N(CCCl)CCCl)cc1,0,0.009878941811621189
N#C/C(=C/c1ccc[nH]1)C(=O)O,0,0.029201291501522064
CC(C)N1C2=NC=NC(=C2C(=N1)C3=C(C(=CC=C3)O)F)N,0,0.008494837209582329
Cc1cc(C)nc(NS(=O)(=O)c2ccc(Nc3nncc4ccccc34)cc2)n1,1,0.06330841034650803
CN1C=C(C=N1)C2=NC=CC(=C2)C(=O)NC3=NC4=CC=CC=C4N3C5CCCS(=O)(=O)C5,1,0.9823893308639526
C1CC(CS(=O)(=O)C1)N2C=C(C(=N2)C3=CC=C(C=C3)F)C4=C5C=C(OC5=NC=N4)C6=CC=CC=C6,1,0.9871044158935547
CC1=C(SC=N1)C2=CC=C(C=C2)CNC(=O)[C@@H]3C[C@H](CN3C(=O)[C@H](C(C)(C)C)NC(=O)COCCOCCOCCOCCOCCN4CCN(CC4)CC5=CC=C(C=C5)C6=CC7=C(N6)N=CN=C7NCC8=CC=CC=C8Cl)O,1,0.9519079327583313
COc1cc(/C=N/NC(=O)COc2nc(C)nc3c2c(C)nn3-c2ccccc2)cc(OC)c1OC,0,0.026006784290075302
O=C(/C=C/CC(=O)Nc1ccc2ncnc(Nc3cccc(Br)c3)c2c1)Nc1ccc2c(Nc3cccc(Br)c3)ncnc2c1,1,0.502471923828125
COC(=O)c1ccc(CNC(=O)CCc2c(SSc3[nH]c4ccccc4c3CCC(=O)NCc3ccc(C(=O)OC)cc3)[nH]c3ccccc23)cc1,0,0.011093566194176674
CC1=C(C=C(C=C1)N2C(=O)C=CC3=CN=C4C=CC(=CC4=C32)C5=CC=C(C=C5)NS(=O)(=O)C)NC(=O)C=C,0,0.7912570834159851
CN1C=C(C=N1)C2=CC(=CC(=N2)C#N)C(=O)NC3=NC4=CC=CC=C4N3C5CCC(CC5)O,1,0.9876042604446411
COC1=C(C=CC(=C1)N2CCOCC2)NC3=NC=C(C(=N3)OC4=CC=CC(=C4)NC(=O)C=C)Cl,1,0.6664425134658813
COC1=C(C=C2C(=C1)C(=NC=N2)NC3=CC=C(C=C3)NC(=O)NC4=C(C=C(C=C4)F)F)OC,0,0.15247341990470886
C=CC(=O)Nc1cc(Nc2ncc(Cl)c(-c3cnn4ccccc34)n2)c(OC)cc1N1CCN(C(=O)CNC)CC1,0,0.120025634765625
CN1C=C(C2=C(C1=O)C(=C(N2)C3=CC(=NC=C3)NC(=O)C(CC(F)F)C4=CC=C(C=C4)F)C5=CC=CC=C5)CC(F)F,0,0.10753115266561508
Nc1ncc2ncnc(Nc3cccc(Br)c3)c2n1,1,0.6922780275344849
CN1CCN([C@H]2CC[C@H](n3nc(-c4ccc(Nc5nc6cccc(Cl)c6o5)c(F)c4)c4c(N)ncnc43)CC2)CC1,0,0.7925444841384888
CC1=C2C=NN(C2=CC(=N1)C3=C(C=CN=C3)OC)C4=NC(=C5C(=C4)N(C(=N5)N6CCOC(C6)(C)C)C)C(C)C,1,0.9885472059249878
COC1=CC=C(C=C1)C2=NN(C(C2)C3=CC=C(C=C3)Br)C4=NC(=CS4)C5=CC=CC=C5,0,0.05103541910648346
COc1cc(/C=C2\CCC/C(=C\c3cc(C(C)(C)C)c(O)c(C(C)(C)C)c3)C2=O)cc(OC)c1,0,0.015439390204846859
N#CN1CCC[C@@H](n2nc(-c3ccc(Oc4ccc(F)cc4F)cc3)c(C(N)=O)c2N)C1,0,0.047691285610198975
C=CC(=O)N1CCC([C@@H]2CCNc3c(C(N)=O)c(-c4cc(OC)c(Br)c(OC)c4)nn32)CC1,0,0.2987470328807831
C=CC(=O)N1CCC(C2CCNc3c(C(N)=O)c(-c4cc(OC)c(Br)c(OC)c4)nn32)CC1,0,0.310380756855011
CNC(=O)c1c([Se][Se]c2[nH]c3ccccc3c2C(=O)NC)[nH]c2ccccc12,0,0.07800789922475815
Cc1cccc(Nc2ncnc3cnc(N(C)C)cc23)c1,1,0.8049431443214417
CC(C)n1nc(-c2cccc(NS(C)(=O)=O)c2)c2c(N)ncnc21,0,0.03488088771700859
CN(C)C/C=C/C(=O)N1CC[C@H](C1)N2C3=NC=NC(=C3C(=N2)C(=O)NC4=NC5=C(O4)C=CC(=C5)C(F)(F)F)N,1,0.9435039758682251
C1=CC=C(C=C1)NC(=O)C2=CC3=CC(=C(C=C3C=N2)O)O,0,0.032466813921928406
CC1=C2C=NN(C2=CC(=N1)C3=C(C=CN=C3)OC)C4=NC(=C5C(=C4)N(C(=N5)N6C[C@@H]7C[C@H]6CN7CCOC)C)C8CC8,1,0.9907855987548828
Nc1cc2c(Nc3cccc(Br)c3)ncnc2cn1,1,0.6848966479301453
Nc1ncnc2c1c(-c1ccc(Cl)c(O)c1)nn2CCC1CCCNC1,0,0.011574995703995228
CCN(CC)CCCNC(=O)/C=C/C(=O)NC1=NC=C2C(=C1)C(=NC=N2)NC3=CC(=CC=C3)Br,1,0.9733928442001343
CCCC1=C2C(=C(N(C2=CC(=N1)N3C4=CC(=NC(=C4C=N3)C)C5=C(C=CN=C5)OC)C)C(=O)N6CCNCC6)C,1,0.9797065258026123
Cc1cc(C)c(O)c(CN(Cc2ccc(F)cc2)C(=S)Nc2ccccc2)c1,0,0.01807265542447567
O=c1c(-c2ccc(O)cc2)coc2cc(O)cc(O)c12,0,0.9243469834327698
COC1=CC=CC=C1C(=O)NC2(CC2)C3=CC=C(C=C3)C4=NN(C5=NC=NC(=C45)N)C6CCCC6,0,0.02169809676706791
CCCC1=C2C(=CC(=N1)N3C4=CC(=NC(=C4C=N3)C)C5=C(C=CN=C5)OC)N(C(=N2)C6CCN(CC6)C)C,1,0.989996075630188
CN(CC(=O)O)c1cc2c(Nc3cccc(Br)c3)ncnc2cn1,1,0.9836912155151367
COc1cc(/C=C2\CCC/C(=C\c3ccccc3OC)C2=O)cc(OC)c1,0,0.035813190042972565
CC(=C)C(=O)NC1=NC=C2C(=C1)C(=NC=N2)NC3=CC(=CC=C3)Br,1,0.9683812260627747
C=C/C=C/C(=O)NC1=NC=C2C(=C1)C(=NC=N2)NC3=CC(=CC=C3)Br,1,0.9807657599449158
C=CS(=O)C1=NC=C2C(=C1)C(=NC=N2)NC3=CC(=CC=C3)Br,1,0.9861780405044556
CCN(CC)CCOC1=C(C=C2C(=C1)N=CN=C2NC3=CC=C(C=C3)NC(=O)NC4=C(C=C(C=C4)F)F)OC,0,0.09154440462589264
CC(=O)OC(Cc1c(SSc2[nH]c3ccccc3c2CC(OC(C)=O)C(=O)NCc2ccccc2)[nH]c2ccccc12)C(=O)NCc1ccccc1,0,0.010209055617451668
CN(C)C/C=C/C(=O)Nc1cc2c(Nc3ccc(F)c(Cl)c3)ncnc2cc1O[C@@H]1CCOC1,0,0.9814355969429016
CC(C)n1nc(-c2ccc(C#N)nc2)c2c(N)ncnc21,0,0.00932196993380785
C[C@H](C1=CC=CC=C1)NC2=C3C=C(C=CC3=NC=C2C#N)C4=CN=C(N=C4)N,1,0.688258945941925
CC(C1=CC=CC=C1)NC2=C3C=C(C=CC3=NC=C2C#N)C4=CN=C(N=C4)N,1,0.6534310579299927
COc1cc(OC)c2c(=O)c(-c3cccc(Cl)c3)coc2c1,0,0.13603349030017853
C1=CC=C(C=C1)C2=CC3=C(N=CN=C3N2)C4=CN(N=C4C5=CC=C(C=C5)F)CCCO,1,0.9793540239334106
C1=CC(=C(C=C1/C=C(/C(=O)NCCCCCCCCCCNC(=O)/C(=C/C2=CC(=C(C=C2)O)O)/C#N)\C#N)O)O,0,0.010590936057269573
C1CC(CN(C1)C(=O)/C=C/C(F)F)N2C(=C(C(=N2)C3=CC=C(C=C3)OC4=CC=CC(=N4)C(F)(F)F)C(=O)N)N,0,0.04418331757187843
COC1=CC=C(C=C1)C2CC(=NN2C3=NC(=CS3)C4=CC=CC=C4)C5=CC=C(C=C5)OC,0,0.08381536602973938
CNC1=NC=C2C=C(C(=O)N(C2=N1)C)C3=C(C=CC=C3Cl)Cl,0,0.023286303505301476
COCCN1CCC(CC1)OC2=C(C=C3C(=C2)C(=NC=N3)NC4=C(C(=CC=C4)Cl)F)OC,1,0.756717324256897
COc1cc(/C=C2\CCC/C(=C\c3ccc(Br)cc3)C2=O)cc(OC)c1,0,0.016497835516929626
c1ccc2sc(-c3ccc(Nc4ncnc5[nH]cnc45)cc3)nc2c1,0,0.23713400959968567
CC(C)N1C2=NC=NC(=C2C(=N1)C3=CC(=C(C=C3)O)F)N,0,0.00851130299270153
CN(C)c1ccc2sc3c(Nc4cccc(Br)c4)ncnc3c2c1,1,0.9428760409355164
COc1cc2ncnc(Nc3ccc(NC(=O)Nc4cccc(Br)c4)cc3)c2cc1OC,0,0.08555635064840317
C1CC(C1)N2C3=NC=NC(=C3C(=N2)C4=CC(=C(C=C4)Cl)O)N,0,0.00976497307419777
CC1=CC(=CC(=C1)COC(=O)C2=C(C=CC(=C2)NCC3=C(C=CC(=C3)O)O)O)C,0,0.027637720108032227
COC1=CC=C(C=C1)C2=NN(C(C2)C3=CC=C(C=C3)Br)C4=NC(=CS4)C5=CC=C(C=C5)Cl,0,0.0333683118224144
C=CC(=O)NC1=NC2=C(C=C1CCCCN3CCOCC3)N=CN=C2NC4=CC(=C(C=C4)F)Cl,1,0.9848983883857727
CN1CCN(CCC#CC(=O)Nc2cc3c(Nc4ccc(F)c(Cl)c4)ncnc3cn2)CC1,1,0.986929178237915
CCN(CC)CCOC1=C(C=C2C(=C1)N=CN=C2NC3=CC=C(C=C3)NC(=O)NC4=CC=CC=C4)OC,0,0.0616496242582798
COC1=CC=C(C=C1)C2=NN(C(C2)C3=CC=C(C=C3)O)C4=NC(=CS4)C5=CC=C(C=C5)Cl,0,0.026430636644363403
CC1=C2C=NN(C2=CC(=N1)C3=C(C=CN=C3)OC)C4=NC(=C5C(=C4)N(C(=N5)N6CCN(CC6)C)C)N7CCCCC7,1,0.988863468170166
COc1cc2ncnc(Nc3ccc(OCc4cccc(F)c4)c(Cl)c3)c2cc1OCCCCCCn1ccnc1[N+](=O)[O-],1,0.9859499335289001
CC1=CC=C2N1N=CN=C2NC3=CC(=C(C=C3)F)Cl,0,0.08826860040426254
CC(C)n1nc(-c2ccc(F)c(C#N)c2)c2c(N)ncnc21,0,0.012895587831735611
C1=CC(=CC(=C1)Br)NC2=NC=NC3=C2C=C(N=C3)CC(=O)/C=C\Cl,1,0.9557754397392273
NNC(=O)/C=C1/Nc2ccc(Br)cc2NC1=O,0,0.13223415613174438
C=CC(=O)Nc1cccc(-n2c(=O)c(=O)n(CCC)c3cnc(Nc4ccc(N5CCN(C)CC5)cc4OC)nc32)c1,1,0.9692951440811157
COC[C@H](C1=CC=CC=C1)NC2=C3C=C(OC3=NC=N2)C4=CC=C(C=C4)OC,1,0.7765381932258606
CC#CC(=O)N1CCc2c(sc3ncnc(N[C@H](CO)c4ccccc4)c23)C1,0,0.6689884066581726
CN1C=C(C=N1)C2=NC=CC(=C2)C(=O)NC3=NC4=CC=CC=C4N3C5CCC(CC5)O,1,0.9874235987663269
CC1=CC(=C2C(=NN(C2=N1)C3=CC=CC=C3)C)OCC(=O)N/N=C/C4=CC=C(C=C4)OC,0,0.01842254213988781
COC1=C(C=C2C(=C1)N=CN=C2NC3=CC(=C(C=C3)Cl)Cl)OCCCN4CCOCC4,1,0.8107038140296936
CC(C1=CC=C(C=C1)F)C(=O)NC2=NC=CC(=C2)C3=C(C4=C(N3)C(=CN(C4=O)C)CC(F)(F)F)C5=CC=CC=C5,0,0.5047835111618042
Cc1ccc(SCC(CN(C)C)C(=O)c2ccc(OCc3ccccc3)cc2)cc1C.Cl,0,0.016371551901102066
COC1=C(C=C2C(=C1)N=CN=C2NC3=C(C=CC(=C3)Cl)F)OC4CCN(CC4)S(=O)(=O)C,1,0.8709269165992737
CN(C)CCCNc1cc2c(Nc3cccc(Br)c3)ncnc2cn1,1,0.9912039041519165
COC1=C(C=C2C(=C1)N=CN=C2NC3=CC=CC(=C3)C#C)OCCCN4CCOCC4,1,0.9556928277015686
Cc1oc2cc(O)cc(O)c2c(=O)c1-c1ccc(O)cc1,1,0.8749880194664001
CC(C)n1nc(-c2cccc(S(N)(=O)=O)c2)c2c(N)ncnc21,0,0.014503580518066883
CN1C(=C(C=N1)C2=NC=CC(=C2)C(=O)NC3=NC4=CC=CC=C4N3C5CCC(CC5)O)Cl,1,0.9872773289680481
C1=CC=C(C=C1)CNC(=O)C2=NC=C3C(=C2)C=CC(=C3O)O,0,0.01842254213988781
C1=CC=C2C(=C1)C(=C(N2)SSC3=C(C4=CC=CC=C4N3)CCC(=O)NCC5=CC=C(C=C5)C(=O)O)CCC(=O)NCC6=CC=C(C=C6)C(=O)O,0,0.020964240655303
Nc1ncnc2c1c(-c1cccc(O)c1)cn2C1CCN(CCO)CC1,0,0.06928940862417221
CC(C)(C)N1C2=NC=NC(=C2C(=N1)C3=CC(=C(C=C3)OC)OC)N,0,0.01245565339922905
COC1=CC=C(C=C1)NC2=NC=C3C(=N2)N(C(=O)C(=N3)OC4=CC=CC=C4)C5=CC=CC(=C5)NC(=O)C=C,1,0.6001883149147034
COC(=O)c1ccc(CNC(=O)CCc2c(SSc3[nH]c4ccccc4c3CCC(=O)NCc3ccc(C(=O)OC)c(O)c3)[nH]c3ccccc23)cc1O,0,0.02239282801747322
CC(C)(CCN1C2=CC=CC=C2N=C1NC(=O)C3=CC(=NC=C3)C4=CN(N=C4)C)O,1,0.9795506000518799
COC1=C(C=CC(=C1)N2CCOCC2)NC3=NC=C(C(=N3)NC4=CC(=CC=C4)NC(=O)C=C)Cl,1,0.83601975440979
CC1=C(N(C2=CC(=NC(=C12)C(C)C)N3C4=CC(=NC(=C4C=N3)C)C5=C(C=CN=C5)OC)C)C(=O)N6CCN(CC6)C(=O)C,1,0.9858821630477905
C1COCCN1CCCNC2=NC=C3C(=C2)N=CN=C3NC4=CC(=CC=C4)Br,1,0.9874721169471741
C1=CC(=CC(=C1)NC(=O)C2=C(C=CC(=C2)NC(=O)CCCCCC(=O)NO)O)C(F)(F)F,0,0.13916224241256714
C1=CC=C2C(=C1)NC(=N2)CC3=NN=C(O3)C4=C(C=C(C=C4)Cl)Cl,0,0.013045613653957844
CC1=C(C=C(C=C1)C2=NN(C(C2)C3=CC=C(C=C3)Br)C4=NC(=CS4)C5=CC=CC=C5)C,0,0.022846197709441185
C=CC(=O)Nc1cc(Nc2ncc(Cl)c(-c3cnn4ccccc34)n2)c(OC)cc1N1CCN(C(=O)[C@H](C)N)CC1,0,0.11884451657533646
C=CC(=O)NC1=C(C=C2C(=N1)C(=NC=N2)NC3=CC(=C(C=C3)F)Cl)OCCCN4CCOCC4,1,0.9768244624137878
COC1=CC=CC=C1C(=O)NCC2=CC=C(C=C2)C3=NN(C4=NC=NC(=C34)N)C5CCCO5,0,0.0071076322346925735
COC1=C(C=CC(=C1)N2CCOCC2)NC3=NC=C(C(=N3)NC4=CC(=CC=C4)NC(=O)C=C)C(F)(F)F,1,0.9545204043388367
C1=CC(=C(C=C1NC(=O)CCCCCC(=O)NO)C(=O)NC2=CC(=C(C=C2)F)Cl)O,0,0.06036299839615822
COCCOC1=CC=C(C=C1)NC2=NC=C3C(=N2)N(C(=O)C(=N3)C4=CC=CC=C4Cl)C5=CC=CC(=C5)NC(=O)C=C,1,0.5641735196113586
CN1CCC2=C(C1=O)C(=C(N2)C3=CC(=NC=C3)NC(=O)CC4=CC=CC=N4)NC5=CC=CC=C5,0,0.023779984563589096
COc1cc(/C=C2\SC(=N)NC2=O)ccc1OCCCOc1cc(C)cc(C)c1,0,0.007636216469109058
COc1cc2c(Nc3cccc(Br)c3)ncnc2cc1OCCCCCCn1ccnc1[N+](=O)[O-],1,0.9845606088638306
CSCc1oc2cc(O)cc(O)c2c(=O)c1-c1ccc(O)cc1,1,0.8748277425765991
CCOC1=CC(=CC(=C1O)CSC2=CC=CC(=C2)OC)/C=C(\C#N)/C(=O)N,0,0.011777842417359352
CC(C)(CN1C2=C(C=C(C=C2)CC(=O)OC)N=C1NC(=O)C3=CC(=NC=C3)C4=CN(N=C4)C)O,1,0.9685303568840027
CC1=CC=CC=C1C2=NN=C(O2)SCC3=CC=CC=C3,0,0.022499971091747284
CCN(CC)CCCNC(=O)/C=C/C(=O)CC1=CC2=C(C=N1)N=CN=C2NC3=CC(=CC=C3)Br,1,0.9646226167678833
COc1cc2cccc(Oc3ccc(NC(=O)C4(C(=O)Nc5ccc(F)cc5)CC4)cc3)c2cc1OC,0,0.0874079167842865
O=C(Nc1ccccc1)N(Cc1ccc(F)cc1)Cc1cc(Br)cc(Br)c1O,0,0.01651368848979473
CC(CN1C2=NC=NC(=C2C(=N1)C3=CC=C(C=C3)CNC(=O)C4=CC=CC=C4OC)N)O,0,0.012288597412407398
COc1cc2ncnc(Nc3ccc(F)c(Cl)c3)c2cc1OCCCN1CCOCC1,1,0.9459512829780579
O=C(/C=C/c1ccc(O)c(O)c1)c1ccc(O[C@@H]2O[C@H](CO)[C@@H](O)[C@H](O)[C@H]2O)c(O)c1O,0,0.6927199363708496
Nc1ncnc2ncn(CC(=O)c3c[nH]c4ccccc34)c12,0,0.03087971732020378
C#Cc1cccc(Nc2ncnc3ccc(S(=O)(=O)n4ccc(/C=C/C(=O)NO)c4)cc23)c1,0,0.3034995198249817
COC1=C(C=C2C(=C1)N=CN=C2NC3=CC=CC(=C3)C#C)OCCCCCN=C(NC#N)NC4=CC=NC=C4,1,0.9399685263633728
CC1(C)C(=O)N([C@H]2CCc3c(O)cccc32)c2nc(Nc3ccccc3)ncc21,0,0.29956603050231934
C1=CC(=CC(=C1)F)COC2=C(C=C(C=C2)NC(=O)C3=C(C=CC(=C3)NC(=O)CCCCCC(=O)NO)O)Cl,0,0.06536578387022018
C[C@H](C1=CC=CC=C1)NC2=C3C=C(OC3=NC=N2)C4=CC(=CC=C4)O,1,0.7694269418716431
CC(C)(CN1C2=C(C=CC(=C2)CN3CCN(CC3)C)N=C1NC(=O)C4=CC(=C5C(=C4)C=CS5)OC6=CC=CC(=C6C=O)O)O,1,0.9921233057975769
Cc1cccc(Nc2ncnc3cnc(N(C)C)nc23)c1,1,0.48291680216789246
Cc1ncnc(Nc2ccc(OCc3cccc(F)c3)c(Cl)c2)c1C#CCCCN1CCCC1,1,0.9717789888381958
COc1cc(Nc2c(C#N)cnc3cc(/C=C/CCN4CCN(C)CC4)c(OC)cc23)c(Cl)cc1Cl,0,0.19057334959506989
CC1=CC=C(C=C1)C2CC(=NN2C3=NC(=CS3)C4=CC=CC=C4)C5=CC=C(C=C5)OC,0,0.06441766023635864
N#CCCCn1nc(-c2ccc(F)c(O)c2)c2c(N)ncnc21,0,0.015276946127414703
CC(C)CN1C2=CC=CC=C2N=C1NC(=O)C3=CC(=NC=C3)C4=CN(N=C4)C,1,0.9424538016319275
N#Cc1cnc2ccc(-c3ccc(CN)cc3)cc2c1N[C@@H]1C[C@H]1c1ccccc1,0,0.05444958060979843
CCN(CC)CCNC(=O)C1=C(N(C2=CC=CC=C21)C)[Se][Se]C3=C(C4=CC=CC=C4N3C)C(=O)NCCN(CC)CC,0,0.08678673207759857
C=CC(=O)N1CCc2c(sc3ncnc(N[C@@H](CO)c4ccccc4)c23)C1,0,0.9370958209037781
CN1C=NC2=C1C=C3C(=C2)C(=NC=N3)NC4=CC(=CC=C4)Br,1,0.9860308170318604
CC1=CC(=CC=C1)NC2=NC=NC3=CC(=NC=C32)NCCCN4CCOCC4,1,0.9253649115562439
C=CC(=O)NC1=NC2=C(C=C1CCCCN3CCOCC3)N=CN=C2CC4=CC(=C(C=C4)F)Cl,1,0.9893062710762024
CC1=C(C=C(C=C1)C2=NN(C(C2)C3=CC=C(C=C3)OC)C4=NC(=CS4)C5=CC=CC=C5)C,0,0.03283695504069328
C1=CC=C2C(=C1)C=C(N2)C(=O)C3=CC4=C(N=CN=C4S3)NC5=CC(=CC=C5)Cl,1,0.8698251843452454
CC1=C(C=CC(=C1)NC2=NC=NC3=C2C(=C(C=C3)OC)N4CC5(C4)C[C@@H](CCN5C)F)OC6=CC7=NC=NN7C=N6,0,0.03871982917189598
Cc1ccc(-n2cc3c(-c4c(C)[nH]c(-c5ccccc5)c4-c4ccccc4)nnc(C)c3n2)cc1,0,0.5961098670959473
C1CNCC1CN2C3=NC=NC(=C3C(=N2)C4=CC(=C(C=C4)Cl)O)N,0,0.016371551901102066
CCC(C)N1C2=NC=NC(=C2C(=N1)C3=CC(=C(C=C3)C)O)N,0,0.0072890776209533215
C=CC(=O)Nc1cccc(-n2c(=O)c(=O)n(C(C)C)c3cnc(Nc4ccc(N5CCN(C)CC5)c(C)c4)nc32)c1,1,0.8944672346115112
C=CC(=O)N1CCCC(C1)N2C(=C(C(=N2)C3=CC=C(C=C3)OC4=C(C=C(C=N4)Cl)F)C(=O)N)N,1,0.8548240661621094
CCOC1=CC(=CC(=C1O)CSC2=CC=C(C=C2)O)/C=C(\C#N)/C(=O)N,0,0.013350849971175194
COC1=C(C=C(C=C1)NC(=O)CCCCCC(=O)NO)C(=O)NC2=CC=CC(=C2)C#C,0,0.10284408181905746
CC(C)n1nc(-c2cccc(C#N)c2)c2c(N)ncnc21,0,0.017610641196370125
O=C(Nn1c(-c2ccc(Br)cc2)cs/c1=N\c1ccc([N+](=O)[O-])cc1)c1ccc(Cl)cc1,0,0.006277706008404493
OCCN(CCO)CCCNc1cc2c(Nc3cccc(Br)c3)ncnc2cn1,1,0.9789353013038635
C1C[C@H](CN(C1)C#N)N2C(=C(C(=N2)C3=CC=C(C=C3)OC4=CC=C(C=C4)Cl)C(=O)N)N,0,0.008898884057998657
CC1=C(N(C2=CC(=NC(=C12)C3CC3)N4C5=CC(=NC(=C5C=N4)C)C6=C(C=CN=C6)OC)C)C(=O)N7CCN(CC7)C,1,0.9904590845108032
O=C(Nc1ccccc1)N(Cc1ccc(O)cc1)Cc1cc(Br)cc(Br)c1O,0,0.03622005507349968
CC1=CC(=CC=C1)NC2=NC=NC3=CC(=NC=C32)NCCC4=CN=CN4,1,0.47407567501068115
COc1cc(C2=C(c3c[nH]c4ccccc34)CNC2=O)cc(OC)c1OC,0,0.024007746949791908
COc1cc(/C=C2\CCC/C(=C\c3ccc(Cl)cc3)C2=O)cc(OC)c1,0,0.015365341678261757
CCCC1=C2C(=C(N(C2=CC(=N1)N3C4=CC(=NC(=C4C=N3)C)C5=C(C=CN=C5)OC)C)C(=O)N6CCN(CC6)C)C,1,0.988436222076416
CN(C)C/C=C/C(=O)Nc1cc2c(Nc3ccc(OCc4ccccn4)c(Cl)c3)ncnc2cc1O[C@H]1CCOC1,1,0.9646226167678833
COC1=CC=C(C=C1)C2CC(=NN2C3=NC(=CS3)C4=CC=C(C=C4)Cl)C5=CC=C(C=C5)OC,0,0.04620574787259102
CC1=C(C=C(C=C1)C2=NN(C(C2)C3=CC=C(C=C3)Cl)C4=NC(=CS4)C5=CC=CC=C5)C,0,0.018599966540932655
COc1ccccc1C(=Cc1coc2nc(=N)[nH]c(N)c12)C(C)C,0,0.1278158277273178
C[C@H](C1=CC=CC=C1)NC2=C3C=C(OC3=NC=N2)C4=CC=CC=C4O,1,0.8411091566085815
CC1=C(C=C(C=C1)C(=O)NC23CC4CC(C2)CC(C4)C3)NC5=NC=NC6=CC(=C(C=C65)OCCCN7CCOCC7)OC,1,0.9050709009170532
C1=CC(=CC(=C1)Cl)C2=CNC3=C(C2=O)C(=CC(=C3)O)O,1,0.021969225257635117
C=CC(=O)N1CCC(C2CCNc3c(C(N)=O)c(-c4cc(OC)c(C)c(OC)c4)nn32)CC1,0,0.190272256731987
CC(C)(C)OCN1C=C(C2=CC=CC=C21)C3=C(C(=O)NC3)C4=CC(=C(C(=C4)OC)OC)OC,0,0.0346514917910099
CC(C)n1nc(-c2cccnc2)c2c(N)ncnc21,0,0.009898063726723194
COc1cc2c(Nc3cccc(Br)c3)ncnc2cc1OCCCCn1ccnc1[N+](=O)[O-],1,0.9841088652610779
Cc1ccc(C2=NN(c3ccccc3)C(c3ccc(OC4CCCC4)cc3)C2)cc1,0,0.027324529364705086
O=C(NO)c1ccc(-c2ccc3ncnc(Nc4ccc(OCc5cccc(F)c5)c(Cl)c4)c3c2)o1,1,0.942081868648529
CC(C)n1nc(-c2ccc(S(N)(=O)=O)cc2)c2c(N)ncnc21,0,0.01182339433580637
CN1C=C(C=N1)C2=CC(=CC(=N2)C#C)C(=O)NC3=NC4=CC=CC=C4N3C5CCC(CC5)O,1,0.9886682629585266
Cc1cccc(/C=C2/SC(N3CCC[C@H]3C(=O)Nc3ccc4ncnc(Nc5cccc(Cl)c5)c4c3)=NC2=O)n1,0,0.08079154789447784
C1CCN(CC1)S(=O)(=O)C2=CC=C(C=C2)N=CC3=C(C=CC(=C3)Br)O,0,0.028194217011332512
C#CC1=CC(=CC=C1)NC(=O)C2=C(C=CC(=C2)NC(=O)CCCCCC(=O)NO)O,0,0.11318691074848175
CC1=C2C=NN(C2=CC(=N1)C3=C(C=CN=C3)OC)C4=NC(=C5C(=C4)N(C(=N5)C(=O)N(C)C)C)N6CCOCC6,1,0.9482505321502686
CC1=CC(=CC=C1)NC2=NC=NC3=CN=C(C=C32)NC(=O)C=C,1,0.9455001950263977
CCOc1cc2ncc(C#N)c(Nc3ccc(F)c(Cl)c3)c2cc1NC(=O)/C=C/c1cn(CCF)nn1,1,0.9378399848937988
Cc1ccc(-c2n[nH]c3ncnc(N)c23)cc1O,0,0.03843008726835251
COc1cc2c(cc1OC)Sc1nc(C)nc(Nc3ccc4[nH]cnc4c3)c1NC2,0,0.024007746949791908
CC(C)N1C2=NC=NC(=C2C(=N1)C3=C(C(=CC=C3)OC)OC)N,0,0.00912563782185316
O=C(/C=C/CN1C2CCC1CC2)N1CCc2c(sc3ncnc(Nc4ccc(F)c(Cl)c4)c23)C1,1,0.94629967212677
C1C(N(N=C1C2=CC=C(C=C2)Br)C3=NC(=CS3)C4=CC=CC=C4)C5=CC=C(C=C5)Br,0,0.03775027394294739
O=C(NCc1ccccc1)C(O)Cc1c(SSc2[nH]c3ccccc3c2CC(O)C(=O)NCc2ccccc2)[nH]c2ccccc12,0,0.01764446310698986
COC1=C(C=C2C(=C1)N=CN=C2N(C3=CC(=C(C=C3)F)Cl)C(=O)C=C)OCCCN4CCOCC4,0,0.9800721406936646
CC(C1=CC=C(C=C1)F)C(=O)NC2=NC=CC(=C2)C3=C(C4=C(N3)C=CN(C4=O)C)C5=CC=C(C=C5)F,0,0.04564947262406349
CS(=O)(=O)CCNCc1ccc(-c2ccc3ncnc(Nc4ccc(OCc5cccc(C(F)(F)F)c5)cc4)c3c2)o1,1,0.5119911432266235
C1=CC(=CC(=C1)Br)NC2=NC=NC3=C2C=C(C=C3)NC(=S)NC4=CC=C(C=C4)S(=O)(=O)NC5=NC=CS5,1,0.7869504690170288
Fc1ccc(Nc2ncnc3ccc(C#Cc4ccccc4)cc23)cc1Cl,0,0.5492478013038635
OC[C@@H](Nc1ncnc2oc(-c3ccccc3)c(Cl)c12)c1ccccc1,1,0.9583821892738342
C=CC(=O)Nc1cc2c(Nc3ccc(Br)cc3F)ncnc2cc1OCCNC(=O)N1CCNCC1,1,0.8231152892112732
C1=CC=C(C=C1)C2=NC3=CC=CC=C3C(=O)N2NC(=O)C4=CC=C(C=C4)Br,0,0.03120281547307968
C=CC(=O)N1CC(C1)N2C3=NC=NC(=C3C(=N2)C(=O)NC4=NC5=C(O4)C=CC(=C5)F)N,1,0.9695556163787842
C1CC(CN(C1)C(=O)/C=C/CF)N2C(=C(C(=N2)C3=CC=C(C=C3)OC4=C(C=C(C=N4)Cl)F)C(=O)N)N,0,0.09025324136018753
C1=CC(=CC=C1C2=NN=C(O2)CC3=NC4=C(N3)C=C(C=C4)Cl)Cl,0,0.012312325648963451
Oc1ccc(CN(Cc2cc(Cl)cc(Cl)c2O)C(=S)Nc2ccccc2)cc1,0,0.03656250610947609
CN(CCO)CCNc1cc2c(Nc3cccc(Br)c3)ncnc2cn1,1,0.9738444089889526
CCCC1=C2C(=C(N(C2=CC(=N1)N3C4=CC(=NC(=C4C=N3)C)C5=CNC=CC5=O)C)C(=O)N6CCN(CC6)CC)C,1,0.9514138102531433
Cn1c(-c2csc(N/N=C\c3ccc(F)cc3)n2)nc2ccccc21,0,0.07290027290582657
CN(C)C/C=C/C(=O)N1CCC[C@H](C1)N2C(=C(C(=N2)C3=CC=C(C=C3)OC4=C(C=C(C=C4)F)F)C(=O)N)N,0,0.3207415044307709
C1=CN2C(=C1)C(=NC=N2)NC3=CC(=C(C=C3)F)Cl,0,0.2148561179637909
CS(=O)(=O)CCNCc1ccc(-c2ccc3ncnc(Nc4ccc(OCc5cccc(F)c5)c(Cl)c4)c3c2)o1,1,0.9822707772254944
CC1=C2C=NN(C2=CC(=N1)C3=C(C=CN=C3)OC)C4=NC(=C5C(=C4)N(C(=N5)N6CCC(CC6)N7CCC(C7)(F)F)C)N8C[C@H]9C[C@@H]8CO9,1,0.9842609167098999
C=C=CC(=O)Nc1cc(Nc2nccc(-c3cnn4ccccc34)n2)c(OC)cc1N(C)CCN(C)C,0,0.13324594497680664
CN(C)[C@@H](CS(C)(=O)=O)c1ccc(-c2ccc3ncnc(Nc4ccc(OCc5cccc(F)c5)c(Cl)c4)c3c2)o1,1,0.9887228012084961
CC1=C2C=NN(C2=CC(=N1)C3=C(C=CN=C3)OC)C4=NC(=C5C(=C4)N(C(=N5)N6CC7(C6)CCOC7)C)N8C[C@H]9C[C@@H]8CO9,1,0.9873262047767639
O=C(Nc1ccc(Br)cc1)c1ccc(N(CCCl)CCCl)cc1,0,0.017242776229977608
CN1C(=O)C2=C(NC1=O)N=C(N2)SC/C(=N/O)/C3=CC=C(C=C3)Cl,0,0.03240551799535751
CC(C)N(C)C/C=C/C(=O)N1CC[C@H](C1)N2C3=NC=NC(=C3C(=N2)C(=O)NC4=NC5=C(O4)C=CC(=C5)Cl)N,1,0.9496226906776428
CC1=C(SC=N1)C2=CC=C(C=C2)[C@H](C)NC(=O)[C@H]3C[C@@H](CN3C(=O)[C@H](C(C)(C)C)NC(=O)COCCOCCOCCOCCOCCOCC#CC4=CC=CC5=C4C(=O)N(C5)[C@H](C6=C(C=CC(=C6)F)O)C(=O)NC7=NC=CS7)O,0,0.11666333675384521
C1=CC=C(C=C1)COC(=O)C2=C(C=CC(=C2)NCC3=C(C=CC(=C3)O)O)O,0,0.023264102637767792
C[C@H](C1=CC=CC=C1)NC2=C3C=C(OC3=NC=N2)C4=CC=C(C=C4)C#N,1,0.8801289796829224
CC1=C(C=C(C=C1)C2=NN(C3=NC=NC(=C23)N)C(C)C)O,0,0.007204768713563681
C[C@H](C1=CC=CC=C1)NC2=C3C=C(OC3=NC=N2)C4=CC=C(C=C4)C=C,1,0.921710729598999
CC1=C(C=C(C=C1)C2=NN(C(C2)C3=CC=C(C=C3)Br)C4=NC(=CS4)C5=CC=C(C=C5)Cl)C,0,0.018833130598068237
Cn1c(-c2csc(N/N=C\c3ccc(Br)cc3)n2)nc2ccccc21,0,0.10248421877622604
COc1cc2c(cc1OC)Nc1ncnc(Oc3ccc(NC(=O)C4(C(=O)Nc5ccc(F)cc5)CC4)cc3F)c1NC2,0,0.014559517614543438
Brc1cccc(Nc2ncnc3cnccc23)c1,1,0.9577545523643494
O=C(CSc1nc2ccccc2c(=O)n1Cc1ccc2c(c1)OCO2)Nc1ccc(I)cc1,0,0.06602513045072556
CC(C)N1C2=NC=NC(=C2C(=N1)C3=CC(=C(C=C3)O)OC)N,0,0.007533306255936623
CN(C)CCN1C=NC2=C1C=C3C(=C2)C(=NC=N3)NC4=CC(=CC=C4)Br,1,0.9859904050827026
CC(=CC(=O)N1CC[C@H](C1)N2C3=NC=NC(=C3C(=N2)C(=O)NC4=NC5=C(O4)C=CC(=C5)Cl)N)C,1,0.32734566926956177
COC[C@@H]1CCCN1CC#CC(=O)NC2=CC3=C(C(=CN=C3C=C2)C#N)NC4=CC(=CC=C4)Br,0,0.10941995680332184
COCC1CCCN1CC#CC(=O)Nc1ccc2ncc(C#N)c(Nc3cccc(Br)c3)c2c1,0,0.10951516032218933
CS(=O)C1=CC=C(C=C1)C2=NC(=C(N2)C3=CC=NC=C3)C4=CC=C(C=C4)F,0,0.3503658175468445
CC1=CC(=CC(=N1)C2=CN(N=C2)C)C(=O)NC3=NC4=CC=CC=C4N3[C@H]5CCC[C@@H](C5)O,1,0.9889812469482422
NC(=O)CN1CCC(n2cc(-c3cccc(O)c3)c3c(N)ncnc32)CC1,0,0.08314291387796402
Cl.O=[N+]([O-])c1ccc2sc3c(Nc4cccc(C(F)(F)F)c4)ncnc3c2c1,0,0.1946738362312317
COc1cc(Nc2ncnc3ccc(-c4ccc(CNCCS(C)(=O)=O)o4)cc23)ccc1OCc1cccc(F)c1,1,0.8743993639945984
COc1cc2ncnc(Oc3ccc(NC(=O)Nc4cccc(C(F)(F)F)c4)c4ccccc34)c2cc1OC,0,0.03484802693128586
O=C(CSc1nc2ccccc2c(=O)n1Cc1ccc2c(c1)OCO2)Nc1ccccc1F,0,0.14116297662258148
CN1CCN(CC1)CCCNC2=NC3=NC(=C(C=C3C=N2)C4=C(C=CC=C4Cl)Cl)NC(=O)NC5CCCCC5,0,0.10539454221725464
CC1=C(SC=N1)C2=CC(=C(C=C2)CNC(=O)[C@@H]3C[C@H](CN3C(=O)[C@H](C(C)C)N4CC5=CC=CC=C5C4=O)O)OCCN6CCN(CC6)CC7=CC=C(C=C7)C8=CC9=C(N8)N=CN=C9NCC1=CC=CC=C1Cl,1,0.8886622190475464
CN1C(=O)C2=C(NC1=O)N=C(N2)SC/C(=N/O)/C3=CC=C(C=C3)OC,0,0.042642395943403244
C1OC2=C(O1)C=C(C=C2)CNC3=CC4=C(C=C3)N=CN=C4NC5=CC(=CC=C5)Cl,0,0.029118353500962257
COC1=CC2=C(C(=C1)O)C(=O)C(=CN2CC(=O)OC)C3=CC(=CC=C3)Cl,0,0.11531157791614532
COCCN1CCC(CC1)OC2=C(C=C3C(=C2)C(=NC=N3)NC4=C(C=CC(=C4)Cl)F)OC,1,0.7650671601295471
COc1cc(Nc2ncnc3[nH]ccc23)ccc1-c1nc2ccccc2s1,0,0.8388118147850037
COc1ccccc1-c1cc2c(NCc3cccnc3)ncnc2s1,0,0.5074952840805054
Cl.O=[N+]([O-])c1cccc2c1sc1c(Nc3cccc(Br)c3)ncnc12,0,0.47177836298942566
CCN1CCN(C(=O)/C(F)=C/c2c(C)ncnc2Nc2ccc(OCc3cccc(F)c3)c(Cl)c2)CC1,1,0.9171544313430786
C/C=C/C(=O)N1CC[C@H](C1)N2C3=NC=NC(=C3C(=N2)C(=O)NC4=NC5=C(O4)C=CC(=C5)Cl)N,1,0.7007412314414978
CC1=C(C=C(C=C1)C2=NN(C(C2)C3=CC=C(C=C3)OC)C4=NC(=CS4)C5=CC=C(C=C5)Cl)C,0,0.025323059409856796
Nc1ccc(-c2cc3c(Nc4ccc(Oc5cccc(C(F)(F)F)c5)c(Cl)c4)ncnc3s2)cc1,1,0.7581079006195068
CO/N=C/c1c(N)ncnc1Nc1ccc2[nH]c(Cc3cccc(F)c3)nc2c1,1,0.9780727028846741
COC1=CC=CC=C1C(=O)NCC2=CC=C(C=C2)C3=NN(C4=NC=NC(=C34)N)C5CC6CC6C5,0,0.014899643138051033
CCO.CNc1ccc2sc3c(Nc4cccc(Br)c4)ncnc3c2c1,1,0.9662197828292847
COc1cc2ncnc(Nc3ccc(F)c(Cl)c3)c2cc1OCCN1CC2(C1)CS(=O)(=O)C2,1,0.9888418912887573
CCC(C)N1C2=CC=CC=C2N=C1NC(=O)C3=CC(=NC=C3)C4=CN(N=C4)C,1,0.939024806022644
Brc1cccc(Nc2ncnc3ncccc23)c1,1,0.8346765637397766
c1ccc(-c2c(-c3ccc(OCCN4CCCC4)cc3)oc3ncnc(NCCN4CCNCC4)c23)cc1,1,0.9656413197517395
C1COCCN1C(=O)O[C@@H]2C[C@H](NC2)C#CC3=CC4=C(S3)C(=NC=N4)NC5=CC6=C(C=C5)N(N=C6)S(=O)(=O)C7=CC=CC(=C7)F,0,0.1773117184638977
CCc1ccc2nc(Nc3cc(Cc4ccccc4)nc(N[C@H]4CC[C@H](O)CC4)n3)sc2c1,0,0.2848743200302124
C1OC2=C(O1)C=C(C=C2)CNC3=CC4=C(C=C3)N=CN=C4NC5=CC(=CC=C5)Br,0,0.08487121760845184
COC1=C(C=C2C(=C1)N=CN=C2NC3=C(C=CC(=C3)Cl)F)OCCCN4CCOCC4,1,0.9209320545196533
CN(C)c1ccc(/C=N\Nc2nc(-c3nc4ccccc4n3C)cs2)cc1,0,0.048405956476926804
Fc1ccc2c(Nc3cccc(Br)c3)ncnc2n1,1,0.8588961958885193
O=S(=O)(Nc1ccccn1)c1ccc(Nc2nncc3ccccc23)cc1,0,0.2119872272014618
CC1=C(C=CC(=C1)O)C2=NN(C3=NC=NC(=C23)N)C(C)C,0,0.008156249299645424
C1CC(=O)NC(=O)C1N2C(=O)C3=C(C2=O)C=C(C=C3)OCCOCCOCCN4CCN(CC4)CC5=CC=C(C=C5)C6=CC7=C(N6)N=CN=C7NCC8=CC=CC=C8Cl,1,0.8801289796829224
NS(=O)(=O)c1ccc(NC(=O)c2ccccc2NC(=O)c2ccco2)cc1,0,0.07828931510448456
OC[C@@H](Nc1ncnc2oc(-c3ccccc3)c(Br)c12)c1ccccc1,1,0.9730108976364136
Fc1cccc(Cn2ncc3cc(Nc4ncnn5ccc(COC6CCNCC6)c45)ccc32)c1,0,0.06853749603033066
C=CC(=O)Nc1cccc(Nc2nc(Nc3ccc(/C=C/c4cc(OC)cc(OC)c4)cc3)ncc2Cl)c1,1,0.7836575508117676
CC1=CC=C(C=C1)C(=O)/C=C/C2=C(N=C3C=CC(=CC3=C2)OC)Cl,0,0.03534407541155815
CC1=C(C=C(C=C1)C2=NN(C(C2)C3=CC=C(C=C3)O)C4=NC(=CS4)C5=CC=C(C=C5)Cl)C,0,0.015693791210651398
CCC(=O)ON[C@H](CS(C)(=O)=O)c1ccc(-c2ccc3ncnc(Nc4ccc(OCc5cccc(F)c5)c(Cl)c4)c3c2)o1,1,0.9706321954727173
CCN1CCN(CC(=O)Nc2cc(C)on2)CC1,0,0.03591449186205864
O=C(CO)N1CCC[C@H]1COc1cccc2ncnc(Nc3ccc(OCc4ccccn4)c(Cl)c3)c12,1,0.9237988591194153
COC1=CC2=C(C(=C1)O)C(=O)C(=CN2)C3=CC(=CC=C3)Cl,0,0.031798671931028366
C1CCC(C1)N2C3=NC=NC(=C3C(=N2)C4=CC5=CC=CC=C5N=C4)N,0,0.012747264467179775
COc1cc2c(Oc3ccc(NS(=O)(=O)c4ccccc4C(F)(F)F)cc3F)ccnc2cc1OCCCN1CCN(C)CC1,0,0.05515776947140694
CCOc1cc2ncnc(Nc3cccc(-c4csc(N)n4)c3)c2cc1OCC,1,0.3380770981311798
C=CC(=O)Nc1cc2c(Nc3ccc(F)c(Cl)c3)ncnc2cc1OCc1cn(-c2ccccc2)nn1,1,0.9342753291130066
C1CNCCC1N2C=C(C=N2)C3=CC4=C(C=C3)N=CN=C4NC5=CC6=C(C=C5)N=CC=C6,1,0.7868686318397522
CN1CCN(CC1)C2=CC=CC(=C2)NC3=NC=C4C(=N3)N(C(=O)C(=N4)C5CCCCC5)C6=CC=CC(=C6)NC(=O)C=C,1,0.9014878869056702
CN1CCN(CC1)CCOC2=C(C=C3C(=C2)N=CN=C3NC4=C(C=C(C=C4)Cl)F)OC,1,0.7772153615951538
CC(C)(N)c1cc(C(=O)N[C@@H]2CCc3ccc(Oc4ccnc5c4CCC(=O)N5)cc3C2)cc(C(F)(F)F)c1,0,0.020964240655303
C1COCCN1C(=O)O[C@@H]2C[C@H](NC2)C#CC3=CC4=C(S3)C(=NC=N4)NC5=CC6=C(C=C5)N(C=C6)S(=O)(=O)C7=CSC=C7,0,0.054098695516586304
COc1ccccc1-c1cc2c(NCc3ccncc3)ncnc2s1,1,0.515400767326355
C=C(C(=O)N1CCC[C@H](C1)N2C(=C(C(=N2)C3=CC=C(C=C3)OC4=C(C=C(C=C4)F)F)C(=O)N)N)F,0,0.059866417199373245
C=CC(=O)Nc1cccc(Oc2nc(Nc3ccc(N4CCN(CC(=O)OCCOCCOc5no[n+]([O-])c5S(=O)(=O)c5ccccc5)CC4)cc3OC)ncc2Cl)c1,1,0.9475268721580505
CC(=O)N1CCOc2c1ccc1ncnc(Nc3cccc(Br)c3)c21,1,0.8822758197784424
COc1ccc(/C=N\Nc2nc(-c3nc4ccccc4n3C)cs2)cc1,0,0.05490385368466377
COC(=O)CN1CCC(n2cc(-c3cccc(O)c3)c3c(N)ncnc32)CC1,0,0.03188898786902428
Nc1ccc2ncnc(Nc3ccc4ncccc4c3)c2c1,0,0.4991788864135742
CS(=O)(=O)CCNCc1ccc(-c2ccc3ncnc(Nc4ccc(OCc5cccc(Br)c5)cc4)c3c2)o1,1,0.9226915836334229
CC1=C(C=CC(=C1)NC2=NC=NC3=C2C(=C(C=C3)OCCF)N4CC(C4)N(C)C)OC5=CC6=NC=NN6C=N5,0,0.07270251959562302
C1CC(C1)N2C3=NC=NC(=C3C(=N2)C4=CC(=C(C=C4)Br)O)N,0,0.011732465587556362
CN(C)C(=O)CN1CCC(n2cc(-c3cccc(O)c3)c3c(N)ncnc32)CC1,0,0.04809204488992691
O[C@H]1CC[C@H](Nc2ncc3nc(Nc4c(F)cc(F)cc4F)n([C@H]4CCOC4)c3n2)CC1,0,0.20299561321735382
C1COC[C@H]1N2C3=NC(=NC=C3N=C2NC4=C(C=C(C=C4F)F)F)NC5CCC(CC5)O,0,0.22789862751960754
C[C@H](C1=CC(=CC=C1)F)NC2=C3C=C(OC3=NC=N2)C4=CC=C(C=C4)OC,1,0.8896726965904236
Nc1ccccc1NC(=O)/C=C/c1ccc(-c2ccc3ncnc(Nc4ccc(OCc5cccc(F)c5)c(Cl)c4)c3c2)o1,1,0.9554855227470398
COC1=C(C=C2C(=C1)C(=NC=N2)NC3=CC=C(C=C3)NC(=O)C4=CC(=CC=C4)Cl)OCCN5CCCCC5,0,0.20016653835773468
Cl.O=[N+]([O-])c1ccc2c(c1)sc1c(Nc3cccc(Br)c3)ncnc12,1,0.42983320355415344
CC1=C(SC=N1)C2=CC(=C(C=C2)CNC(=O)[C@@H]3C[C@H](CN3C(=O)[C@H](C(C)C)N4CC5=CC=CC=C5C4=O)O)OCCOCCN6CCN(CC6)CC7=CC=C(C=C7)C8=CC9=C(N8)N=CN=C9NCC1=CC=CC=C1Cl,1,0.9328213930130005
O=C(/C=C\c1ccc(OC(F)(F)F)cc1)c1ccc(Br)c2cc(-c3ccc(F)cc3)oc12,0,0.07751765847206116
CCCN1C2=CC=CC=C2N=C1NC(=O)C3=CC(=NC=C3)C4=CN(N=C4)C,1,0.9262703657150269
CC1=C(N(C2=CC(=NC(=C12)N3CCOCC3)N4C5=CC(=NC(=C5C=N4)C)C6=C(C=CN=C6)OC)C)C(=O)O,1,0.9766246676445007
C=CC(=O)N(c1ccc(F)c(F)c1)c1ncnc2cc(OC)c(OCCCN3CCOCC3)cc12,0,0.9541800618171692
C=CC(=O)Nc1cc(Nc2nccc(Nc3cn(C)c4ccccc34)n2)c(OC)cc1N(C)CCN(C)Cc1ccccc1,0,0.05252167209982872
CCc1nnc2c(Nc3ccc(C(=O)/C=C/c4cc(OC)c(OC)c(OC)c4)cc3)nc3ccccc3n12,0,0.017442483454942703
CC(C)(CN1C2=CC=CC=C2N=C1NC(=O)C3=CC(=NC=C3)C4=CC=CC(=C4)C5=C(C(=CC=C5)O)C=O)O,1,0.9835811853408813
Cn1c(-c2csc(N/N=C\c3ccc(Cl)cc3Cl)n2)nc2ccccc21,0,0.01784873940050602
C[C@@H]1C2=C(C=CC(=C2)F)C(=O)N(CC3=NN(C(=C3C4=CC(=C(N=C4)N)O1)C#N)C)C,0,0.009196552447974682
CN(C)CCN(C)C1=CC(=C(C=C1)CC2=NC=C(C(=N2)C3=CN(C4=CC=CC=C43)CC5=C(C(=CC=C5)C=O)O)Cl)OC,0,0.15247341990470886
C1=CC(=CC(=C1)NC2=NC=NC3=C2SC4=C3C=C(C=C4)N)C(F)(F)F,1,0.44380760192871094
Cc1cccc(CN(C)c2ncnc3[nH]c(-c4cccnc4)cc23)c1,0,0.5241429805755615
C#CC1=CC(=CC=C1)NC(=O)C2=C(C=CC(=C2)OCCCCCCC(=O)NO)O,0,0.0676698088645935
COC[C@@H]1CCCN1/N=C/C2=C(N=CN=C2NC3=CC4=C(C=C3)N(N=C4)CC5=CC(=CC=C5)F)N,1,0.9363431930541992
COC[C@H]1CCCN1/N=C/C2=C(N=CN=C2NC3=CC4=C(C=C3)N(N=C4)CC5=CC(=CC=C5)F)N,1,0.9411153197288513
CCC1=C2C(Nc3ccc4c(cnn4Cc4ccccc4)c3)=NC=NC2N=C1NC(=O)OCC1CCCNC1,0,0.08079154789447784
CC(C)(CN1C2=C(C=C(C=C2)CN(C)C)N=C1NC(=O)C3=CC(=NC=C3)C4=CN(N=C4)C)O,1,0.9827074408531189
C1COCCN1CC2=CC=C(C=C2)C3=CC4=NC=CC(=C4S3)NC5=CC6=C(C=C5)NC=C6,1,0.9626730680465698
C=CC(=O)Nc1cc(Nc2nccc(Nc3ccccc3-c3ccn(C)n3)n2)c(OC)cc1N(C)CCN(C)C,0,0.09113914519548416
C[C@H](C1=CC=C(C=C1)F)NC2=C3C=C(OC3=NC=N2)C4=CC=C(C=C4)OC,1,0.8704871535301208
O=C(Nc1ccc2nccc(Nc3cccc(Cl)c3)c2c1)C1CCC2(CC1)OCC1(OO2)C2CC3CC(C2)CC1C3,0,0.943295419216156
CCN1CCN(CC#CC(=O)Nc2ccc3ncnc(Nc4cccc(Br)c4)c3c2)CC1,1,0.9446893334388733
CS(=O)(=O)CCN(CC#N)Cc1ccc(-c2ccc3ncnc(Nc4ccc(OCc5cccc(F)c5)c(Cl)c4)c3c2)o1,1,0.9854264259338379
C1=CC=C(C=C1)CNC(=O)CCC2=C(NC3=CC=CC=C32)SSC4=C(C5=CC=CC=C5N4)CCC(=O)NCC6=CC=CC=C6,0,0.01219413336366415
CCOC1=CC(=CC(=C1O)CSC2=CC=CC=C2)/C=C\3/CCNC3=O,0,0.013480103574693203
C=CC(=O)N1CC[C@H](C1)N2C3=NC=NC(=C3C(=N2)C(=O)NC4=NC5=C(O4)C=CC(=C5)C#N)N,1,0.9315870404243469
CCC(=O)N1CC[C@H](N2C(=O)N(c3cc(OC)ccc3F)Cc3cnc(Nc4ccc(N5C[C@H]6CN(C)C[C@H]6C5)c(C)c4)nc32)C1,0,0.03387598320841789
CC1=CC(=O)N(C2=NC(=NC=C12)NC3=C(C=C(C=C3)N4CCN(CC4)CCCCCCCCCCCCNC(=O)CC56CC7CC(C5)CC(C7)C6)OC)C8=CC=CC(=C8)NC(=O)C(C)C,1,0.9243469834327698
COc1cc2ncnc(NC3CC3c3ccccc3)c2cc1OCCN1CCOCC1,1,0.5930496454238892
CC[C@H](C1=CC=CC=C1)NC2=C3C=C(OC3=NC=N2)C4=CC=C(C=C4)OC,1,0.77390056848526
CCCC1=C2C(=C(N(C2=CC(=N1)N3C4=CC(=NC(=C4C=N3)C)C5=CNC=CC5=O)C)C(=O)N6CCN(CC6)C)C,1,0.9758315682411194
COC1=CC2=C(C=C1)C3=C(S2)C(=NC=N3)NC4=CC(=CC=C4)Br,1,0.957277774810791
C1CCN(C1)CC(=O)NC2=CC3=C(C=C2)N=CN=C3NC4=CC=C(C=C4)Cl,1,0.9047767519950867
C=CC(=O)Nc1cccc(-n2c(=O)cc(C)c3cnc(Nc4cnn(C5CCN(C)CC5)c4)nc32)c1,1,0.6250519752502441
Clc1ncc2ncnc(Nc3cccc(Br)c3)c2n1,1,0.9449946880340576
C1=CC(=CC(=C1)Br)NC2=NC=NC3=CN=C(C=C32)NS(=O)(=O)CO,1,0.9334307909011841
CC1=C(SC=N1)C2=CC(=C(C=C2)CNC(=O)[C@@H]3C[C@H](CN3C(=O)[C@H](C(C)C)N4CC5=CC=CC=C5C4=O)O)OCCOCCOCCOCCOCCOCC#CC6=CC=CC7=C6C(=O)N(C7)[C@H](C8=C(C=CC(=C8)F)O)C(=O)NC9=NC=CS9,0,0.06736240535974503
C=CS(=O)(=O)N1CCc2c(sc3ncnc(N[C@H](CO)c4ccccc4)c23)C1,0,0.9138688445091248
CC(C)N1C2=NC=NC(=C2C(=N1)C3=CC=C(C=C3)O)N,0,0.007891984656453133
CC(=O)Nc1nc(C(=O)NNC(=O)CCN2CCOCC2)cs1,0,0.02658182568848133
C=CC(=O)N1CCC[C@H](C1)N2C3=C(C(=NC=C3)N)N(C2=O)C4=CC=C(C=C4)OC5=CC=CC=C5,0,0.6341468691825867
C1=CC(=CC(=C1)F)COC2=C(C=C(C=C2)NC3=NC=NC=C3C#CC4=CC=C(O4)CO)Cl,1,0.9014011025428772
CN(Cc1ccncc1)c1ncnc2[nH]c(-c3ccc(CO)cc3)cc12,1,0.8965234756469727
CN(C)C/C=C/C(=O)N1CCOc2cc3ncnc(Nc4ccc(OCc5cccc(F)c5)c(Cl)c4)c3cc21,1,0.9465473294258118
CCCC1=C2C(=CC(=N1)N3C4=CC(=NC(=C4C=N3)C)C5=C(C=CN=C5)C6CC6)N(C(=N2)C)C,0,0.9880734086036682
C1C[C@H](CN(C1)C(=O)/C=C/C(F)F)N2C(=C(C(=N2)C3=CC=C(C=C3)OC4=C(C=C(C=C4)F)F)C(=O)N)N,0,0.09301680326461792
COC1=C(C=C2C(=C1)CNC3=C(O2)N=CN=C3OC4=CC(=CC=C4)Br)OC,0,0.037082020193338394
Cn1c(-c2csc(N/N=C\c3ccc([N+](=O)[O-])cc3)n2)nc2ccccc21,0,0.013428254052996635
C1CNCCC1N2C=C(N=N2)C(C3=CC=CC=C3)NC4=CC5=C(C(=C4)Cl)N=CN=C5NC6=CC(=C(C=C6)F)Cl,1,0.7220863103866577
O=C(Cc1cccs1)Nc1cccc(-c2ccc3nnc(-c4cccnc4)n3n2)c1,0,0.022478504106402397
C=CC(=O)Nc1cccc(Oc2nc(Nc3ccc(/C=C/c4cc(C)cc(C)c4)cc3)ncc2Cl)c1,1,0.22303840517997742
COC1=C(C=C2C(=C1)CNC3=C(N=CN=C3O2)NC4=CC5=CC=CC=C5C=C4)OC,0,0.020410308614373207
Clc1ccc(C2=NN(c3ccccc3)C(c3cccc4ccccc34)C2)cc1Cl,0,0.019531236961483955
C1CC(=O)NC(=O)C1N2C(=O)C3=C(C2=O)C=C(C=C3)N4CCC(CC4)CN5CCC(CC5)OCC#CC6=CC=CC7=C6C(=O)N(C7)C(C8=C(C=CC(=C8)F)O)C(=O)NC9=NC=CS9,0,0.04804736003279686
C=CC(=O)Nc1cccc(-n2c(=O)c(=O)n(CC)c3cnc(Nc4ccc(N5CCN(C)CC5)cc4OC)nc32)c1,1,0.9677167534828186
CC1=CC(=C(C=C1)NC2=NC(=NC=C2Br)NC3=C(C=C(C(=C3)C)N4CCOCC4)OC)P(=O)(C)C,1,0.9706599116325378
CCCN(CCS(C)(=O)=O)Cc1ccc(-c2ccc3ncnc(Nc4ccc(OCc5cccc(F)c5)c(Cl)c4)c3c2)o1,1,0.9828891754150391
C[C@H](C1=CC=CC=C1)NC2=NC=NC3=C2NCC4=CC(=C(C=C4N3)OC)OC,0,0.18198896944522858
Cc1c(C(=O)NCCCN2CCN(C)CC2)[nH]c2cnnc(Nc3ccc(OCc4cccc(F)c4)c(Cl)c3)c12,0,0.18892180919647217
C1=CC=C(C(=C1)C2=NC3=C(NC4=C2C=C(C=C4)N)NN=C3)Cl,0,0.05155818536877632
C1CC(CN(C1)C(=O)/C=C/C(F)F)N2C(=C(C(=N2)C3=CC=C(C=C3)OC4=C(C=C(C=N4)Cl)F)C(=O)N)N,0,0.054098695516586304
Cc1c(NC(=O)OC[C@@H]2COCCN2)cn2ncnc(Nc3ccc4c(cnn4Cc4cccc(F)c4)c3)c12,0,0.05490385368466377
CN1CCN(CC1)CCCNC2=NC3=NC(=C(C=C3C=N2)C4=C(C=CC=C4Cl)Cl)NC(=O)NC5=CC=C(C=C5)OC,0,0.09739039838314056
CC(C)N1C2=NC=NC(=C2C(=N1)C3=CC(=C(C=C3)NC(=O)OC(C)(C)C)OC)N,0,0.009268013760447502
C=CC(=O)N1CCC(C2CCNc3c(C(N)=O)c(-c4cc(Cl)c(Cl)c(Cl)c4)nn32)CC1,0,0.10176784545183182
C1CC(CN(C1)C(=O)/C=C/CF)N2C(=C(C(=N2)C3=CC=C(C=C3)OC4=NC=C(C=C4)Cl)C(=O)N)N,0,0.01916070654988289
C=CC(=O)Nc1cc2c(Nc3ccc(Br)cc3F)ncnc2cc1OCCNC(=O)N1CCOCC1,1,0.8153795003890991
C=CC(=O)N1CC[C@H](C1)N2C3=NC=NC(=C3C(=N2)C(=O)NC4=NC5=C(O4)C=CC(=C5)F)N,1,0.91359943151474
C=CC(=O)N1CCC(C1)N2C3=NC=NC(=C3C(=N2)C(=O)NC4=NC5=C(O4)C=CC(=C5)F)N,1,0.9561454057693481
CCN(CC)CC#CC(=O)Nc1cc2c(Nc3ccc(F)c(Cl)c3)ncnc2cn1,1,0.9718859195709229
C=CC(=O)N1CCC[C@H](C1)N2C(=C(C(=N2)C3=CC=C(C=C3)OC4=C(C=C(C=C4)F)F)C(=O)N)N,1,0.917376697063446
C[C@H]1CN(CCN1C2=NC3=C(N=C(C=C3N2C)N4C5=CC(=NC(=C5C=N4)C)C6=C(C=CN=C6)OC)N7C[C@H]8C[C@@H]7CO8)C,1,0.9804313778877258
CCOc1cc2[nH]cc(C#N)c(=Nc3ccc(OCc4ccccn4)c(Cl)c3)c2cc1NC(=O)/C=C/[C@H]1C[C@H](O)CN1C,0,0.8138309121131897
COC1=CC=CC=C1C(=O)NCC2=CC=C(C=C2)C3=NN(C4=NC=NC(=C34)N)C5CCCC(=O)C5,0,0.007953389547765255
CN1C2=CC=CC=C2N=C(C1=O)C(=O)NNCCOCCOCC(=O)NC3=CC=CC4=C3C(=O)N(C4=O)C5CCC(=O)NC5=O,0,0.14122219383716583
C1=CC=C(C=C1)NC(=O)CCC2=C(NC3=CC=CC=C32)SSC4=C(C5=CC=CC=C5N4)CCC(=O)NC6=CC=CC=C6,0,0.013222821988165379
Cc1ncnc(Nc2ccc(OCc3cccc(F)c3)c(Cl)c2)c1C#Cc1ccc(CN2CCOCC2)cc1,1,0.40336117148399353
C[C@H](C1=CC=CC=C1F)NC2=C3C=C(OC3=NC=N2)C4=CC=C(C=C4)OC,1,0.8175744414329529
COc1cc2ncnc(Nc3ccc(NC(=O)Nc4ccc(Cl)c(C(F)(F)F)c4)cc3)c2cc1OCCCN1CCOCC1,0,0.4794275164604187
CC(C)N1C2=NC=NC(=C2C(=N1)C3=CC(=CC(=C3)F)O)N,0,0.00876212865114212
CNC(=O)c1cc(Oc2ccc(NC(=O)Nc3ccc(Cl)c(C(F)(F)F)c3)cc2)ccn1,0,0.02688674069941044
CC1=C2C(=NC=NN2C=C1)NC3=CC(=C(C=C3)F)Cl,0,0.04586266726255417
CN1CCC2=C(C1=O)C(=C(N2)C3=CC(=NC=C3)NC(=O)CC4=CN=CC=C4)NC5=CC=CC=C5,0,0.021948253735899925
C=CC(=O)Nc1cc2c(Nc3ccc(Br)c(Cl)c3F)ncnc2cc1OCCNC(=O)N1CCOCC1,1,0.8787311315536499
C=CC(=O)N1CCC[C@H](Nc2ncnc(N)c2-c2ccc(Oc3ccccc3)cc2)C1,1,0.8900077939033508
CC(C)N1C2=NC=NC(=C2C(=N1)C3=CC(=CC=C3)O)N,0,0.007417380344122648
COc1cc2ncnc(Nc3ccc(OCc4cccc(F)c4)c(Cl)c3)c2cc1OCCCCn1ccnc1[N+](=O)[O-],1,0.9828891754150391
CS(=O)(=O)CCNCc1ccc(-c2ccc3ncnc(Nc4ccc(OCc5cccc(F)c5)c(C(F)(F)F)c4)c3c2)o1,1,0.9244152307510376
C1=CC=C(C=C1)/C(=N\NC(=S)N)/C=C/C2=CC=CC3=CC=CC=C32,0,0.03268224000930786
C1=CC(=CC=C1/C=N/NC2=NN=C(O2)C3=CC=NC=C3)[N+](=O)[O-],0,0.010755925439298153
C1=CC=C(C=C1)CNC(=O)[C@@H](CC2=C(NC3=CC=CC=C32)[Se][Se]C4=C(C5=CC=CC=C5N4)C[C@@H](C(=O)NCC6=CC=CC=C6)N)N,0,0.08240149915218353
Cl.c1ccc(-c2cccc(Nc3ncnc4cc5c(cc34)OCCCO5)c2)cc1,1,0.7348337173461914
Brc1cccc(Nc2ncnc3c2ccc2[nH]cnc23)c1,1,0.964655876159668
C=CC(=O)Nc1cc2c(Nc3ccc(OCc4ccccn4)cc3)ncnc2cc1O[C@H]1CCOC1,1,0.8964781761169434
C1=CC(=CC(=C1)Cl)C2=COC3=CC(=CC(=C3C2=O)O)O,0,0.08733005076646805
C1COCCN1C(=O)O[C@H]2C[C@H](NC2)C#CC3=CC4=C(S3)C(=NC=N4)NC5=CC(=C(C=C5)OCC6=CC(=CC=C6)F)Cl,0,0.3255205452442169
C1COCCN1C(=O)O[C@H]2C[C@@H](NC2)C#CC3=CC4=C(S3)C(=NC=N4)NC5=CC(=C(C=C5)OCC6=CC(=CC=C6)F)Cl,0,0.3340460956096649
C[C@H]1CN(C[C@@H](O1)C)C2=NC3=C(N=C(C=C3N2C)N4C5=CC(=NC(=C5C=N4)C)C6=C(C=CN=C6)OC)N7C[C@H]8C[C@@H]7CO8,1,0.980820894241333
C[C@@H]1CN(C[C@@H](O1)C)C2=NC3=C(N=C(C=C3N2C)N4C5=CC(=NC(=C5C=N4)C)C6=C(C=CN=C6)OC)N7C[C@H]8C[C@@H]7CO8,1,0.9792749285697937
COc1cc2ncnc(Nc3ccc(F)c(Cl)c3)c2cc1OCCCN1CC2(CSC2)C1,1,0.9813643097877502
Cc1ccc(Nc2ncnn3cc(C)c(C)c23)cc1O,0,0.024145422503352165
C1CCC(C1)N2C3=NC=NC(=C3C(=N2)C4=CN=C5C(=C4)C=CN5)N,0,0.014254463836550713
COc1cc(/C=C2\CCC/C(=C\c3ccc(O)c(O)c3)C2=O)cc(OC)c1,0,0.01396915502846241
CCCN(C1=CC(=C(C=C1)F)Cl)C2=NC=NC3=CC(=C(C=C32)OCCCN4CCOCC4)OC,1,0.8315537571907043
Cc1ccc(C(=O)Nc2ccc(CN3CCN(C)CC3)c(C(F)(F)F)c2)cc1NC(=O)c1cnc(NC2CC2)nc1,0,0.019179068505764008
CN1C2=C(C(=O)N(C1=O)C)NC(=N2)SC/C(=N/O)/C3=CC=C(C=C3)Cl,0,0.05271640047430992
CC1=C2C=NN(C2=CC(=N1)C3=C(C=CN=C3)OC)C4=NC(=C5C(=C4)N(C(=N5)N6CCN(CC6)C)C)N7C[C@H]8C[C@@H]7CO8,1,0.9864808320999146
C1=CC=C(C=C1)CNC2=C3C=C(OC3=NC=N2)C4=CC=CC=C4,1,0.11075937002897263
Brc1cccc(Nc2[nH]cnc3c4ccccc4nc2-3)c1.Cl,0,0.487795352935791
CCC1=C2C(Nc3ccc4c(cnn4Cc4ccccc4)c3)=NC=NC2N=C1NC(=O)OCCN1CCNCC1,1,0.21011725068092346
Cc1ccc(/C=N\Nc2nc(-c3nc4ccccc4n3C)cs2)cc1,0,0.03268224000930786
C1CC(=O)NC(=O)C1N2C(=O)C3=C(C2=O)C=C(C=C3)N4CCC(CC4)CN5CCC(CC5)OCCCC6=CC=CC7=C6C(=O)N(C7)C(C8=C(C=CC(=C8)F)O)C(=O)NC9=NC=CS9,0,0.03271312639117241
O=C(Nc1ccccc1)N(Cc1ccc(O)cc1)Cc1cccc(Cl)c1O,0,0.09417666494846344
COC1=C(C=C2C(=C1)N=CN=C2N(C3=C(C(=CC=C3)Cl)F)C(=O)C=C)OCCCN4CCOCC4,1,0.9737945199012756
C1=CC(=CC(=C1)F)COC2=C(C=C(C=C2)NC3=CC(=NC=N3)OC4=CC=CC(=C4)NC(=O)CC5=CC(=C(C=C5F)F)F)Cl,0,0.04981965571641922
C1=CC=C2C(=C1)C=C(N2)C(=O)C3=CC4=C(N=CN=C4S3)NC5=CC=C(C=C5)F,1,0.8216173648834229
CC1=CC2=C(N=C(N=C2O1)C)N3CCC4=C3C=CC(=C4)OC,1,0.3159469962120056
COc1ccc2c(Nc3cccc(Br)c3)ncnc2n1,1,0.7656809687614441
C=CC(=O)N1CCCC(C1)N2C(=C(C(=N2)C3=CC=C(C=C3)OC4=NC=C(C=C4)Cl)C(=O)N)N,1,0.2177530974149704
CC(C)(C)N1C2=NC=NC(=C2C(=N1)C3=CC=C(C=C3)Cl)N,0,0.01153039000928402
CC1=C(SC(=N1)NC)C(=O)/C=C/C2=CSC=C2,0,0.02482178807258606
Oc1c(Br)cccc1CN(Cc1ccc(F)cc1)C(=S)Nc1ccccc1,0,0.03544410318136215
CC1=C(C=C(C=C1)C(=O)NC2=CC(=C(C=C2)CN3CCN(CC3)C)C(F)(F)F)C#CC4=CN=C5N4N=CC=C5,0,0.05738753452897072
CS(=O)(=O)CCNC(CS(C)(=O)=O)c1ccc(-c2ccc3ncnc(Nc4ccc(OCc5cccc(F)c5)c(Cl)c4)c3c2)o1,1,0.9821512699127197
CCC(=O)N1CCOc2c1ccc1ncnc(Nc3cccc(C(F)(F)F)c3)c21,1,0.8579466938972473
C=CC(=O)N1CC(C2CCNc3c(C(N)=O)c(-c4ccc(Oc5ccccc5)cc4)nn32)C1,1,0.8725647330284119
COc1cc(NC(=O)C2CC2)ccc1Nc1ncc(Cl)c(Nc2ccccc2NC(C)=O)n1,1,0.29690900444984436
C=CC(=O)N1CCCC(C1)N2C(=C(C(=N2)C3=CC=C(C=C3)OC4=CC=CC(=N4)C(F)(F)F)C(=O)N)N,0,0.8590735793113708
C1CCC(C1)N2C3=NC=NC(=C3C(=N2)C4=CC5=C(C=C4)C=NN5)N,0,0.01245565339922905
CC(=O)N1CCOc2c1ccc1ncnc(Nc3ccc(F)c(Cl)c3)c21,1,0.933854341506958
CC1=C2C=NN(C2=CC(=N1)C3=C(C=CN=C3)OC)C4=NC(=C5C(=C4)N(C(=N5)N6CCOCC6)C)N7C[C@H]8C[C@@H]7CO8,1,0.9826076626777649
C[C@H](Nc1[nH]cnc2c3ccccc3nc1-2)c1ccccc1.Cl,0,0.29289859533309937
CC(C)N(CC#CC(=O)Nc1cc2c(Nc3ccc(F)c(Cl)c3)ncnc2cn1)C(C)C,1,0.9534053802490234
CN1CCN(CC1)CCCCNC2=NC=C3C=C(C(=O)N(C3=N2)C)C4=C(C=CC=C4Cl)Cl,0,0.02525084838271141
CC1=NC(=CC=C1)NC2=NC=C(C=N2)C3=CN=CC(=N3)NC4CN(C4)C(=O)C=C,0,0.04603390023112297
C1=CC(=CC=C1C2=NC(=C(N2)C3=CC=NC=C3)C4=CC=C(C=C4)F)O,0,0.39181312918663025
CC1=C(SC=N1)C2=CC=C(C=C2)CNC(=O)[C@@H]3C[C@H](CN3C(=O)[C@H](C(C)(C)C)NC(=O)COC4CC(C4)OC5=CC=C(C=C5)N6CCN(CC6)CCOCC7=NC8=CN=C(C=C8N7C(C)C)NC9=NC(=NC=C9)N1CCC(CC1)OC)O,0,0.4801587164402008
CN1C2=C(C(=O)N(C1=O)C)NC(=N2)SC/C(=N/O)/C3=CC=C(C=C3)Br,0,0.10748431086540222
Cc1cccc(Nc2ncnc3cnc(Cl)nc23)c1,1,0.716317892074585
CC1=CC=C(C=C1)C2=NN(C(C2)C3=C(N=C4C=CC(=CC4=C3)OC)Cl)C5=NC(=CS5)C6=CC=C(C=C6)F,0,0.26559463143348694
COC1=CC=C(C=C1)C2=CC3=C(N=CN=C3O2)NCC4=CC=CC=C4,1,0.18104590475559235
CC(C)c1ccc(NC(=O)c2ccc(N(CCCl)CCCl)cc2)cc1,0,0.010169656947255135
COC1=CC=C(C=C1)C2=NN=C(O2)CC3=NC4=CC=CC=C4N3,0,0.037326883524656296
CC1=C(C=C(C=C1)NC2=NC=NN3C2=CC=C3)O,0,0.026759283617138863
CCOc1cc2ncnc(NC3=CC(=O)C(OCc4ccccn4)=CC3=O)c2cc1NC(=O)/C=C/CN(C)C,1,0.9408441781997681
CC(C)N1C2=NC=NC(=C2C(=N1)C3=CC(=CC(=C3)Br)O)N,0,0.00976497307419777
C1CC(CN(C1)C(=O)/C=C/C(F)F)N2C(=C(C(=N2)C3=CC=C(C=C3)OC4=NC=C(C=C4)Cl)C(=O)N)N,0,0.015967654064297676
CCNc1cc2sc3c(Nc4cccc(Br)c4)ncnc3c2cc1F.CCO,1,0.9492475390434265
COC1=CC=CC(=C1)CNC2=NC=NC3=C2NCC4=CC(=C(C=C4N3)OC)OC,0,0.04573463276028633
COC1CCN(CCOc2n[nH]c3ncnc(Nc4ccc(OCc5ccccn5)c(Cl)c4)c23)CC1,1,0.9531443119049072
COC1=CC=CC=C1C(=O)NCC2=CC=C(C=C2)C3=NN(C4=NC=NC(=C34)N)C5CCC6(CC5)OCCO6,0,0.016059979796409607
CCN(CC)C/C=C/C(=O)N1CC[C@H](C1)N2C3=NC=NC(=C3C(=N2)C(=O)NC4=NC5=C(O4)C=CC(=C5)Cl)N,1,0.9028668403625488
CCN(C)C/C=C/C(=O)N1CC[C@H](C1)N2C3=NC=NC(=C3C(=N2)C(=O)NC4=NC5=C(O4)C=CC(=C5)Cl)N,1,0.9566342234611511
CS(=O)(=O)CCOCc1ccc(-c2ccc3ncnc(Nc4ccc(OCc5cccc(F)c5)c(Cl)c4)c3c2)o1,1,0.972908079624176
CC(C)(CN1C2=CC=CC=C2N=C1NC(=O)C3=CC(=NC=C3)NC4=CC=CC(=C4O)C=O)O,1,0.9832305908203125
CS(=O)(=O)CCNCc1ccc(-c2ccc3ncnc(Nc4ccc(OCc5ccccc5)c(Br)c4)c3c2)o1,1,0.9530133008956909
CCC1=C2C(Nc3ccc4c(cnn4Cc4ccccc4)c3)=NC=NC2N=C1NC(=O)OCCn1ccnc1,0,0.2563662827014923
CS(=O)(=O)CCNCc1ccc(-c2ccc3ncnc(Nc4ccc(OCc5cccc(F)c5)cc4)c3c2)o1,1,0.9378969073295593
C1COCCN1CC(=O)NC2=CC3=C(C=C2)N=CN=C3NC4=CC(=CC=C4)Br,1,0.9650533199310303
CC1=C2C=NN(C2=CC(=N1)C3=C(C=CN=C3)OC)C4=NC(=C5C(=C4)N(C(=N5)N6CCN(CC6)C(C)(C)C(=O)OC)C)N7C[C@H]8C[C@@H]7CO8,1,0.9895815849304199
COc1cc2ncc(C#N)c(N[C@@H]3C[C@H]3c3ccccc3)c2cc1OCCN1CCOCC1,1,0.18698418140411377
CNc1ncc2ncnc(Nc3cccc(Br)c3)c2n1,1,0.9755768775939941
CC1=CN2C(=C1)C(=NC=N2)NC3=CC(=C(C=C3)F)Cl,0,0.18381328880786896
C1=CC=C2C(=C1)NC(=N2)CC3=NN=C(O3)C4=CC=C(C=C4)Cl,0,0.025011597201228142
CN1CCN(CC1)CCCOC2=CC3=NC=CC(=C3C=C2OC)OC4=C(C=C(C=C4)NS(=O)(=O)C5=C(C=CC(=C5)F)F)F,0,0.09628009796142578
COC1=C(C=C2C(=C1)CNC3=C(N2)N=CN=C3NCC4=CC=CC=C4)OC,0,0.04126864671707153
CC1=C(C=C(C=C1)C2=NN(C(C2)C3=CC=C(C=C3)Cl)C4=NC(=CS4)C5=CC=C(C=C5)Cl)C,0,0.01337660476565361
Oc1ccc(CN(Cc2cccc(Br)c2O)C(=S)Nc2ccccc2)cc1,0,0.0905744805932045
CNC(=O)c1ncc(C#Cc2cc(C(=O)Nc3ccc(CN4CCN(CCO)CC4)c(C(F)(F)F)c3)ccc2C)n1C,0,0.06675146520137787
CC(=O)NC1=CC2=C(C=C1)NC3=C(C=NN3)N=C2C4=CC=CC=C4Cl,0,0.267121285200119
CCCCCCC(=O)ON[C@H](CS(C)(=O)=O)c1ccc(-c2ccc3ncnc(Nc4ccc(OCc5cccc(F)c5)c(Cl)c4)c3c2)o1,1,0.9776285290718079
C1=CC=C(C=C1)COC2=C(C=C(C=C2)NC3=NC=NC4=NN5C=CC=CC5=C43)Cl,0,0.10365785658359528
C=CC(=O)N1CCC(C2CCNc3c(C(N)=O)c(-c4cc(Cl)c(Br)c(Cl)c4)nn32)CC1,0,0.12168575078248978
C1CCN(CC1)C/C=C/C(=O)N2CC[C@H](C2)N3C4=NC=NC(=C4C(=N3)C(=O)NC5=NC6=C(O5)C=CC(=C6)Cl)N,1,0.9694690108299255
COc1cccc(-c2cn(C3CCN(CC(=O)N(C)C)CC3)c3ncnc(N)c23)c1,0,0.036322467029094696
C1C(CO1)N2C=C(N=N2)[C@H](C3=CC=C(C=C3)Cl)NC4=CC5=C(C=C4)N=CN=C5NC6=CC(=C(C=C6)F)Cl,1,0.8484706878662109
CC1=C2C=NN(C2=CC(=N1)C3=C(C=CN=C3)OC)C4=NC(=C5C(=C4)N(C(=N5)N6CCOC(C6)(C)C)C)N7C[C@H]8C[C@@H]7CO8,1,0.9877232313156128
CC1=NN=C(S1)NC(=S)NC2=CC3=C(C=C2)N=CN=C3NC4=CC(=CC=C4)Cl,0,0.36486244201660156
COC1=C(C=C2C(=C1)CNC3=C(N2)N=CN=C3NCC4=CC(=C(C=C4)F)Cl)OC,0,0.08670937269926071
N#CC1=C(c2ccccc2)Nc2c(c(-c3cccs3)nn2-c2ccccc2)C12C(=O)Nc1ccc(Br)cc12,0,0.0874079167842865
Fc1cccc(Cn2ncc3cc(Nc4ncnn5ccc(COC[C@H]6CNCCO6)c45)ccc32)c1,0,0.059101540595293045
COCCNCCN1CCC(n2cc(-c3cccc(OC)c3)c3c(N)ncnc32)CC1,0,0.0446808747947216
COc1ccc(C2=NN(c3ccccc3)C(c3cccc4ccccc34)C2)cc1,0,0.042562730610370636
CN1CCN(c2ccc(Nc3ncc(Br)c(Nc4ccc5nccnc5c4)n3)cc2)CC1,0,0.6334102749824524
CNC(CS(C)(=O)=O)c1ccc(-c2ccc3ncnc(Nc4ccc(OCc5cccc(F)c5)c(Cl)c4)c3c2)o1,1,0.9845902919769287
C1CNCCC1N2C=C(C=N2)C3=CC4=C(C=C3)N=CN=C4NC5=CC(=C(C=C5)F)Cl,1,0.9661240577697754
C1=CC=C(C(=C1)NC(=O)C2=C(C=CC(=C2)I)O)Br,0,0.010489090345799923
CC(C)NC(CS(C)(=O)=O)c1ccc(-c2ccc3ncnc(Nc4ccc(OCc5cccc(F)c5)c(Cl)c4)c3c2)o1,1,0.9856629967689514
CC(C)CN1C2=NC=NC(=C2C(=N1)C3=CC=C(C=C3)CNC(=O)C4=CC=CC=C4OC)N,0,0.007052709814161062
COc1cc2sc3c(Nc4cccc(Br)c4)ncnc3c2cc1OC.Cl,1,0.5475170016288757
CC(C)N1C2=NC=NC(=C2C(=N1)C3=CC=C(C=C3)CNC(=O)C4=CC=CC=C4OC)N,0,0.006073934957385063
Cn1c(-c2csc(N/N=C\c3cccs3)n2)nc2ccccc21,0,0.03531079366803169
CC1=C(C=C(C=C1)C2=NN(C(C2)C3=CC=C(C=C3)[N+](=O)[O-])C4=NC(=CS4)C5=CC=C(C=C5)Cl)C,0,0.008660931140184402
CN(C)C/C=C/C(=O)N1CC[C@H](C1)N2C3=NC=NC(=C3C(=N2)C(=O)NC4=NC5=C(O4)C=CC(=C5)Cl)N,1,0.9551520943641663
C=C(CN1CCOCC1)C(=O)Nc1ccc2ncnc(Nc3cccc(Br)c3)c2c1,1,0.7969253659248352
CC1=C2C=NN(C2=CC(=N1)C3=C(C=CN=C3)OC)C4=NC(=C5C(=C4)N(C(=N5)N6CCOCC6)C)C(C)C,1,0.9858003854751587
CCN1CCN(CC1)C2=NC3=C(N=C(C=C3N2C)N4C5=CC(=NC(=C5C=N4)C)C6=C(C=CN=C6)OC)N7C[C@H]8C[C@@H]7CO8,1,0.9827902317047119
CN1CCC(CC1)OC2=C(C=C3C(=C2)C(=NC=N3)NC4=C(C=CC(=C4)Cl)F)OC,1,0.8299749493598938
CCOc1cc2ncc(C#N)c(Nc3ccc(OCc4cccs4)c(Cl)c3)c2cc1NC(=O)/C=C/CN(C)C,1,0.6806398630142212
CC1=C(C=CN=C1COC2=CC=CC(=C2)NC3=NC=NC4=CC5=C(C=C43)N(C(=O)O5)CCCN6CCOCC6)OCC(F)(F)F,0,0.1494693011045456
CCOc1cc2ncc(C#N)c(Nc3ccc(OCc4ccccc4)c(Cl)c3)c2cc1NC(=O)/C=C/c1cccc2cccnc12,1,0.600964367389679
CC1=CC2=C(N=C(N=C2O1)C)N(C)C3=CC4=C(C=C3)OC=C4,0,0.24445317685604095
COCCOC1=CC=C(C=C1)NC2=NC=C3C(=N2)N(C(=O)C(=N3)C4CC4)C5=CC=CC(=C5)NC(=O)C=C,1,0.9170058369636536
COc1cc(Nc2ncnc3[nH]nc(OCCN4CCC(O)CC4)c23)ccc1OCc1ccccn1,1,0.7543272376060486
CC1=C(C=C(C=C1)C2=NN(C(C2)C3=CC=C(C=C3)F)C4=NC(=CS4)C5=CC=C(C=C5)Cl)C,0,0.026330305263400078
Cn1cc(-c2cc(C(=O)/N=c3\[nH]c4ccccc4n3[C@H]3CC[C@H](O)CC3)ccn2)cn1,0,0.6015642881393433
CN1C=C(C(=O)C2=C1C=C(C=C2O)OC)C3=CC(=CC=C3)Cl,0,0.04414209723472595
Brc1cccc(Nc2ncnc3ccc4c(c23)OCCN4)c1,1,0.9356411695480347
Cc1ccc(C(=O)Nc2ccc(CN3CCN(C)CC3)c(C(F)(F)F)c2)cc1NC(=O)c1cccnc1,0,0.022243667393922806
COC[C@H](C1=CC=CC=C1)NC2=C3C=C(OC3=NC=N2)C4=CC=CC=C4,1,0.8280368447303772
C=CC(=O)Nc1ccc2nccc(Oc3ccc(C(=O)Nc4cc(CC)ccn4)cc3)c2c1,1,0.7672541737556458
CN1C=CC2=C(C1=O)C(=C(N2)C3=CC(=NC=C3)NC(=O)C(CC(F)F)C4=CC=C(C=C4)F)C5=CC=C(C=C5)F,0,0.15015339851379395
C[C@H]1COCCN1C2=NC3=C(N=C(C=C3N2C)N4C5=CC(=NC(=C5C=N4)C)C6=C(C=CN=C6)OC)N7C[C@H]8C[C@@H]7CO8,1,0.9748690724372864
CC1(CC2=C(C(=C(N2)C3=CC(=NC=C3)NC(=O)CC4=CN=CC=C4)NC5=CC=CC=C5)C(=O)N1)C,0,0.013402404263615608
COC1=CC=C(C=C1)NC(=O)C2=C(C=CC(=C2)I)O,0,0.01662507839500904
O=C(NCCN1CCOCC1)Nc1ccc2ncnc(Nc3cccc(Br)c3)c2c1,1,0.9135223627090454
CNc1ccc2c(Nc3cccc(Br)c3)ncnc2n1,1,0.9764007329940796
CN1C2=C(C(=O)N(C1=O)C)NC(=N2)SC/C(=N/O)/C3=CC=C(C=C3)OC,0,0.07793769240379333
Brc1ccc(C2=NN(c3ccccc3)C(c3cccc4ccccc34)C2)cc1,0,0.03413260728120804
C1CCC(CC1)N2C=NC(=C2C3=NC(=NC=C3)N)C4=CC=C(C=C4)F,0,0.07807816565036774
Cc1[nH]c2ncnc(Nc3cccc(Cl)c3)c2c1C,1,0.5809242129325867
COc1ccc(/C=C\C(=O)c2ccc(Br)c3cc(-c4ccc(F)cc4)oc23)cc1,0,0.047337714582681656
CC(=O)N1CCOc2c1ccc1ncnc(Nc3cccc(C(F)(F)F)c3)c21,1,0.8658491373062134
C[C@H]1CN(CCN1C2=NC3=C(N=C(C=C3N2C)N4C5=CC(=NC(=C5C=N4)C)C6=C(C=CN=C6)OC)N7C[C@H]8C[C@@H]7CO8)C(C)(C)C(=O)O,1,0.9805060625076294
CCN1CCC(Nc2ccc3c(c2)C(=C(c2ccc(Cl)cc2)c2ncc[nH]2)C(=O)N3)CC1,0,0.02437659539282322
C1=CC(=C(C=C1/C=C(/C(=O)NCCCCNC(=O)/C(=C/C2=CC(=C(C=C2)O)O)/C#N)\C#N)O)O,0,0.015513788908720016
C=CC(=O)Nc1cccc(-n2c(=O)c(=O)n(C(C)C)c3cnc(Nc4ccc(N(C)CCN(C)C)cc4OC)nc32)c1,1,0.8745065331459045
C1=CC(=CC(=C1)Br)NC2=NC=NC3=CN=C(C=C32)S(=O)(=O)CCO,1,0.9694690108299255
C=CC(=O)Nc1cc2c(Nc3ccc(Br)cc3F)ncnc2cc1OCCNC(=O)N1CCN(C(C)=O)CC1,1,0.9419752359390259
C1CCC(C1)N2C3=NC=NC(=C3C(=N2)C4=CC5=C(C=C4)NN=C5)N,0,0.010328153148293495
CC(C)(C)N1C2=NC=NC(=C2C(=N1)C3=CC=C(C=C3)CNC(=O)C4=C(C=CC(=C4)F)OC)N,0,0.0077405208721756935
CS(=O)(=O)Nc1ccc(-c2cc3c(Nc4ccc(Oc5cccc(C(F)(F)F)c5)c(Cl)c4)ncnc3s2)cc1,1,0.9741412401199341
C1=CC(=CC(=C1)Cl)NC2=NC=NC3=C2C=C(C=C3)NC(=S)NC4=NN=C(S4)C(F)(F)F,0,0.4132995307445526
COC1=CC=C(C=C1)C2=CC3=C(N=CN=C3O2)NC(CC(=O)N)C4=CC=CC=C4,1,0.6005398035049438
Cl.O=[N+]([O-])c1ccc2sc3c(Nc4ccccc4)ncnc3c2c1,0,0.09501305222511292
C1=CC2=C3C(=NN2C=C1)N=CN=C3NC4=CC(=C(C=C4)OCC5=CC(=CC=C5)F)Cl,0,0.18322797119617462
CCC1=C2C(Nc3ccc4c(cnn4Cc4ccccc4)c3)=NC=NC2N=C1NC(=O)O[C@H]1CC[C@H](N)CC1,1,0.2378413826227188
CCC(=O)N1CCOc2c1ccc1ncnc(Nc3cccc(Br)c3)c21,1,0.9284088015556335
CC1=CC2=C(C=C1)N=C(N2CC(C)(C)O)NC(=O)C3=CC(=NC=C3)C4=CN(N=C4)C,1,0.976669192314148
CC1=C(SC=N1)C2=CC(=C(C=C2)CNC(=O)[C@@H]3C[C@H](CN3C(=O)[C@H](C(C)C)N4CC5=CC=CC=C5C4=O)O)OCCOCCOCCOCCOCCN6CCN(CC6)CC7=CC=C(C=C7)C8=CC9=C(N8)N=CN=C9NCC1=CC=CC=C1Cl,1,0.8848377466201782
CC(C)N1CCN(CC1)C2=CC3=C(C=C2)N(C(=N3)NC(=O)C4=CC(=NC=C4)C5=CN=CC=C5)CC(C)(C)O,1,0.9882334470748901
CC1=C(C=CC(=C1)NC2=NC=NC3=C2C(=C(C=C3)OC)N4CC5(C4)C[C@H](CCN5C)F)OC6=CC7=NC=NN7C=N6,0,0.036734893918037415
CCOC1=CC(=CC(=C1O)CSC2=CC=CC=C2)/C=C(\C#N)/C(=O)N,0,0.012552117928862572
COC1=C(C=C2C(=C1)N=CN=C2N(C3=CC(=C(C=C3)Cl)Cl)C(=O)C=C)OCCCN4CCOCC4,0,0.928083598613739
Cc1ccc(NC(=O)c2ccc(N(CCCl)CCCl)cc2)cc1,0,0.010881332680583
COC1=CC=C(C=C1)NC2=NC=C3C(=N2)N(C(=O)C(=N3)CC4=CC=CC=C4)C5=CC=CC(=C5)NC(=O)C=C,1,0.7599387168884277
Cc1ccn2ncnc(Nc3ccc4[nH]ncc4c3)c12,0,0.5529924035072327
CC(C)N1C2=NC=NC(=C2C(=N1)C3=CC(=C(C=C3)Cl)O)N,0,0.007937993854284286
C=CC(=O)Nc1cccc(Nc2nc(Nc3ccc(/C=C/c4cc(C)cc(C)c4)cc3)ncc2Cl)c1,0,0.6372565627098083
C=CC(=O)N1CCC([C@@H]2CCNc3c(C(N)=O)c(-c4cc(OC)c(C)c(OC)c4)nn32)CC1,0,0.2012632042169571
CC1=C2C=NN(C2=CC(=N1)C3=C(C=CN=C3)OC)C4=NC(=C5C(=C4)N(C(=N5)N6CCN(CC6)C(C)C)C)N7C[C@H]8C[C@@H]7CO8,1,0.9885029196739197
Oc1ccc(CN(Cc2cc(Br)cc(Br)c2O)C(=S)Nc2ccccc2)cc1,0,0.041969768702983856
C1=C(C=C(C(=C1O)O)O)/C=C(/C(=O)NCCCCNC(=O)/C(=C/C2=CC(=C(C(=C2)O)O)O)/C#N)\C#N,0,0.019908789545297623
O=C(O)CCNc1cc2c(Nc3cccc(Br)c3)ncnc2cn1,1,0.9875203371047974
CC(C)N1C2=NC=NC(=C2C(=N1)C3=CC(=C(C=C3)Br)O)N,0,0.009670992381870747
Fc1ccc(Nc2ncnc3ccc4c(c23)OCCN4)cc1Cl,1,0.9129807949066162
C=CC(=O)N1CCC(C2CCNc3c(C(N)=O)c(-c4cc(Cl)c(Br)c(OC)c4)nn32)CC1,0,0.30881524085998535
CCOc1cc2ncnc(Nc3ccc(F)c(Cl)c3)c2cc1OC(=O)CSc1ccccn1,1,0.9818752408027649
CN(C)CCN1C=NC2=C1C=C3C(=C2Cl)C(=NC=N3)NC4=CC(=CC=C4)Br,1,0.9753665924072266
CC1=CC(=CC(=N1)C2=CN(N=C2)C)C(=O)NC3=NC4=CC=CC=C4N3C5CCCS(=O)(=O)C5,1,0.9858003854751587
COc1nccc(-c2c(-c3ccc(F)cc3)ncn2[C@H]2CC[C@H](O)CC2)n1,0,0.21313141286373138
COc1ccc(NC(=O)c2ccc(N(CCCl)CCCl)cc2)cc1,0,0.010944577865302563
CC(C)(C)N1C2=NC=NC(=C2C(=N1)C3=CC=C(C=C3)CNC(=O)C4=CC=CC=C4OC)N,0,0.007317397277802229
CC(=O)Nc1ccc(-c2cc3c(Nc4ccc(Oc5cccc(C(F)(F)F)c5)c(Cl)c4)ncnc3s2)cc1,1,0.8801805377006531
CC1=CC(=CC(=N1)C2=CN(N=C2)C)C(=O)NC3=NC4=C(N3CC(C)(C)O)C=C(C=C4)CN5CCOCC5,1,0.9859769344329834
COc1cc2ncnc(C#Cc3ccccc3-c3ccccc3)c2cc1OC,1,0.5629725456237793
CC1=CC=C(C=C1)C2=NN(C3=NC=NC(=C23)N)C(C)(C)C,0,0.009467379190027714
C1=CC(=C(C=C1NC2=C3C=C(SC3=NC=N2)C(=O)C4=CC5=C(N4)C=CC(=C5)O)Cl)F,1,0.5824613571166992
COc1cccc(-c2cn(C3CCN(CC(N)=O)CC3)c3ncnc(N)c23)c1,0,0.058614686131477356
C[C@H](C1=CC=CC=C1)NC2=C3C=C(OC3=NC=N2)C4=CC=C(C=C4)Br,1,0.8084456324577332
C1CCN(C1)CC(=O)NC2=CC3=C(C=C2)N=CN=C3NC4=CC=C(C=C4)OCC5=CC(=CC=C5)F,1,0.5792962908744812
CCCS(=O)(=O)CCNCc1ccc(-c2ccc3ncnc(Nc4ccc(OCc5cccc(F)c5)c(Cl)c4)c3c2)o1,1,0.984752357006073
N#C/C(=C\c1ccc(O)c(O)c1)C(=O)NCCc1ccccc1,0,0.010228810831904411
