smiles,label,molformer_score
CN1CC2=CC(=C(C=C2OC3=C1C(=NC=N3)OC4=CC(=CC=C4)Br)OC)OC,0,0.07856839
CC(C)(CN1C2=C(C=C(C=C2)CC#N)N=C1NC(=O)C3=CC(=NC=C3)C4=CN(N=C4)C)O,1,0.9948913
CC1=CC=C(C=C1)C2CC(=NN2C3=NC(=CS3)C4=CC=C(C=C4)Cl)C5=CC=C(C=C5)OC,0,0.17206796
Cc1cccc(CN(Cc2ccc(O)cc2)C(=O)Nc2ccccc2)c1O,0,3.4678148e-06
CC1=C2C=NN(C2=CC(=N1)C3=C(C=CN=C3)OC)C4=NC(=C5C(=C4)N(C(=N5)N6CCNCC6)C)N7C[C@H]8C[C@@H]7CO8,1,0.9992387
CC1=C2C=NN(C2=CC(=N1)C3=C(C=CN=C3)OC)C4=NC(=C5C(=C4)N(C(=N5)N6CCN(CC6)CCOC)C)OC7CCOCC7,1,0.9996662
CC(C)n1nc(-c2ccc3nccnc3c2)c2c(N)ncnc21,0,2.5993916e-07
COc1cc(/C=C2\CCC/C(=C\c3ccc(O)cc3)C2=O)cc(OC)c1,0,0.008740215
CCOC1=C(C2=C(C=C1)N=CN=C2NC3=CC(=C(C=C3)OC4=CC5=NC=NN5C=N4)C)N6CC(C6)N(C)C,0,0.9997892
C=CC(=O)NC1=CC=CC(=C1)NC2=NC(=NC=C2C(F)(F)F)NC3=C(C=C(C=C3)N4CCOCC4)OC(F)F,1,0.33956927
CN1CCC(CC1)OC2=C(C=C3C(=C2)C(=NC=N3)NC4=CC(=C(C=C4)F)Cl)OC,1,0.9098322
COC1=CC=CC=C1C(=O)NCC2=CC=C(C=C2)C3=NN(C4=NC=NC(=C34)N)C5CCCOC5,0,0.0032434885
CC(=C)C(=O)CC1=CC2=C(C=N1)N=CN=C2NC3=CC(=CC=C3)Br,1,0.9952878
COC1=C(C=C2C(=C1)C(=NC=N2)NC3=CC=C(C=C3)C#N)OCCCN4CCC(CC4)C5=CC=CC=C5,1,0.9561358
CC1=C2C=NN(C2=CC(=N1)C3=C(C=CN=C3)OC)C4=NC(=C5C(=C4)N(C(=N5)N6CCN(C(C6)(C)C)C)C)N7C[C@H]8C[C@@H]7CO8,1,0.9997906
CCS(=O)(=O)n1cc(-c2ccnc(Nc3cc(NC(C)=O)c4c(cnn4CCN(C)C)c3)n2)c2ccccc21,0,0.007042059
O=S(=O)(Nc1nccs1)c1ccc(NC(=S)Nc2ccc3c(c2)OCO3)cc1,0,8.118864e-08
CCOC1=C(C=C(C=C1)C2=NN(C3=NC=NC(=C23)N)C(C)C)OC,0,0.0013887845
O=C(Nc1ccccc1)N(Cc1ccc(O)cc1)Cc1cccc(Br)c1O,0,0.015950019
C=C/C=C/C(=O)CC1=CC2=C(C=N1)N=CN=C2NC3=CC(=CC=C3)Br,1,0.99765426
COc1nc(Nc2ccc(-c3nc4ccccc4s3)c(OC)c2)c2cc[nH]c2n1,0,2.5131625e-10
C=CC(=O)CC1=CC2=C(C=N1)N=CN=C2NC3=CC(=CC=C3)Br,1,0.99999976
CC1=C2C=NN(C2=CC(=N1)C3=C(C=CN=C3)OC)C4=NC(=C5C(=C4)N(C(=N5)CN(C)C)C)N6CCOCC6,1,0.9994242
COc1cc2c(Nc3ccc(F)c(Cl)c3)ncnc2cc1OCCCCn1ccnc1[N+](=O)[O-],1,0.99031574
C1=CC(=C(C2=C1C=CC(=O)O2)O)O,0,4.909581e-11
CN1CCN(c2ccc(Nc3ncnc4cc5oc(=O)n(CCOC(=O)CBr)c5cc34)cc2Cl)CC1,1,0.057013202
O=C(Cc1c(SSc2[nH]c3ccccc3c2CC(=O)NCc2ccccc2)[nH]c2ccccc12)NCc1ccccc1,0,9.170503e-06
Cc1cc(C)c(O)c(CN(Cc2ccc(O)cc2)C(=S)Nc2ccccc2)c1,0,0.00040271418
C[C@H](C1=CC=CC=C1)NC2=C3C=C(OC3=NC=N2)C4=CC(=CC=C4)OC,1,0.9912607
CCN1CC2(C1)CN(C(=O)O2)C3=C(C=C4C(=C3)C(=NC=N4)NC5=C(C(=CC=C5)Cl)F)OC,1,0.85569054
CCOc1cc2ncnc(Nc3cccc(-c4nccs4)c3)c2cc1OCC,1,0.23337941
C1OC2=C(O1)C=C3C(=C2)C(=C(C=N3)C#N)NC4=CC(=CC=C4)Br,0,0.5846775
COc1cc2c(Nc3ccc(OCc4cccc(F)c4)c(Cl)c3)ncnc2cc1OCCCCn1ccnc1[N+](=O)[O-],1,0.98429155
CC1CCN(CC1)CCCOC2=C(N=C3C(=C2)N=CN=C3CC4=CC(=C(C=C4)F)Cl)NC(=O)C=C,1,0.92315096
COC1=C(C=C2C(=C1)C(=NC=N2)NC3=CC=C(C=C3)NC(=O)C4=CC=CC=C4)OCCN5CCCCC5,0,0.21595713
C1=CC=C(C=C1)CSC2=NN=C(O2)C3=CC=CC=C3F,0,2.9365879e-06
CC1=C2C=NN(C2=CC(=N1)C3=C(C=CN=C3)OC)C4=NC(=C5C(=C4)N(C(=N5)N6CCN7CCOC[C@@H]7C6)C)C(C)C,1,0.9999981
COc1cc2c(cc1OC)Sc1nc(C)nc(Nc3ccc4ccccc4c3)c1NC2,0,2.242755e-07
C=CC(=O)N1CCC(C2CCNc3c(C(N)=O)c(-c4cc(OC)c(Cl)c(OC)c4)nn32)CC1,0,0.18941619
Nc1ncnc2c1ncn2CC(=O)c1ccccc1,0,2.2478662e-07
COC1=C(C=C2C(=C1)N=CN=C2NC3=C(C(=CC=C3)Cl)F)OC4CCN(CC4)S(=O)(=O)C,1,0.79624814
Nc1ncnc2c1c(-c1cccc(O)c1)cn2[C@H]1C[C@@H](CN2CCC2)C1,0,0.17940985
COC1=CC=C(C=C1)C2=NN(C(C2)C3=CC=C(C=C3)F)C4=NC(=CS4)C5=CC=CC=C5,0,0.018846987
CCN1CCC(CC1)N2C=C(N=N2)C(C3=CC=CC=C3)NC4=CC5=C(C(=C4)Cl)N=CN=C5NC6=CC(=C(C=C6)F)Cl,1,0.99753225
CN(C)[C@H](CS(C)(=O)=O)c1ccc(-c2ccc3ncnc(Nc4ccc(OCc5cccc(F)c5)c(Cl)c4)c3c2)o1,1,0.17667964
CN(C)C(CS(C)(=O)=O)c1ccc(-c2ccc3ncnc(Nc4ccc(OCc5cccc(F)c5)c(Cl)c4)c3c2)o1,1,0.56426525
COC1=C(C=C2C(=C1)N=CN=C2NC3=C(C(=CC=C3)Cl)F)OCCCN4CCOCC4,1,0.99986756
O=C(Cc1c[nH]c2cc3ncnc(Nc4cccc(Br)c4)c3cc12)N1CCOCC1,1,0.0053913034
CC1=CC2=CC(=N1)C3=C(N(N=C3)C)OCCC[C@H](CN4C5=C(C=C(C=C5)NCC6CCOCC6)N=C4NC2=O)C7CC7,1,0.98042417
Cc1cccc(Nc2ncnc3cnc(NCCCN4CCOCC4)cc23)c1,1,0.9996753
C[C@@]12[C@@H]([C@@H](C[C@@H](O1)N3C4=CC=CC=C4C5=C6C(=C7C8=CC=CC=C8N2C7=C53)CNC6=O)N(C)C(=O)C9=CC=CC=C9)OC,1,0.999564
O=C(CSc1nc2ccccc2c(=O)n1Cc1ccc2c(c1)OCO2)Nc1ccc(Br)cc1Br,0,1.251801e-10
CCN1C2=NC=NC(=C2C(=N1)C#CC3=C(C=CC(=C3)C(=O)NC4=CC(=C(C=C4)CN5CCN(CC5)C)C(F)(F)F)C)N,0,0.9932781
C=CS(=O)(=O)C1=NC=C2C(=C1)C(=NC=N2)NC3=CC(=CC=C3)Br,1,0.9995596
OCCNc1cc2c(Nc3cccc(Br)c3)ncnc2cn1,1,1.0
COC1=CC=C(C=C1)C2=NN(C(C2)C3=CC=C(C=C3)Cl)C4=NC(=CS4)C5=CC=CC=C5,0,0.002893883
CN1C(=O)C2=C(NC1=O)N=C(N2)SC/C(=N/O)/C3=CC=C(C=C3)Br,0,4.3599334e-07
CC1=CC(=C2C(=NN(C2=N1)C3=CC=CC=C3)C)OCC(=O)N/N=C/C4=CC=C(C=C4)Cl,0,0.00996634
C[C@@H](Nc1ncnc2sc3c(c12)CCN(C(=O)/C=C/CN(C)C)C3)c1ccccc1,1,0.9894299
CC1=C(SC=N1)C2=CC=C(C=C2)CNC(=O)[C@@H]3C[C@H](CN3C(=O)[C@H](C(C)(C)C)NC(=O)CCCCCOCCCCOCCCCOC4=C(C=C5C(=C4)N=CN=C5NC6=CC(=C(C=C6)F)Cl)NC(=O)/C=C/CN(C)C)O,1,0.95056653
CC1=CC(=C2C(=NN(C2=N1)C3=CC=CC=C3)C)OCC(=O)N/N=C/C4=CC(=C(C(=C4)OC)OC)OC,0,0.0022166376
O=C(/C=C/c1ccccc1)N1CCc2c(sc3ncnc(N[C@H](CO)c4ccccc4)c23)C1,0,0.9967083
COC1=C(C=C2C(=C1)N=CN=C2NC3=CC=CC(=C3)C(=O)NC45CC6CC(C4)CC(C6)C5)OCCCN7CCOCC7,1,0.83970207
CC1=CC(=CC=C1)NC2=NC=NC3=CN=C(C=C32)NC,1,0.022958044
C[C@H](C1=CC=CC=C1)NC2=C3C=C(OC3=NC=N2)C4=CC=C(C=C4)F,1,0.995861
C[C@H](C1=CC=CC=C1)NC2=C3C=C(OC3=NC=N2)C4=CC=CC=C4OC,1,0.91253
Cn1cc(-c2cc3ncnc(Nc4ccc(CC(=O)Nc5cc(C(C)(C)C)nn5C)cc4)c3s2)cn1,0,0.010568728
C=CC(=O)NC1=NC=C2C(=C1)C(=NC=N2)NC3=CC(=C(C=C3)F)Cl,1,0.9991184
CCOc1cc(-c2nn(C(C)C)c3ncnc(N)c23)ccc1OC,0,0.0012390492
CC(C)N1C2=NC=NC(=C2C(=N1)C3=CC(=C(C=C3)OC)OC)N,0,1.924823e-05
CC(C)N1C2=NC=NC(=C2C(=N1)C3=CC(=C(C=C3)F)O)N,0,2.4668503e-05
CNc1ncc2ncnc(Nc3cccc(C)c3)c2n1,1,0.8836162
COc1cc(/C=C2\CCC/C(=C\c3ccccc3F)C2=O)cc(OC)c1,0,0.024167083
C1CCN(CC1)CCCNC2=CC3=C(C=C2)N=CN=C3NC4=CC(=CC=C4)Br,1,0.9892402
CC(C)N1C2=NC=NC(=C2C(=N1)C3=CC(=C(C=C3)C=O)F)N,0,0.00046164633
CN(C)CCC(C1=NC=C2C(=C1)C(=NC=N2)NC3=CC(=CC=C3)Br)C(=O)C=C,1,0.99818975
C[C@H](C1=CC=CC=C1)NC2=C3C=C(OC3=NC=N2)C4=CC=C(C=C4)OC,1,0.97313404
COc1cc(/C=C2\CCC/C(=C\c3ccc(OC)c(O)c3)C2=O)cc(OC)c1,0,0.006923265
CC(C)N1C2=NC=NC(=C2C(=N1)C3=CC(=C(C(=C3)F)C=O)F)N,0,0.02284854
Cc1cccc(Nc2ncnc3cnc(NCCN4CCOCC4)nc23)c1,1,0.9995788
O=C(Nc1ccccc1Br)c1ccc(N(CCCl)CCCl)cc1,0,9.658198e-05
Cl.O=[N+]([O-])c1ccc2sc3c(Nc4cccc(Br)c4)ncnc3c2c1,1,0.9828749
CN1C=C(C=N1)C2=NC(=CC(=C2)C(=O)NC3=NC4=CC=CC=C4N3C5CCC(CC5)O)N,1,0.97680855
C1=CC=C(C=C1)NC(=O)C2=C(C=CC(=C2)NC(=O)CCCCCC(=O)NO)O,0,0.016682748
CC1=C(NC(=C1C(=O)NC[C@@H](CN2CCOCC2)O)C)/C=C\3/C4=C(C=CC(=C4)F)NC3=O,0,1.1276833e-05
C1=CC=C(C=C1)[C@@H](CO)NC2=NC=NC3=C2C=C(N3)C4=CN=CC=C4,1,0.9746431
CN1C2=NC(=NC=C2C=C(C1=O)C3=C(C=CC=C3Cl)Cl)N,0,0.00019542596
CN(C)c1ccc2c(Nc3cccc(Br)c3)ncnc2n1,0,0.05318397
C1=CC=C(C=C1)CNC(=O)C2=CC3=CC(=C(C=C3C=N2)O)O,0,0.0011480547
c1ccc2sc(-c3ccc(Nc4ncnc5[nH]ccc45)cc3)nc2c1,0,0.009982015
C1COCCN1CCC(=O)NC2=CC3=C(C=C2)C(=CN=C3NC4=CC(=CC=C4)Br)C#N,0,0.6197049
C=CC(=O)Nc1cc(Nc2ncc(Cl)c(-c3cnn4ccccc34)n2)c(OC)cc1N1CCN(C(=O)CN(C)C)CC1,0,0.16197494
N#CCCCCn1nc(-c2ccc(F)c(O)c2)c2c(N)ncnc21,0,1.8519388e-09
O=C(Nc1ccccc1F)c1ccc(N(CCCl)CCCl)cc1,0,1.4745227e-07
COC1=C(C=C2C(=C1)N=CN=C2NC3=C(C=CC(=C3)Cl)F)OC4CCN(CC4)CC(=O)N,1,0.64645666
CN1C=C(C=N1)C2=NC(=CC(=C2)C(=O)NC3=NC4=CC=CC=C4N3C5CCC(CC5)O)Cl,1,0.99257505
C=CS(=O)(=O)NC1=NC=C2C(=C1)C(=NC=N2)NC3=CC(=CC=C3)Br,1,0.99919075
CC1=CC2=C(C=C1)N(C(=N2)NC(=O)C3=CC(=NC=C3)C4=CN(N=C4)C)CC(C)(C)O,1,0.9922288
CCNC(CS(C)(=O)=O)c1ccc(-c2ccc3ncnc(Nc4ccc(OCc5cccc(F)c5)c(Cl)c4)c3c2)o1,1,0.99598503
CC(C)N1C2=NC=NC(=C2C(=N1)C3=CC(=C(C=C3)C#N)O)N,0,3.868198e-06
COC1=C(C=C2C(=C1)N=CN=C2NC3=C(C(=CC=C3)Cl)F)OC4CCN(CC4)CC(=O)N,1,0.93585455
COc1ccc(-c2nn(C)c3ncnc(N)c23)cc1O,0,0.0011627548
COC1=C(C=C(C(=C1)O)C(=O)NC2=CC(=C(C=C2)F)Cl)NC(=O)CCCCCC(=O)NO,0,0.13491498
CC1=CC(=CC(=N1)C2=CN(N=C2)C)C(=O)NC3=NC4=CC=CC=C4N3C5C[C@@H](C[C@@H](C5)O)O,1,0.99937207
C[C@H](C1=CC=CC=C1)NC2=C3C=C(OC3=NC=N2)C4=CC=C(C=C4)O,1,0.9953838
CC#CC(=O)Nc1cc2c(Nc3ccc(F)c(Cl)c3)ncnc2cn1,1,0.9994123
CN1CCN([C@H]2CC[C@H](n3nc(-c4ccc(Nc5nc6cccc(Cl)c6o5)cc4)c4c(N)ncnc43)CC2)CC1,0,0.0016503517
COc1cc2ncnc(Sc3cccc(Cl)c3)c2cc1OC,1,0.0022746755
CCN(CC)CCNC(=O)C1=C(NC2=CC=CC=C21)[Se][Se]C3=C(C4=CC=CC=C4N3)C(=O)NCCN(CC)CC,0,0.47178265
O=C(Nc1ccccc1)N(Cc1ccc(F)cc1)Cc1cccc(Br)c1O,0,0.001498839
COc1cc(Nc2ncnc3[nH]cnc23)ccc1-c1nc2ccccc2s1,0,0.82600546
COC1=CC=C(C=C1)C2=CC3=C(N=CN=C3O2)N[C@H](CCO)C4=CC=CC=C4,1,0.43339232
CC(C)N1C2=NC=NC(=C2C(=N1)C3=CC=C(C=C3)OC)N,0,2.5187031e-05
C=CC(=O)NC1=NC2=C(C=C1/C=C/CCN3CCOCC3)N=CN=C2NC4=CC(=C(C=C4)F)Cl,1,0.94245625
CC(C)N1C2=NC=NC(=C2C(=N1)C3=CC(=C(C=C3F)O)F)N,0,0.00028748217
COc1cc(C(=NC#N)c2csc(-c3ccccc3)n2)cc(OC)c1OC,1,0.11310306
CN(C(=O)c1ccc(N(CCCl)CCCl)cc1)c1ccccc1,0,0.0068067485
CNc1cc2c(Nc3cccc(C(F)(F)F)c3)ncnc2cn1,1,0.99949265
CN1CC2(C1)CN(C(=O)O2)C3=C(C=C4C(=C3)C(=NC=N4)NC5=C(C(=CC=C5)Cl)F)OC,1,0.5992328
CN(C)Cc1cc(C(=O)N[C@@H]2CCc3ccc(Oc4ccnc5c4CCC(=O)N5)cc3C2)cc(C(F)(F)F)c1,0,0.0001740363
C1=CC=C(C(=C1)C2=NN=C(O2)CC3=NC4=CC=CC=C4N3)Cl,0,0.00691416
Brc1cccc(Nc2ncnc3cnc(NCCN4CCOCC4)nc23)c1,1,0.9997923
CN(C)CC(CSc1ccccc1)C(=O)c1ccc(OCc2ccccc2)cc1.Cl,0,0.0013034598
C1COCCN1C(=O)CCN2C3=CC4=C(C=C3C=N2)C(=NC=N4)NC5=CC(=CC=C5)Br,1,0.4562856
C1=CC(=CC(=C1)F)NC(=O)C2=C(C=CC(=C2)NC(=O)CCCCCC(=O)NO)O,0,0.001633495
CN(C1=C(C=C2C(=N1)C(=NC=N2)NC3=CC(=C(C=C3)F)Cl)OCCCN4CCOCC4)C(=O)C=C,1,0.98880684
CN(C/C=C/C(=O)NC1=CC2=C(C=CN=C2C=N1)NC3=CC(=CC=C3)Br)N,1,0.8212194
CN(CCO)c1cc2c(Nc3cccc(Br)c3)ncnc2cn1,1,0.9999968
CC1=CC=C(C=C1)NC(=O)C2=C(C=CC(=C2)I)O,0,0.0012443888
CC1=C(C=C(C=C1)C2=NN(C(C2)C3=CC=C(C=C3)O)C4=NC(=CS4)C5=CC=CC=C5)C,0,0.068518616
NS(=O)(=O)c1ccc(Nc2nc3ncnc(Nc4ccc(N5CCOCC5)cc4)c3s2)cc1,0,0.99026346
CN(C)C/C=C/C(=O)N1Cc2sc3ncnc(Nc4ccc(OCc5ccccn5)c(Cl)c4)c3c2C1,1,0.9986727
C=CC(=O)N1CCC(C2CCNc3c(C(N)=O)c(-c4cc(C)c(C)c(C)c4)nn32)CC1,0,0.088186376
C1C(N(N=C1C2=CC=C(C=C2)Br)C3=NC(=CS3)C4=CC=CC=C4)C5=CC=C(C=C5)Cl,0,0.028596122
CCNC1=NC=C2C=C(C(=O)N(C2=N1)C)C3=C(C=CC=C3Cl)Cl,0,0.00073365145
C1=CC=C2C(=C1)C3=C(S2)C(=NC=N3)NC4=CC(=CC=C4)Br,1,0.9345259
CN1CCC2=C(C=NN2C)C3=CC(=C(N=C31)OC)NC4=NC=C(C(=N4)NC5=CC=CC=C5P(=O)(C)C)Br,1,0.9997353
C=CC(=O)N(CCCN1CCOCC1)C2=CC3=C(C=C2)N=CN=C3NC4=CC(=CC=C4)Br,1,0.9999887
C1CC2=C(CC1N)C3=C(N2CCCCCC4=CC=CC=N4)C=CC(=C3)OCCC5=CC=C(C=C5)O.Cl.Cl,0,0.7146854
CN1CCC(Nc2ncc3ncnc(Nc4ccc(F)c(Cl)c4)c3n2)CC1,1,0.9981495
Nc1nccn2c1c(-c1ccc3ccc(-c4ccccc4)nc3c1)nc2[C@H]1C[C@@H](CN2CCC2)C1,0,0.71783555
C1C[C@H](CN(C1)C(=O)/C=C/CF)N2C(=C(C(=N2)C3=CC=C(C=C3)OC4=C(C=C(C=C4)F)F)C(=O)N)N,0,0.071834035
NC(=O)c1oc2cc(O)cc(O)c2c(=O)c1-c1ccc(O)cc1,1,0.82072425
COCCN(C/C=C/C(=O)N1CCc2c(sc3ncnc(Nc4ccc(F)c(Cl)c4)c23)C1)CCOC,1,0.93208
C1=CC=C(C=C1)CNC(=O)[C@@H](CC2=C(NC3=CC=CC=C32)[Se][Se]C4=C(C5=CC=CC=C5N4)C[C@@H](C(=O)NCC6=CC=CC=C6)NC(=O)C(F)(F)F)NC(=O)C(F)(F)F,0,0.9906599
COc1cccc(-c2cn(C3CCN(CCN(C)CCO)CC3)c3ncnc(N)c23)c1,0,0.39786652
COc1cc(Br)cc(-c2nn(C(C)C)c3ncnc(N)c23)c1,0,0.89241034
CC1=C2C=NN(C2=CC(=N1)C3=C(C=CN=C3)OC)C4=NC(=C5C(=C4)N(C(=O)N5C)C)N6CCC(CC6)C7=CN(N=C7)C,1,0.99538773
C1CC(CCC1N2C3=CC=CC=C3N=C2NC(=O)C4=CC(=NC=C4)C5=CN(N=C5)C(F)F)O,1,0.9737509
C1=CC=C2C(=C1)C=C(C(=N2)Cl)C(C3=CC=CS3)O,0,0.0005181291
CC1=CC2=CC(=N1)C3=C(N(N=C3)C)OCCC[C@H](CN4C5=C(C=CC(=C5)N[C@H]6CC[C@@H](C6)N(C)C)N=C4NC2=O)C7CC7,1,0.9971998
CC1=CC2=CC(=N1)C3=C(N(N=C3)C)OCCC[C@H](CN4C5=C(C=CC(=C5)N[C@H]6CC[C@H](C6)N(C)C)N=C4NC2=O)C7CC7,1,0.9972146
CC1=CC2=CC(=N1)C3=C(N(N=C3)C)OCCC[C@H](CN4C5=C(C=CC(=C5)N[C@@H]6CC[C@@H](C6)N(C)C)N=C4NC2=O)C7CC7,1,0.9978728
CC1=CC2=CC(=N1)C3=C(N(N=C3)C)OCCC[C@H](CN4C5=C(C=CC(=C5)N[C@@H]6CC[C@H](C6)N(C)C)N=C4NC2=O)C7CC7,1,0.99749076
CCOC1=C(C=C(C=C1)C2=NN(C3=NC=NC(=C23)N)CC=C)OC,0,0.0006308853
Nc1ccc2ncnc(Nc3cccc4ccccc34)c2c1,1,0.8951356
CCCCN(CC#CC(=O)Nc1cc2c(Nc3ccc(F)c(Cl)c3)ncnc2cn1)CCCC,1,0.99981433
O=C1C[C@H](O)[C@@H]2c3c(ccc(O)c31)-c1ccc(O)c3c1[C@@]2(O)CCC3=O,1,0.00041381206
CN1C=CC2=C(C1=O)C(=C(N2)C3=CC(=NC=C3)NC(=O)C(CC(F)F)C4=CC=C(C=C4)F)C5=CC=CC=C5,0,0.0033010226
C=CC(=O)NC1(C2CCNc3c(C(N)=O)c(-c4ccc(Oc5ccccc5)cc4)nn32)CC1,1,0.9991922
C1CS(=O)(=O)CCC1N2C=C(C(=N2)C3=CC=C(C=C3)F)C4=C5C=C(OC5=NC=N4)C6=CC=CC=C6,1,0.9898459
Cc1ccc(C(=O)Nc2ccc(CN3CCN(C)CC3)c(C(F)(F)F)c2)cc1NC(=O)c1cnccn1,0,0.00042074564
COC1=CC=C(C=C1)C2=NN(C(C2)C3=CC=C(C=C3)O)C4=NC(=CS4)C5=CC=CC=C5,0,0.004707356
C1CC(=O)NC(=O)C1N2C(=O)C3=C(C2=O)C(=CC=C3)NCCOCCC4=CC=C(C=C4)C5=CC6=C(N5)N=CN=C6NCC7=CC=CC=C7Cl,1,0.6783623
C1=CC=C(C=C1)C2=CC3=C(N=CN=C3O2)N[C@H](CO)C4=CC=CC=C4,1,0.9347784
C1COCCN1CC2=CNC3=CC4=C(C=C32)C(=NC=N4)NC5=CC(=CC=C5)Br,1,0.9014797
C1=CC=C(C=C1)C2=CC(=O)N3C(=NC=N3)N2CC(=O)NNC(=S)NC4=CC=CC=C4,0,0.3648815
Cc1ccc(-c2nn(C)c3ncnc(N)c23)cc1O,0,0.00016047648
CCOC(=O)/C=C/C(=O)NC1=NC=C2C(=C1)C(=NC=N2)NC3=CC(=CC=C3)Br,1,0.19022387
COC1=CC2=C(C=C1)OC3=NC=NC(=C3NC2)NCC4=CC=CC=C4,0,0.013234791
N#C/C(=C\c1ccc(O)c(O)c1)C(=O)NCCCCc1ccccc1,0,0.98616296
CN1C2=NC(=NC=C2C=C(C1=O)C3=C(C=CC=C3Cl)Cl)NCCCCCC(=O)O,0,0.0007691562
CCN(CC)CCNCc1ccc(-c2ccc3ncnc(Nc4ccc(OCc5cccc(F)c5)c(Cl)c4)c3c2)o1,1,0.9228675
Cc1cc(Nc2ncnc3[nH]nc(OCCN4CCC(O)CC4)c23)ccc1OCc1ccccn1,1,0.99794525
Nc1cc2sc3c(Nc4cccc(Br)c4)ncnc3c2cc1F,1,0.9992899
CN(C)CCCCNc1cc2c(Nc3cccc(Br)c3)ncnc2cn1,1,0.9999939
C=CC(=O)NC1=C(C=C2C(=C1)C(=NC=N2)CC3=CC(=CC=C3)Br)OCCCN4C=CN=C4,1,0.95495075
COc1cc(/C=C2\CCC/C(=C\c3cccc(Br)c3)C2=O)cc(OC)c1,0,2.228196e-05
CC1=C(SC=N1)C2=CC=C(C=C2)[C@H](C)NC(=O)[C@H]3C[C@@H](CN3C(=O)[C@H](C(C)(C)C)NC(=O)COCCOCCOCCOCC4=NC5=CN=C(C=C5N4C(C)C)NC6=NC(=NC=C6)N7CCC(CC7)OC)O,0,0.70215005
OCCN(CCO)CCNc1cc2c(Nc3cccc(Br)c3)ncnc2cn1,1,1.0
O=C(Nc1ccccc1)N(Cc1ccc(F)cc1)Cc1cc(Cl)cc(Cl)c1O,0,3.497779e-05
CC1=C2C=NN(C2=CC(=N1)C3=C(C=CN=C3)OC)C4=NC(=C5C(=C4)N(C(=N5)C(=O)C)C)N6CCOCC6,1,0.99891186
CNc1ncnc(-c2cccnc2Oc2ccc(F)c(C(=O)Nc3cc(C(F)(F)F)ccc3N(C)CCCN(C)C)c2)n1,0,0.6870593
C/C=C/C(=O)Cc1cc2c(Nc3cccc(Br)c3)ncnc2cn1,1,0.9999963
COC1=CC=C(C=C1)C2=NN(C(C2)C3=CC=C(C=C3)Cl)C4=NC(=CS4)C5=CC=C(C=C5)Cl,0,0.007801067
C=CC(=O)NC1=NC=C2C(=C1)C(=NC=N2)NC3=CC(=C(C=C3)F)Br,1,0.9997745
C1=CC=C2C=C(C=CC2=C1)CC3=CC4=C(N3)N=C(N=C4NC5=CC(=CC=C5)Br)N,0,0.16325052
CCOc1cc2ncnc(Nc3cccc(-c4cscn4)c3)c2cc1OCC,1,0.9848454
CC(C)n1nc(-c2ccc(NS(C)(=O)=O)cc2)c2c(N)ncnc21,0,3.2701089e-09
CN1C2=CC=CC=C2C(=C1[Se][Se]C3=C(C4=CC=CC=C4N3C)C(=O)O)C(=O)O,0,0.00041290693
CC1=CC=C(C=C1)C2CC(=NN2C3=NC(=CS3)C4=CC=C(C=C4)Cl)C5=CC(=C(C=C5)C)C,0,0.64642316
C1CN2CCC1C(C2)CN3C4=CC=CC=C4SC5=CC=CC=C53,0,0.31922802
C=CC(=O)N1CCC[C@H](C1)N2C(=C(C(=N2)C3=CC=C(C=C3)OC4=CC=C(C=C4)Cl)C(=O)N)N,1,0.9877402
CN(C)C/C=C/C(=O)Nc1cc2c(Nc3ccc(OCc4ccccn4)cc3)ncnc2cc1O[C@H]1CCOC1,1,0.9979493
CC1=NN=C(S1)N2C(=NC3=C(C2=O)C=CC(=C3)Cl)C4=CC=CC=C4,0,3.3907625e-05
CC1=C(C=CC(=C1)NC2=NC=NC3=C2C(=C(C=C3)OC)N4CC(C4)N(C)C)OC5=CC6=NC=NN6C=N5,0,0.0040164306
C1CC(CN(C1)C(=O)/C=C/CF)N2C(=C(C(=N2)C3=CC=C(C=C3)OC4=CC=CC(=N4)C(F)(F)F)C(=O)N)N,0,0.0017175538
COc1cc(/C=C2\CCC/C(=C\c3ccccc3Br)C2=O)cc(OC)c1,0,0.015886303
C[C@H](C1=CC=CC=C1)NC2=C3C=C(OC3=NC=N2)C4=CC=CC=C4,1,0.9844408
COc1cc(/C=C2\CCC/C(=C\c3ccccc3Cl)C2=O)cc(OC)c1,0,0.012937445
CS(=O)(=O)CCNCc1ccc(-c2ccc3ncnc(Nc4ccc(OCc5ccccc5)c(Cl)c4)c3c2)o1,1,0.9944792
CN(C)CCN(C)c1cc2c(Nc3cccc(Br)c3)ncnc2cn1,1,0.999984
COc1cc2ncnc(Nc3ccc(F)c(Cl)c3)c2cc1OCCn1ccnc1[N+](=O)[O-],1,0.9997844
CCC1=C2C(Nc3ccc4c(cnn4Cc4ccccc4)c3)=NC=NC2N=C1NC(=O)O[C@H]1CC[C@@](C)(N)CC1,1,0.5642316
C[C@H]1COCCN1C2=C3C(=CC(=N2)N4C5=CC(=NC(=C5C=N4)C)C6=C(C=CN=C6)OC)N(C(=N3)C)C,1,0.78159744
C1C[C@H](CN(C1)C#N)N2C(=C(C(=N2)C3=CC=C(C=C3)OC4=CC=CC=C4)C(=O)N)N,0,0.00049544504
C#CC1=CC(=CC=C1)NC(=O)C2=C(C=CC(=C2)NC(=O)CCCCCCC(=O)NO)O,0,0.5103203
Cn1c(-c2csc(N/N=C\c3ccccc3)n2)nc2ccccc21,0,0.00017538415
C1=CC=C(C=C1)C2=CC3=C(C=CN=C3N2)C4=NN(C(=C4C5=CC=C(C=C5)F)C#N)CCCO,1,0.99963367
C1=CC=C(C=C1)[C@@H](CO)NC2=C3C=C(OC3=NC=N2)C4=CC=C(C=C4)O,1,0.95645124
CN(C)CCCNC(=O)/C=C/C(=O)NC1=NC=C2C(=C1)C(=NC=N2)NC3=CC(=CC=C3)Br,1,0.11958456
O=C(Nc1ccccc1Cl)c1ccc(N(CCCl)CCCl)cc1,0,5.43203e-07
O=C(O)CNc1cc2c(Nc3cccc(Br)c3)ncnc2cn1,1,0.99999774
CC(C)(CN1C2=C(C=CC(=C2)CN3CCN(CC3)C)N=C1NC(=O)C4=CN=C(C(=N4)OC5=CC=CC(=C5C=O)O)C#N)O,1,0.99918765
COc1ccccc1CNc1ncc(C(=O)NC2CCN(C)CC2)c(NC2CCCC2)n1,0,0.00011561434
C1COCCN1C(=O)CN2C(=CSC2=N)C3=CC=C(C=C3)Cl,0,7.936139e-06
COc1ccc(-c2cc(=O)oc3c(O)c(O)ccc23)cc1O,0,0.0002958434
COCCOC1=CC=C(C=C1)NC2=NC=C3C(=N2)N(C(=O)C(=N3)C4=CC=CC=C4F)C5=CC=CC(=C5)NC(=O)C=C,1,0.36960626
C1=CC(=C(C=C1NC2=C3C=C(C=C(C3=NC=C2C#N)Cl)NCC4=NNN=C4)Cl)F,0,0.010967116
C1C2=C(C=CC(=C2)Br)OC3=NC=NC(=C3N1)NCC4=CC=CC=C4,0,0.0026944831
CCOC(=O)/C=C/C(=O)CC1=CC2=C(C=N1)N=CN=C2NC3=CC(=CC=C3)Br,1,0.9370216
CO.Nc1cccc2c1sc1c(Nc3cccc(Br)c3)ncnc12,1,0.99958986
CC(C)N1C2=NC=NC(=C2C(=N1)C3=CC(=CC=C3)C(=O)C)N,0,0.0015906995
CN(C/C=C/C(=O)N1CCc2c(sc3ncnc(Nc4cc(O)c(Cl)c(Cl)c4)c23)C1)C(C)(C)C,1,0.9975326
C1CC(=O)N[C@@H]1C(=O)NC2=CC3=C(C=C2)C(=CN=C3NC4=CC(=CC=C4)Br)C#N,0,0.54101884
CCOC1=C(C=C2C(=C1)C(=NC=N2)NC3=CC=CC(=C3)C4=CSC(=N4)C)OCC,0,0.6191118
C1CC(=O)NC(=O)C1N2C(=O)C3=C(C2=O)C(=CC=C3)NCCOCCOCCOCCOCCOCC#CC4=CC=CC5=C4C(=O)N(C5)[C@H](C6=C(C=CC(=C6)F)O)C(=O)NC7=NC=CS7,0,0.068748325
C1=CC=C(C=C1)CSC2=NN=C(O2)C3=CC=CC=C3N,0,1.5870364e-06
O=c1c(-c2ccc(O)c(O)c2)coc2cc(O)cc(O)c12,1,0.97889173
CC1=C(C=C(C=C1)C2=NN(C(C2)C3=CC=C(C=C3)[N+](=O)[O-])C4=NC(=CS4)C5=CC=CC=C5)C,0,0.06341025
COC(=O)CN1CCC(n2cc(-c3cccc(OC)c3)c3c(N)ncnc32)CC1,0,1.3814067e-06
C#CC1=CC(=CC=C1)NC2=C3C=C(SC3=NC=N2)C(=O)C4=CC5=CC=CC=C5N4,1,0.1624094
CC1=CC2=CC(=N1)C3=C(N(N=C3)C)OCCC[C@H](CN4C5=C(C=CC(=C5)NC6CCCC6)N=C4NC2=O)C7CC7,1,0.99092907
Cc1cccc(-n2ncc3c(NCc4ccc5c(c4)OCO5)ncnc32)c1,0,0.015464221
CC(C)S(=O)(=O)CCNCc1ccc(-c2ccc3ncnc(Nc4ccc(OCc5cccc(F)c5)c(Cl)c4)c3c2)o1,1,0.83300227
CCCC#CC(=O)Nc1cc2c(Nc3ccc(F)c(Cl)c3)ncnc2cn1,1,0.99844617
COC1=C(C=C2C(=C1)C(=NC=N2)NC3=CC=C(C=C3)C(=O)NCC(=O)OC)OCCN4CCCCC4,0,0.53274035
COC1=C(C=C(C=C1)C2=NN(C3=NC=NC(=C23)N)C4CCC4)OC,0,1.8551324e-05
C[C@@H]1CN(C[C@@H](N1C)C)C2=NC3=C(N=C(C=C3N2C)N4C5=CC(=NC(=C5C=N4)C)C6=C(C=CN=C6)OC)N7C[C@H]8C[C@@H]7CO8,1,0.3925446
CC1=C(N(C2=CC(=NC(=C12)N3CCOCC3)N4C5=CC(=NC(=C5C=N4)C)C6=C(C=CN=C6)OC)C)C(=O)N(C)C,1,0.87801003
COC1=CC=C(C=C1)C2=NN(C(C2)C3=CC=C(C=C3)[N+](=O)[O-])C4=NC(=CS4)C5=CC=CC=C5,0,0.00023083376
COC1=C(C=C2C(=C1)CNC3=C(O2)N=CN=C3OC4=C(C(=CC=C4)Cl)F)OC,0,0.3146445
Cc1nn(-c2ccccc2)nc1Cn1nc(-c2ccc(F)c(O)c2)c2c(N)ncnc21,0,5.343644e-10
C1C[C@H](CN(C1)C(=O)/C=C/CO)N2C(=C(C(=N2)C3=CC=C(C=C3)OC4=CC=C(C=C4)Cl)C(=O)N)N,0,0.017552929
Oc1nnc(-c2c[nH]c(-c3ccccc3)c2-c2ccccc2)c2cn(-c3ccccc3)nc12,0,0.01804932
COC1=C(C=C2C(=C1)N=CN=C2NC3=CC(=C(C=C3)OCC4=CC(=CC=C4)F)Cl)OCCCN5CCNCCNCC5,1,0.6769302
CC1=C(N(C2=CC(=NC(=C12)C(C)C)N3C4=CC(=NC(=C4C=N3)C)C5=C(C=CN=C5)OC)C)C(=O)N6CCNCC6,1,0.85568416
CC(C)N1C2=NC=NC(=C2C(=N1)C3=CC(=C(C=C3)N)OC)N,0,3.1578077e-06
CC(C)n1nc(-c2cc3cc(C=O)ccc3s2)c2c(N)ncnc21,0,1.284113e-06
COC1=CC=C(C=C1)C2=NN(C(C2)C3=CC=C(C=C3)F)C4=NC(=CS4)C5=CC=C(C=C5)Cl,0,0.03786948
COc1cc2ncnc(Nc3ccc(F)c(Cl)c3)c2cc1OCCn1c([N+](=O)[O-])cnc1C,1,0.99146795
CC(C)C1=CC=C(C=C1)COC(=O)C2=C(C=CC(=C2)NCC3=C(C=CC(=C3)O)O)O,0,6.0982733e-05
COc1cc(/C=C/C(=O)Nc2cc3c(Nc4ccc(F)c(Cl)c4)ncnc3cc2O[C@@H]2CCOC2)cc(OC)c1OC,1,0.9999989
COC1=CC(=C2C(=C1)C=CN(C2=O)C3=CC(=C(C=C3)F)Cl)OC,0,0.030365204
Cn1cc([N+](=O)[O-])nc1C[N+](C)(C)C/C=C/C(=O)Nc1ccc2ncnc(Nc3cccc(Br)c3)c2c1.[Br-],1,0.97943705
c1ccc(C2=NN(c3ccccc3)C(c3cccc4ccccc34)C2)cc1,0,1.8761531e-05
CC(C)N1CCC2=NN(C=C2C3=CC(=C(C=C31)OC)NC4=NC=C(C(=N4)NC5=CC=CC=C5P(=O)(C)C)Br)C6COC6,1,0.9987942
Cc1[nH]c(-c2ccccc2)c(-c2ccccc2)c1-c1nnc(C)c2nn(-c3ccccc3)cc12,0,0.0030331237
CC(C)N1C2=NC=NC(=C2C(=N1)C3=CC(=C(C=C3)Br)OCOC)N,0,0.0013993478
CC1=C(N(C2=CC(=NC(=C12)C3CC3)N4C5=CC(=NC(=C5C=N4)C)C6=C(C=CN=C6)OC)C)C(=O)N(C)OC,1,0.8732564
CC1=C2C=NN(C2=CC(=N1)C3=C(C=CN=C3)OC)C4=NC(=C5C(=C4)N(C(=N5)N6CCN(CC6)CCOC)C)C7CCOCC7,1,0.9999764
CN(C)CCN(C1=NC=C2C(=C1)C(=NC=N2)NC3=CC(=CC=C3)Br)C(=O)C=C,1,0.9932094
CCOc1cc2nc(CC)nc(Nc3cccc(-c4csc(C)n4)c3)c2cc1OCC,0,2.5987546e-07
COc1cc2c(Oc3ccc(NS(=O)(=O)c4cccc(-c5cccs5)c4)cc3F)ccnc2cc1OCCCN1CCN(C)CC1,0,0.012622429
CCOc1cc2ncnc(Nc3ccc(F)c(Cl)c3)c2cc1NC(=O)/C=C/[C@@H]1CCCN1C,1,0.9981256
CC1=CC(=CC(=N1)C2=CN(N=C2)C)C(=O)NC3=NC4=CC=CC=C4N3C5CCC(CC5)O,1,0.9884466
CC(C)N1C2=NC=NC(=C2C(=N1)C3=CC(=C(C=C3)NC(C)CO)OC)N,0,0.0077530313
COC1=CC=C(C=C1)C2=NN(C(C2)C3=CC=C(C=C3)[N+](=O)[O-])C4=NC(=CS4)C5=CC=C(C=C5)Cl,0,0.00014463575
COc1cc(/C=C2\CCC/C(=C\c3ccc(S(C)(=O)=O)cc3)C2=O)cc(OC)c1,0,0.0002082787
Cc1nc2cc3c(Nc4cccc(Br)c4)ncnc3cc2[nH]1,1,0.97768664
C=CC(=O)Nc1cc2c(Nc3ccc(Br)cc3F)ncnc2cc1OCCNC(=O)C1CC1,1,0.9979944
CCC1=CC2=C(C=C1N3CCC(CC3)N4CCOCC4)C(C5=C(C2=O)C6=C(N5)C=C(C=C6)C#N)(C)C,0,0.9996971
CCOc1cc2ncc(C#N)c(Nc3ccc(F)c(Cl)c3)c2cc1NC(=O)/C=C/CN(C)Cc1ccc(F)cc1,1,0.96441257
C1=CC(=C(C=C1NC2=C3C=C(C=C(C3=NC=C2C#N)Br)NCC4=NNN=C4)Cl)F,0,0.013880595
CNC1=NC=C2C(=C1)C(=NC=N2)NC3=CC(=CC=C3)Br,1,0.98465216
C1CCN(CC1)C[C@H]2[C@@H](O2)C(=O)NC3=CC4=C(C=C3)N=CN=C4NC5=CC(=CC=C5)Br,1,0.9996501
C1=CC(=C(C=C1Cl)Cl)NC(=O)C2=C(C=CC(=C2)I)O,0,0.061536916
CCOC1=C(C=CC(=C1)C2=NN(C3=NC=NC(=C23)N)CCO)OC,0,0.0021041087
CC(C)N1C2=NC=NC(=C2C(=N1)C3=CC(=C(C=C3)C#N)F)N,0,6.721078e-05
CNC(=O)C1=C(N(C2=CC=CC=C21)C)[Se][Se]C3=C(C4=CC=CC=C4N3C)C(=O)NC,0,0.0038222151
C[C@@H](CN)n1nc(-c2ccc(F)c(O)c2)c2c(N)ncnc21,0,3.0895503e-06
CC1=C(SC=N1)C2=CC=C(C=C2)[C@H](C)NC(=O)[C@@H]3C[C@H](CN3C(=O)[C@H](C(C)(C)C)NC(=O)COCCOCCOCCOCCOCC4=NC5=CN=C(C=C5N4C(C)C)NC6=NC(=NC=C6)N7CCC(CC7)OC)O,0,0.55027497
C#Cc1cccc(Nc2ncnc3cc(OCCCCn4ccnc4[N+](=O)[O-])c(OC)cc23)c1,1,0.96840066
C1=CC(=CC=C1C2=COC3=NC=NC(=C23)N)NC(=O)NC4=C(C=CC(=C4)C(F)(F)F)F,0,0.044952683
CC(C)N1C2=NC=NC(=C2C(=N1)C3=CC(=CC=C3)OC)N,0,2.0343134e-05
CC1=CC2=CC(=N1)C3=C(N(N=C3)C)OCCC[C@H](CN4C5=C(C=C(C=C5)N[C@H](C)CN6CCCCC6)N=C4NC2=O)C7CC7,1,0.9999615
CC1=CC2=CC(=N1)C3=C(N(N=C3)C)OCCC[C@H](CN4C5=C(C=C(C=C5)N[C@@H](C)CN6CCCCC6)N=C4NC2=O)C7CC7,1,0.9999645
CC(C)(CN1C2=C(C=C(C=C2)N3CCC(CC3)N4CCN(CC4)C)N=C1NC(=O)C5=CC(=NC=C5)OC6=CC=CC(=C6C=O)O)O,1,0.9998896
COc1cc(O)c2c(=O)c(-c3ccc(O)cc3)coc2c1,1,0.047840003
CC(C)(CN1C2=CC=CC=C2N=C1NC(=O)C3=CC(=NC=C3)C4=CN(N=C4)C)CO,1,0.9983846
COC(=O)C1=C(C2=CC=CC=C2C3=C1C4=C(O3)C(=O)C5=CC=CC=C5C4=O)OCCN6CCCCC6,0,0.66372865
C1=CC(=C(C=C1NC(=O)CCCCCC(=O)NO)C(=O)NC2=CC(=C(C=C2)Cl)C(F)(F)F)O,0,1.6481995e-06
C1=CC=C2C(=C1)C(=C(N2)SSC3=C(C4=CC=CC=C4N3)CCC(=O)NCC5=CC(=C(C=C5)C(=O)O)O)CCC(=O)NCC6=CC(=C(C=C6)C(=O)O)O,0,0.05943171
C1CC(C1)N2C3=NC=NC(=C3C(=N2)C4=CC(=C(C=C4)F)O)N,0,0.0006318695
CC(C)N1C2=NC=NC(=C2C(=N1)C3=CC(=C(C=C3)OC)O)N,0,1.9378502e-05
C=CC(=O)NC1=CC(=CC=C1)OC2=NC(=NC=C2C(F)(F)F)NC3=C(C=C(C=C3)N4CCOCC4)OC(F)F,1,0.3317514
CN1CCC2=C(C1=O)C(=C(N2)C3=CC(=NC=C3)NC(=O)CC4=NC=CN=C4)NC5=CC=CC=C5,0,0.04337662
Cn1cccc1-c1nc2cc(NC(=O)CCl)ccc2[nH]1,0,9.169834e-08
CC[C@@H](Nc1ncnc2sc3c(c12)CCN(C(=O)/C=C/CN(C)C)C3)c1ccccc1,1,0.9990414
C1=CC(=C(C=C1NC(=O)CCCCCC(=O)NO)C(=O)NC2=CC(=C(C=C2)Cl)Cl)O,0,0.00044523345
COc1cc(O)c(C(=O)O)c(C2=C(C)C[C@@H](O)C2=O)c1,1,0.998863
C1C[C@H](CN(C1)C(=O)/C=C/CO)N2C(=C(C(=N2)C3=CC=C(C=C3)OC4=C(C=C(C=C4)F)F)C(=O)N)N,0,0.10441361
Cc1cccc(CN(Cc2ccc(O)cc2)C(=S)Nc2ccccc2)c1O,0,0.0005542112
CC(C)N1C2=NC=NC(=C2C(=N1)C3=CC(=C(C(=C3)OC)OC)OC)N,0,0.0026332738
COc1cc(/C=C2\CCC/C(=C\c3cc(OC)cc(OC)c3)C2=O)cc(OC)c1,0,2.003858e-05
C=CC(=O)Nc1cccc(-n2c(=O)c(=O)n(C(C)C)c3cnc(Nc4ccc(N5CCN(C)CC5)cc4OC)nc32)c1,1,0.99716884
COC1=CC(=C2C(=C1)OC=C(C2=O)C3=CC(=CC=C3)Cl)O,0,0.00065273594
CN1C2=C(C=N1)C3=CC(=C(C=C3N(CC2)[C@H]4CCCNC4)OC)NC5=NC=C(C(=N5)NC6=C(C7=NC=CN=C7C=C6)P(=O)(C)C)Br,1,0.99760664
CN1C2=C(C=N1)C3=CC(=C(C=C3N(CC2)[C@@H]4CCCNC4)OC)NC5=NC=C(C(=N5)NC6=C(C7=NC=CN=C7C=C6)P(=O)(C)C)Br,1,0.9977806
Brc1cc2c(NCc3ccccn3)ncnc2s1,0,0.18047294
C1COCCN1CCCCNC2=NC=C3C(=C2)N=CN=C3NC4=CC(=CC=C4)Br,1,0.99849117
COC1=C(C=C(C(=C1)O)C(=O)NC2=CC=CC(=C2)C#C)NC(=O)CCCCCC(=O)NO,0,0.0055786367
CC1=C(N(C2=CC(=NC(=C12)C(C)C)N3C4=CC(=NC(=C4C=N3)C)C5=C(C=CN=C5)OC)C)C(=O)N6CCN(CC6)C,1,0.98712766
O=S(=O)(Nc1ccccn1)c1ccc(NC(=S)Nc2ccc3c(c2)OCO3)cc1,0,2.843984e-06
COc1cc(/C=C2\CCC/C(=C\c3ccc(F)cc3)C2=O)cc(OC)c1,0,0.0002965361
COc1cc2c(Nc3ccc(OCc4cccc(F)c4)c(Cl)c3)ncnc2cc1OCCCN1C[C@H](O)[C@@H](O)[C@H](O)[C@H]1CO,1,0.99999976
CC(C)N1C2=NC=NC(=C2C(=N1)C3=CC4=C(C=C3)OCC4)N,0,0.0014659697
CC(C)n1nc(-c2cccc(CC#N)c2)c2c(N)ncnc21,0,8.472493e-09
COc1cc(/C=C2\CCC/C(=C\c3ccccc3)C2=O)cc(OC)c1,0,0.008819833
C1COCCN1C2=C(C=C(C=C2)NC3=NC=NC4=C3SC(=N4)NC5=CC=C(C=C5)S(=O)(=O)N)Cl,0,0.00746995
C1=CC=C(C=C1)NC(=O)C2=NC=C3C(=C2)C=CC(=C3O)O,0,0.03929055
CC1=C2C=NN(C2=CC(=N1)C3=C(C=CN=C3)OC)C4=NC(=C5C(=C4)N(C(=N5)C)C)N6CCOCC6,1,0.9988539
C1=CC=C(C=C1)C2=CC=C(C=C2)OC(=O)C3=C(C=CC(=C3)NCC4=C(C=CC(=C4)O)O)O,0,0.00057508895
COc1ccc(/C=C2\CCC/C(=C\c3cc(OC)cc(OC)c3)C2=O)cc1,0,6.65175e-07
CC1=C(C(=O)Nc2cccc([N+](=O)[O-])c2)C(c2ccc(O)cc2O)NC(Nc2ccc(S(=O)(=O)Nc3ncccn3)cc2)=N1,0,0.0002480808
C1COCCN1/N=C/C2=C(N=CN=C2NC3=CC4=C(C=C3)N(N=C4)CC5=CC(=CC=C5)F)N,1,0.98424834
C=CC(=O)Nc1cccc(-n2c(=O)c(-c3ccccc3)nc3cnc(Nc4ccc(OCCOC)cc4)nc32)c1,1,0.9998652
C=CC(=O)N1CCC(C1)N2C3=NC=NC(=C3C(=N2)C(=O)NC4=NC5=CC=CC=C5O4)N,1,0.96582586
CC(C)(CN1C2=C(C=C(C=C2)CCCO)N=C1NC(=O)C3=CC(=NC=C3)C4=CN(N=C4)C)O,1,0.9989858
C1=CC=C(C=C1)CNC(=O)C(CC2=C(NC3=CC=CC=C32)SSC4=C(C5=CC=CC=C5N4)CC(C(=O)NCC6=CC=CC=C6)N)N,0,0.028184218
C[C@@H]1CN(C[C@@H](N1)C)C(=O)C2=C(C3=C(N=C(C=C3N2C)N4C5=CC(=NC(=C5C=N4)C)C6=C(C=CN=C6)OC)C(C)C)C,1,0.9996729
CN(C)c1ncc2ncnc(Nc3cccc(Br)c3)c2n1,1,0.80071205
C1=CC(=CC(=C1)Br)NC2=NC=NC3=C2SC4=C3C=C(C=C4)N,1,0.5881192
CN(C)C/C=C/C(=O)NC1=NC=C2C(=C1)C(=C(C=N2)C#N)NC3=CC(=CC=C3)Br,1,0.0954472
Cn1nc(-c2ccc(Br)c(O)c2)c2c(N)ncnc21,0,1.7654376e-07
Oc1nnc(-c2c[nH]c(-c3ccccc3)c2-c2ccccc2)c2cn(-c3ccc(Cl)cc3)nc12,0,0.0028343566
COC1=CC(=C2C(=C1)C=CN(C2=O)C3=CC=CC(=C3)C#C)OC,0,0.50037533
CC1=C(C=C(C=C1)C2=NN(C(C2)C3=CC=C(C=C3)F)C4=NC(=CS4)C5=CC=CC=C5)C,0,0.1145499
CC(=O)NC[C@H]1CC[C@H](c2nc(-c3cc4ccccc4[nH]3)c3c(N)nccn32)CC1,0,0.00019714855
CC(C)N1C2=NC=NC(=C2C(=N1)C3=CC(=C(C=C3)F)OC)N,0,1.0317931e-05
C1=CC(=CC(=C1)Br)NC2=NC=NC3=CN=C(C=C32)NC(=O)/C=C/Cl,1,0.9958026
CC1=C2C(=NC(=CN2C(=C1C(=O)N3CCCC3)C)N4C5=CC(=NC(=C5C=N4)C)C6=C(C=CN=C6)OC)N7CCOCC7,1,0.97851574
COC(=O)C1=C(C2=CC=CC=C2C3=C1C4=C(O3)C(=O)C5=CC=CC=C5C4=O)OCCN6CCCC6,0,0.63965285
CC(C)N1C2=NC=NC(=C2C(=N1)C3=CC(=C(C=C3)N)O)N,0,1.2181855e-05
C1=CC=C2C=C(C=CC2=C1)CCC3=CC4=C(N3)N=C(N=C4NC5=CC(=CC=C5)Br)N,0,0.10633325
Cl.Nc1ccc2c(c1)sc1c(Nc3cccc(Br)c3)ncnc12,1,0.99151236
C=CC(=O)Nc1cc2c(Nc3ccc(Br)cc3F)ncnc2cc1OCCNC(=O)CCN1CCCCC1,1,0.99995816
CC1=C2C=NN(C2=CC(=N1)C3=C(C=CN=C3)OC)C4=NC(=C5C(=C4)N(C(=N5)[C@@H]6CC(CN(C6)C)(F)F)C)N7CCOCC7,1,0.93005246
COc1cc(/C=C2\CCC/C(=C\c3ccc(N(C)C)cc3)C2=O)cc(OC)c1,0,0.00028540933
COC1=CC=C(C=C1)NC2=NC=C3C(=N2)N(C(=O)C(=N3)C4=CC=CC=C4)C5=CC=CC(=C5)NC(=O)C=C,1,0.30428946
Cl.c1ccc(Nc2[nH]cnc3c4ccccc4nc2-3)cc1,0,0.020107666
CC(C)(CN1C2=C(C=CC(=C2)CN3CCN(CC3)C)N=C1NC(=O)C4=CN=CC(=N4)OC5=CC=CC(=C5C=O)O)O,1,0.9962537
CC1=C(SC=N1)C2=CC=C(C=C2)[C@H](C)NC(=O)[C@@H]3C[C@H](CN3C(=O)[C@H](C(C)(C)C)NC(=O)COCCOCCCNCC4CN(C4)C5=NN(C6=CC(=NC=C65)NC7=NC(=NC=C7)C8=CN(N=C8)S(=O)(=O)C9CC9)C(C)C)O,1,0.65621555
CC1=C(N(C2=CC(=NC(=C12)C3CC3)N4C5=CC(=NC(=C5C=N4)C)C6=C(C=CN=C6)OC)C)C(=O)N(C)C,1,0.8806992
COc1cccc(/C=C2\CCC/C(=C\c3cc(OC)cc(OC)c3)C2=O)c1,0,4.1836205e-07
COC1=CC=C(C=C1)C2=CC3=C(N=CN=C3O2)N[C@H](CO)C4=CC=CC=C4,1,0.18614571
CC1=C2C=NN(C2=CC(=N1)C3=C(C=CN=C3)OC)C4=NC(=C5C(=C4)N(C(=N5)N6CCN(CC6)CCOC)C)N7C[C@H]8C[C@@H]7CO8,1,0.9999672
CC1=C2C=NN(C2=CC(=N1)C3=C(C=CN=C3)OC)C4=NC(=C5C(=C4)N(C(=N5)N6CCN(CC6)CCOC)C)N7C[C@@H]8C[C@H]7CO8,1,0.99996793
Cc1cc(C)c(O)c(CN(Cc2ccc(O)cc2)C(=O)Nc2ccccc2)c1,0,0.00017717134
C1=CC=C2C(=C1)C=CC=C2/C=C/C(=O)NC3=CC4=C(C=C3)N=CN=C4NC5=CC(=CC=C5)Cl,0,0.2970307
COC1=C(C=CC(=C1)N2CCOCC2)NC3=NC=C(C(=N3)OC4=CC=CC(=C4)NC(=O)C=C)C(F)(F)F,1,0.7661765
CC1=C(N(C2=CC(=NC(=C12)C(C)C)N3C4=CC(=NC(=C4C=N3)C)C5=C(C=CN=C5)OC)C)C(=O)N6CCN(CC6)C7COC7,1,0.93995684
CCOc1cc2ncnc(Nc3cccc(-c4cncs4)c3)c2cc1OCC,1,0.08725343
CN1CCN(CCCNc2c(Br)cccc2Nc2ncnc3ccncc23)CC1,1,0.9999279
O=C(c1ccccc1)c1cccc(NC(=O)c2cc3ccccc3[nH]2)c1,0,0.0003404373
CN1C=C(C=N1)C2=CC(=CC(=N2)CF)C(=O)NC3=NC4=CC=CC=C4N3C5CCC(CC5)O,1,0.99950075
C#CC1=CC(=CC=C1)NC(=O)C2=CC(=CC=C2)NC(=O)CCCCCC(=O)NO,0,0.035000827
N=C1N=C(NCCS(=O)(=O)O)/C(=C/C(O)CNC(=O)c2cc(Br)c[nH]2)N1,1,8.942989e-05
C1CS(=O)(=O)C[C@@H]1CN2C=C(C(=N2)C3=CC=C(C=C3)F)C4=C5C=C(OC5=NC=N4)C6=CC=CC=C6,1,0.9873585
CC(C1=NC=C2C(=C1)C(=NC=N2)NC3=CC(=CC=C3)Br)C(=O)C=C,1,0.99635726
C[C@@H]1CN(C[C@H](O1)C)C2=NC3=C(N=C(C=C3N2C)N4C5=CC(=NC(=C5C=N4)C)C6=C(C=CN=C6)OC)N7C[C@H]8C[C@@H]7CO8,1,0.8687744
CC1=CC=C(C=C1)C2CC(=NN2C3=NC(=CS3)C4=CC=CC=C4)C5=CC(=C(C=C5)C)C,0,0.68180805
C[C@@H]1CN(CCN1C(=O)OC2=C(C=C3C(=C2)C(=NC=N3)N(C4=C(C(=CC=C4)Cl)F)C(=O)C=C)OC)C,1,0.99909616
C[C@H](CN)N1C2=NC=NC(=C2C(=N1)C3=CC(=C(C=C3)Cl)O)N,0,0.0015001576
C[C@@H](CN)N1C2=NC=NC(=C2C(=N1)C3=CC(=C(C=C3)Cl)O)N,0,0.0012451718
CN(C)C/C=C/C(=O)N1CCc2c(sc3ncc(C#N)c(Nc4ccc(F)c(Cl)c4)c23)C1,1,0.9252384
CCN(CC)CCOC1=C(C=C2C(=C1)C(=NC=N2)NC3=CC=C(C=C3)NC(=O)NC4=C(C=C(C=C4)F)F)OC,0,0.08875604
CC1=C2C=NN(C2=CC(=N1)C3=C(C=CN=C3)OC)C4=NC(=C5C(=C4)N(C(=N5)C)C)N6CCOC(C6)(C)C,1,0.9999875
CC1=CC2=C(N1)C=CC(=C2)NC3=C4C(=NC=C3)C=C(S4)C5=CC=C(C=C5)CN6CCOCC6,0,0.34082726
C=CC(=O)NC1=CC(=CC=C1)OC2=NC(=NC=C2Cl)NC3=C(C=C(C=C3)N4CCOCC4)OC(F)F,1,0.032405876
CN(C)CCCNC(=O)/C=C/C(=O)N(C)C1=NC=C2C(=C1)C(=NC=N2)NC3=CC(=CC=C3)Br,1,0.6856445
CN1C=C(C=N1)C2=NC=CC(=C2)C(=O)NC3=NC4=CC=CC=C4N3C5C[C@@H](C[C@@H](C5)O)O,1,0.9980128
CC(C1=NC=C2C(=C1)C(=NC=N2)NC3=CC(=CC=C3)Br)C(=O)/C=C/C(=O)NCCCN(C)C,1,0.6580826
C=CC(=O)Nc1cccc(-n2c(=O)c(-c3ccccc3)c(C)c3cnc(Nc4ccc(N5CCN(C)CC5)cc4OC)nc32)c1,1,0.9998801
CC(C)n1nc(-c2ccc(C(N)=O)c(Cl)c2)c2c(N)ncnc21,0,1.0651786e-06
CCN(CC)CCCNC1=NC=C2C=C(C(=O)N(C2=N1)C)C3=C(C=CC=C3Cl)Cl,0,2.3964674e-07
CC(C)(/C=C(/C#N)C(=O)N1CCC[C@@H]1Cn1nc(-c2ccc(Oc3ccccc3)cc2F)c2c(N)ncnc21)N1CCOCC1,0,0.97074336
O=C(Nc1ccc(F)cc1)c1ccc(N(CCCl)CCCl)cc1,0,8.883962e-08
COC1=CC(=C2C(=C1)C=CN(C2=O)C3=CC=CC(=C3)C#C)O,0,0.10127683
COc1cc(C2=C(c3cn(COCC[Si](C)(C)C)c4ccccc34)CNC2=O)cc(OC)c1OC,0,1.0998403e-08
C=CC(=O)N(CCCN1CCOCC1)C2=NC=C3C(=C2)C(=NC=N3)NC4=CC(=CC=C4)Br,1,0.99923646
COc1cc2c(Nc3cccc(Br)c3)ncnc2cn1,1,0.9791366
CCN(CC)CCOC1=C(C2=C(C3=CC=CC=C31)OC4=C2C(=O)C5=CC=CC=C5C4=O)C(=O)OC,0,0.0043569924
CC1=CC(=CC=C1)NC2=NC=NC3=C2SC4=C3C=C(C=C4)N,1,0.04029293
Fc1ccc(Nc2ncnc3ccc(NC(=S)NCCN4CCCCC4)cc23)cc1Cl,1,0.99107474
COc1nc(Nc2ccc(-c3nc4ccccc4s3)cc2)c2cc[nH]c2n1,0,2.7621994e-08
CCCCC(=Cc1coc2nc(=N)[nH]c(N)c12)c1ccccc1OC,0,0.86013514
OCC(O)CNc1cc2c(Nc3cccc(Br)c3)ncnc2cn1,1,1.0
Cc1ccc(C(=O)Nc2ccc(CN3CCN(C)CC3)c(C(F)(F)F)c2)cc1NC(=O)c1ccc(O)nc1,0,0.020795792
Brc1cccc(Nc2ncnc3cnc(NCCCN4CCOCC4)cc23)c1,1,0.99990773
C=CC(=O)NC1=NC=C2C(=C1)C(=NC=N2)NC3=CC(=CC=C3)Br,1,0.9999703
Cc1cccc(Nc2ncnc3cnc(N)nc23)c1,1,0.24247274
C#CC(=O)Nc1cc2c(Nc3cccc(Br)c3)ncnc2cn1,1,0.9999999
CC(C)n1nc(-c2cccc(CO)c2)c2c(N)ncnc21,0,3.2674455e-07
CN1CCN(CC1)CCCOC2=CC3=NC=CC(=C3C=C2OC)OC4=C(C=C(C=C4)NS(=O)(=O)C5=C(C=CC=C5F)F)F,1,0.9225668
OC1CCN(CCOc2n[nH]c3ncnc(Nc4ccc(OCc5ccccn5)c(Cl)c4)c23)CC1,1,0.24471626
C1=CC(=C(C=C1NC(=O)CCCCCC(=O)NO)C(=O)NC2=CC(=C(C=C2)F)F)O,0,2.7201484e-05
CN1C=C(C=N1)C2=NC=CC(=C2)C(=O)NC3=NC4=CC=CC=C4N3C5CCCCC5,1,0.9797443
COc1ccc(-c2nn(C[C@H](C)CO)c3ncnc(N)c23)cc1OC,0,0.0041214745
COc1ccc(-c2nn(C[C@@H](C)CO)c3ncnc(N)c23)cc1OC,0,0.0012810591
Cc1ccn2ncnc(Nc3ccc4c(cnn4Cc4cccnc4)c3)c12,0,0.00030831044
C[C@@H](Nc1ncnc2sc(Br)cc12)c1ccccn1,0,0.03503348
COc1cc(F)c(-c2nn(C(C)C)c3ncnc(N)c23)cc1F,0,0.007164084
CC(C1=CC=C(C=C1)F)C(=O)NC2=NC=CC(=C2)C3=C(C4=C(N3)C=CN(C4=O)C)C5=CC=CC=C5,0,0.027186032
CC1=C2C=NN(C2=CC(=N1)C3=C(C=CN=C3)OC)C4=NC(=C5C(=C4)N(C(=N5)N6CCN(CC6)CC(=O)O)C)N7C[C@H]8C[C@@H]7CO8,1,0.99969065
CC1=C(C=NN1C)C2=NC=CC(=C2)C(=O)NC3=NC4=CC=CC=C4N3CC(C)(C)O,1,0.9994715
CCN(CC)CCOC1=C(C=C2C(=C1)C(=NC=N2)NC3=CC=C(C=C3)NC(=O)NC4=CC=CC=C4)OC,0,0.17427465
COCCOC1=CC=C(C=C1)OC2=NC(=NC3=C2C(=O)NC3)NC4=CC(=CC=C4)NC(=O)C=C,0,0.044241466
C1CC(=O)NC(=O)C1N2C(=O)C3=C(C2=O)C(=CC=C3)NCCOCCOCCN4CCN(CC4)CC5=CC=C(C=C5)C6=CC7=C(N6)N=CN=C7NCC8=CC=CC=C8Cl,1,0.9761528
COC1=C(C=C2C(=C1)C(=NC=N2)NC3=C(C=C(C=C3)Br)F)OCCOCCOCCNC(=O)CN4C=NC(=N4)[N+](=O)[O-],1,0.92188585
C1C2=C(C=CC(=C2)F)OC3=NC=NC(=C3N1)NCC4=CC=CC=C4,0,6.0029153e-05
C/C=C/C(=O)NC1=NC=C2C(=C1)C(=NC=N2)NC3=CC(=CC=C3)Br,1,0.9916155
CN1C2=C(C=N1)C3=CC(=C(N=C3NCC2)OC)NC4=NC=C(C(=N4)NC5=CC=CC=C5P(=O)(C)C)Br,1,0.99974614
CNC1=CC(=CC(=N1)C2=CN(N=C2)C)C(=O)NC3=NC4=CC=CC=C4N3C5CCC(CC5)O,1,0.9974431
CCCCC#CC(=O)Nc1cc2c(Nc3ccc(F)c(Cl)c3)ncnc2cn1,1,0.96859366
C1=CC(=CC(=C1)Br)NC2=NC=NC3=CC(=NC=C32)NCCC4=CN=CN4,1,0.85905194
CC1=C(C=C(C=C1)NC(=O)C2=CC(=CC(=C2)N3C=C(N=C3)C)C(F)(F)F)CNC4=CN=C5C(=C4)C=C(N5)C(=O)OC,1,0.69701314
COCCC1=CC2=C(C=C1)OC(=N2)NC(=O)C3=NN(C4=NC=NC(=C34)N)[C@@H]5CCN(C5)C(=O)C=C,1,0.86933804
CC1=C2C=NN(C2=CC(=N1)C3=C(C=CN=C3)OC)C4=NC(=C5C(=C4)N(C=N5)C)N6CCOCC6,1,0.9900107
C/C=C(\C)/[C@@H]([C@H](C)/C=C(\C)/C=C/CC(C)/C=C/C1=C(C(=O)C(=C(O1)OC)C)C)O,1,0.002204256
COC1=CC2=C(C=C1)NC(=C2)C(=O)C3=CC4=C(N=CN=C4S3)NC5=CC(=C(C=C5)F)Cl,1,0.7873134
CC(C)n1nc(-c2ccc(CC#N)cc2)c2c(N)ncnc21,0,4.321288e-09
CC(C)N1CCC2=C(C=NN2C3COC3)C4=CC(=C(C=C41)OC)NC5=NC=C(C(=N5)NC6=C(C7=NC=CN=C7C=C6)P(=O)(C)C)Br,1,0.992427
COc1ccc(/C=C/C(=O)Nc2cc3c(Nc4ccc(F)c(Cl)c4)ncnc3cc2O[C@@H]2CCOC2)cc1,1,0.9999989
COc1cc2c(Oc3ccc(NS(=O)(=O)c4cccc(-c5cnn(C)c5)c4)cc3F)ccnc2cc1OCCCN1CCOCC1,0,0.00086001185
CCCC1=C2C(=C(N(C2=CC(=N1)N3C4=CC(=NC(=C4C=N3)C)C5=C(C=CN=C5)OC)C)C(=O)N6CCN(CC6)CC)C,1,0.9949805
CN1CCC(NC(=O)c2cnc(NCc3cc(Cl)ccc3Cl)nc2NC2CCCC2)CC1,0,0.0010393689
C1CN(CCC1C(=O)N)CC2=CC=C(C=C2)C3=CC4=C(S3)C(=NC=N4)NC5=CC6=C(C=C5)NC=C6,1,0.9179014
CC(C)N1CC2(C1)CN(C(=O)O2)C3=CC4=C(C=C3)N=CN=C4NC5=C(C(=CC=C5)Cl)F,1,0.9211262
CN1CCC(CC1)OC2=C(C=C3C(=C2)C(=NC=N3)NC4=C(C(=CC=C4)Cl)F)OC,1,0.9864711
O=C1CSC(NN=C2CCCCCCC2)=N1,0,0.0029009238
Brc1cccc(Nc2ncnc3ccncc23)c1NCCCCN1CCOCC1,1,0.99539524
Oc1cc2cc(-c3ccncc3)cnc2cc1O,0,4.9030655e-06
O=C(Nc1ccc([N+](=O)[O-])cc1)c1ccc(N(CCCl)CCCl)cc1,0,2.401801e-07
CN1CCN(CCC#CC(=O)Nc2cc3c(Nc4ccc(F)c(Br)c4)ncnc3cn2)CC1,1,1.0
COc1cc(Nc2ncnc3[nH]nc(OCCN4CCC(O)CC4)c23)ccc1OCc1cccc(F)c1,1,0.999671
COCCOC1=C(C=C2C(=C1)N=CN=C2NC3=C(C=CC4=C3OCO4)Cl)NC(=O)[C@@H]5CCCN5,0,0.08408236
CN1C=C(C=N1)C2=CC(=CC(=N2)C#N)C(=O)NC3=NC4=CC=CC=C4N3[C@H]5CCC[C@@H](C5)O,1,0.9954165
COc1cccc2sc3c(Nc4cccc(Br)c4)ncnc3c12.Cl,1,0.98674715
S=C(NNc1ccccc1)Nc1ccc2c(c1)OCO2,0,0.722668
CN(C)c1cc2c(Nc3cccc(Br)c3)ncnc2cn1,1,0.96160907
CC1=C(SC=N1)C2=CC=C(C=C2)[C@H](C)NC(=O)[C@H]3C[C@@H](CN3C(=O)[C@H](C(C)(C)C)NC(=O)COCCOCC4=NC5=CN=C(C=C5N4C(C)C)NC6=NC(=NC=C6)N7CCC(CC7)OC)O,0,0.03211765
C[C@H](C1=CC=CC=C1)NC2=C3C=C(OC3=NC=N2)C4=CC=C(C=C4)NCCN(C)C,1,0.9994229
C=C(CN1CCCCC1)C(=O)c1ccc(OCc2ccccc2)cc1.Cl,0,0.022378234
COc1ccc(CCOc2ccc(C(=O)/C=C/c3ccc(O)c(O)c3)cc2OC)cc1OC,0,0.00399243
CCCCNC1=NC=C2C=C(C(=O)N(C2=N1)C)C3=C(C=CC=C3Cl)Cl,0,3.711029e-05
CCN1C2=NC=NC(=C2C(=N1)C3=CC(=C(C=C3)OC)O)N,0,0.0018980344
C1=CC=C(C=C1)CNC(=O)C2=C(C=CC(=C2)NCC3=C(C=CC(=C3)O)O)O,0,8.2711385e-06
COc1cc(/C=C2\CCC/C(=C\c3cccc(Cl)c3)C2=O)cc(OC)c1,0,0.00027072866
COc1ccc(-c2n[nH]c3ncnc(N)c23)cc1O,0,0.0001656583
CCOC(=O)C1=C(C(=O)C2=C(C=C(C=C2O1)O)O)C3=CC=C(C=C3)OC(=O)C(=O)OCC.C(=O)(C(=O)O)O,0,0.017395915
C1=CC=C2C(=C1)C(=O)N(S2)CC(=O)NC3=CC4=C(C=C3)N=CN=C4NC5=CC(=CC=C5)Br,1,0.15150708
C=CC(=O)Nc1cccc(N2C(=O)N(c3ccccc3)Cc3cnc(Nc4ccc(N5CCN(C)CC5)cc4OC)nc32)c1,1,0.9808836
CN(CC(O)CO)c1cc2c(Nc3cccc(Br)c3)ncnc2cn1,1,1.0
O=C(C#CCN1CCOCC1)Nc1cc2c(Nc3ccc(F)c(Cl)c3)ncnc2cn1,1,0.9962251
CC1=C2C=NN(C2=CC(=N1)C3=C(C=CN=C3)OC)C4=NC(=C5C(=C4)N(C(=N5)C)C)OCC6(CC6)F,1,0.99787426
CN(C)CCCNC(=O)/C=C/C(=O)CC1=CC2=C(C=N1)N=CN=C2NC3=CC(=CC=C3)Br,1,0.9050567
CN1CCN(NCCCNc2cc3c(Nc4cccc(Br)c4)ncnc3cn2)CC1,1,1.0
CC1(CNC2=C1C=CC(=C2)NC(=O)C3=C(N=CC=C3)NCC4=CC=NC=C4)C,1,0.00018693399
CS(=O)(=O)CCNCc1cc(-c2cc3ncnc(Nc4ccc(OCc5cccc(F)c5)c(Cl)c4)c3s2)cs1,1,0.99953043
Cc1[nH]c(-c2ccccc2)c(-c2ccccc2)c1-c1nnc(C)c2nn(-c3ccc(Cl)cc3)cc12,0,0.0006304745
CC1=C(N(C2=CC(=NC(=C12)N3CCOCC3)N4C5=CC(=NC(=C5C=N4)C)C6=C(C=CN=C6)OC)C)C(=O)N(C)CCO,1,0.97279006
CC(C)(CN1C2=CC=CC=C2N=C1NC(=O)C3=CC(=NC=C3)C4=CN(N=C4)C)O,1,0.998379
CC(C)(CN1C2=C(C=C(C=C2)C3CCN(C(=O)C3)C)N=C1NC(=O)C4=CC(=NC=C4)C5=CN(N=C5)C)O,1,0.99963236
CN(C1=NC=C2C(=C1)C(=NC=N2)NC3=CC(=CC=C3)Br)C(=O)C=C,1,0.9925438
CS(=O)(=O)C[C@@H](N)c1ccc(-c2ccc3ncnc(Nc4ccc(OCc5cccc(F)c5)c(Cl)c4)c3c2)o1,1,0.98305756
CS(=O)(=O)C[C@H](N)c1ccc(-c2ccc3ncnc(Nc4ccc(OCc5cccc(F)c5)c(Cl)c4)c3c2)o1,1,0.976158
CS(=O)(=O)CC(N)c1ccc(-c2ccc3ncnc(Nc4ccc(OCc5cccc(F)c5)c(Cl)c4)c3c2)o1,1,0.4518464
CCCN1CC2(C1)CN(C(=O)O2)C3=C(C=C4C(=C3)C(=NC=N4)NC5=C(C(=CC=C5)Cl)F)OC,1,0.891879
C1COCCN1CCNC2=NC=C3C(=C2)N=CN=C3NC4=CC(=CC=C4)Br,1,0.8548934
CCN(CC)CCN1C2=CC=CC=C2C(=C1[Se][Se]C3=C(C4=CC=CC=C4N3CCN(CC)CC)C(=O)NC)C(=O)NC,0,0.010873703
CN1C=C(C=N1)C2=NC=CC(=C2)C(=O)NC3=NC4=CC=CC=C4N3[C@@H]5CCC[C@@H](C5)O,1,0.9975916
CN1C=C(C=N1)C2=NC=CC(=C2)C(=O)NC3=NC4=CC=CC=C4N3[C@H]5CCC[C@@H](C5)O,1,0.9947566
CN1C=C(C=N1)C2=NC=CC(=C2)C(=O)NC3=NC4=CC=CC=C4N3[C@H]5CCC[C@H](C5)O,1,0.9829684
C1=CC=C2C(=C1)C=C(N2)C(=O)C3=CC4=C(N=CN=C4S3)NC5=CC(=C(C=C5)F)Cl,1,0.2819641
COc1cc(N2CCN(C)CC2)ccc1Nc1ncc(Cl)c(Oc2cccc(NC(=O)COCc3ccccc3)c2)n1,0,0.0038675386
CN(C)CCNC1=NC=C2C(=C1)C(=NC=N2)NC3=CC(=CC=C3)Br,1,0.99871325
CCN(CC)CC(CNC1=NC=C2C(=C1)C(=NC=N2)NC3=CC(=CC=C3)Br)O,1,0.65918833
N#CC(C#N)=C1C(=O)NC(=O)NC1=O,0,2.991638e-08
CC(=O)Nc1nc(C(=O)NNC(=O)CCN2CCCCC2)cs1,0,4.131757e-12
C1=CC=C(C(=C1)NC(=O)C2=C(C=CC(=C2)I)O)Cl,0,1.2333833e-05
Clc1ccc(Nc2ncnc3[nH]ccc23)cc1Br,1,0.53880346
C[C@H](C1=CC=CC=C1)NC2=C3C=C(C=CC3=NC=C2C#N)C4=CC(=C(N=C4)Cl)NS(=O)(=O)C,1,0.6441868
O=c1c(-c2cccc(Cl)c2)coc2cc(O)ccc12,0,0.46209344
CC(C)(C)C1=CC=C(C=C1)C2=NN=C(O2)SCC3=CC=CC=C3,0,0.0009762713
Brc1cc2c(NCc3cccs3)ncnc2s1,0,0.00012903516
CC1=C2C=NN(C2=CC(=N1)C3=C(C=CN=C3)OC)C4=NC(=C5C(=C4)N(C(=N5)N6CCN(CC6)CCO)C)N7C[C@H]8C[C@@H]7CO8,1,0.9999944
O=C(Nc1ccc(Cl)cc1)c1ccc(N(CCCl)CCCl)cc1,0,4.0046475e-06
N#C/C(=C/c1ccc[nH]1)C(=O)O,0,0.020234521
CC(C)N1C2=NC=NC(=C2C(=N1)C3=C(C(=CC=C3)O)F)N,0,0.00015749152
Cc1cc(C)nc(NS(=O)(=O)c2ccc(Nc3nncc4ccccc34)cc2)n1,1,0.0005332685
CN1C=C(C=N1)C2=NC=CC(=C2)C(=O)NC3=NC4=CC=CC=C4N3C5CCCS(=O)(=O)C5,1,0.9973757
C1CC(CS(=O)(=O)C1)N2C=C(C(=N2)C3=CC=C(C=C3)F)C4=C5C=C(OC5=NC=N4)C6=CC=CC=C6,1,0.9475503
CC1=C(SC=N1)C2=CC=C(C=C2)CNC(=O)[C@@H]3C[C@H](CN3C(=O)[C@H](C(C)(C)C)NC(=O)COCCOCCOCCOCCOCCN4CCN(CC4)CC5=CC=C(C=C5)C6=CC7=C(N6)N=CN=C7NCC8=CC=CC=C8Cl)O,1,0.59455097
COc1cc(/C=N/NC(=O)COc2nc(C)nc3c2c(C)nn3-c2ccccc2)cc(OC)c1OC,0,0.003681313
O=C(/C=C/CC(=O)Nc1ccc2ncnc(Nc3cccc(Br)c3)c2c1)Nc1ccc2c(Nc3cccc(Br)c3)ncnc2c1,1,0.99999917
COC(=O)c1ccc(CNC(=O)CCc2c(SSc3[nH]c4ccccc4c3CCC(=O)NCc3ccc(C(=O)OC)cc3)[nH]c3ccccc23)cc1,0,0.00044786304
CC1=C(C=C(C=C1)N2C(=O)C=CC3=CN=C4C=CC(=CC4=C32)C5=CC=C(C=C5)NS(=O)(=O)C)NC(=O)C=C,0,0.048109796
CN1C=C(C=N1)C2=CC(=CC(=N2)C#N)C(=O)NC3=NC4=CC=CC=C4N3C5CCC(CC5)O,1,0.99933463
COC1=C(C=CC(=C1)N2CCOCC2)NC3=NC=C(C(=N3)OC4=CC=CC(=C4)NC(=O)C=C)Cl,1,0.92740107
COC1=C(C=C2C(=C1)C(=NC=N2)NC3=CC=C(C=C3)NC(=O)NC4=C(C=C(C=C4)F)F)OC,0,0.4759102
C=CC(=O)Nc1cc(Nc2ncc(Cl)c(-c3cnn4ccccc34)n2)c(OC)cc1N1CCN(C(=O)CNC)CC1,0,0.19114543
CN1C=C(C2=C(C1=O)C(=C(N2)C3=CC(=NC=C3)NC(=O)C(CC(F)F)C4=CC=C(C=C4)F)C5=CC=CC=C5)CC(F)F,0,0.010704998
Nc1ncc2ncnc(Nc3cccc(Br)c3)c2n1,1,0.024331527
CN1CCN([C@H]2CC[C@H](n3nc(-c4ccc(Nc5nc6cccc(Cl)c6o5)c(F)c4)c4c(N)ncnc43)CC2)CC1,0,2.4242745e-05
CC1=C2C=NN(C2=CC(=N1)C3=C(C=CN=C3)OC)C4=NC(=C5C(=C4)N(C(=N5)N6CCOC(C6)(C)C)C)C(C)C,1,0.99982303
COC1=CC=C(C=C1)C2=NN(C(C2)C3=CC=C(C=C3)Br)C4=NC(=CS4)C5=CC=CC=C5,0,0.0014336338
COc1cc(/C=C2\CCC/C(=C\c3cc(C(C)(C)C)c(O)c(C(C)(C)C)c3)C2=O)cc(OC)c1,0,0.031650007
N#CN1CCC[C@@H](n2nc(-c3ccc(Oc4ccc(F)cc4F)cc3)c(C(N)=O)c2N)C1,0,0.3765654
C=CC(=O)N1CCC([C@@H]2CCNc3c(C(N)=O)c(-c4cc(OC)c(Br)c(OC)c4)nn32)CC1,0,0.013844873
C=CC(=O)N1CCC(C2CCNc3c(C(N)=O)c(-c4cc(OC)c(Br)c(OC)c4)nn32)CC1,0,0.41374493
CNC(=O)c1c([Se][Se]c2[nH]c3ccccc3c2C(=O)NC)[nH]c2ccccc12,0,0.45456496
Cc1cccc(Nc2ncnc3cnc(N(C)C)cc23)c1,1,0.99978024
CC(C)n1nc(-c2cccc(NS(C)(=O)=O)c2)c2c(N)ncnc21,0,1.0435108e-08
CN(C)C/C=C/C(=O)N1CC[C@H](C1)N2C3=NC=NC(=C3C(=N2)C(=O)NC4=NC5=C(O4)C=CC(=C5)C(F)(F)F)N,1,0.9993728
C1=CC=C(C=C1)NC(=O)C2=CC3=CC(=C(C=C3C=N2)O)O,0,0.009284737
CC1=C2C=NN(C2=CC(=N1)C3=C(C=CN=C3)OC)C4=NC(=C5C(=C4)N(C(=N5)N6C[C@@H]7C[C@H]6CN7CCOC)C)C8CC8,1,0.99705696
Nc1cc2c(Nc3cccc(Br)c3)ncnc2cn1,1,0.85051984
Nc1ncnc2c1c(-c1ccc(Cl)c(O)c1)nn2CCC1CCCNC1,0,2.9649718e-05
CCN(CC)CCCNC(=O)/C=C/C(=O)NC1=NC=C2C(=C1)C(=NC=N2)NC3=CC(=CC=C3)Br,1,0.2864927
CCCC1=C2C(=C(N(C2=CC(=N1)N3C4=CC(=NC(=C4C=N3)C)C5=C(C=CN=C5)OC)C)C(=O)N6CCNCC6)C,1,0.9825881
Cc1cc(C)c(O)c(CN(Cc2ccc(F)cc2)C(=S)Nc2ccccc2)c1,0,4.178946e-05
O=c1c(-c2ccc(O)cc2)coc2cc(O)cc(O)c12,0,0.98853976
COC1=CC=CC=C1C(=O)NC2(CC2)C3=CC=C(C=C3)C4=NN(C5=NC=NC(=C45)N)C6CCCC6,0,0.004042295
CCCC1=C2C(=CC(=N1)N3C4=CC(=NC(=C4C=N3)C)C5=C(C=CN=C5)OC)N(C(=N2)C6CCN(CC6)C)C,1,0.976923
CN(CC(=O)O)c1cc2c(Nc3cccc(Br)c3)ncnc2cn1,1,0.99999964
COc1cc(/C=C2\CCC/C(=C\c3ccccc3OC)C2=O)cc(OC)c1,0,0.008173966
CC(=C)C(=O)NC1=NC=C2C(=C1)C(=NC=N2)NC3=CC(=CC=C3)Br,1,0.85434
C=C/C=C/C(=O)NC1=NC=C2C(=C1)C(=NC=N2)NC3=CC(=CC=C3)Br,1,0.69197226
C=CS(=O)C1=NC=C2C(=C1)C(=NC=N2)NC3=CC(=CC=C3)Br,1,0.98589617
CCN(CC)CCOC1=C(C=C2C(=C1)N=CN=C2NC3=CC=C(C=C3)NC(=O)NC4=C(C=C(C=C4)F)F)OC,0,0.0132536115
CC(=O)OC(Cc1c(SSc2[nH]c3ccccc3c2CC(OC(C)=O)C(=O)NCc2ccccc2)[nH]c2ccccc12)C(=O)NCc1ccccc1,0,7.459542e-09
CN(C)C/C=C/C(=O)Nc1cc2c(Nc3ccc(F)c(Cl)c3)ncnc2cc1O[C@@H]1CCOC1,0,0.9999486
CC(C)n1nc(-c2ccc(C#N)nc2)c2c(N)ncnc21,0,2.093013e-09
C[C@H](C1=CC=CC=C1)NC2=C3C=C(C=CC3=NC=C2C#N)C4=CN=C(N=C4)N,1,0.87601256
CC(C1=CC=CC=C1)NC2=C3C=C(C=CC3=NC=C2C#N)C4=CN=C(N=C4)N,1,0.56818056
COc1cc(OC)c2c(=O)c(-c3cccc(Cl)c3)coc2c1,0,3.664362e-08
C1=CC=C(C=C1)C2=CC3=C(N=CN=C3N2)C4=CN(N=C4C5=CC=C(C=C5)F)CCCO,1,0.9217503
C1=CC(=C(C=C1/C=C(/C(=O)NCCCCCCCCCCNC(=O)/C(=C/C2=CC(=C(C=C2)O)O)/C#N)\C#N)O)O,0,1.1109502e-06
C1CC(CN(C1)C(=O)/C=C/C(F)F)N2C(=C(C(=N2)C3=CC=C(C=C3)OC4=CC=CC(=N4)C(F)(F)F)C(=O)N)N,0,0.028041987
COC1=CC=C(C=C1)C2CC(=NN2C3=NC(=CS3)C4=CC=CC=C4)C5=CC=C(C=C5)OC,0,0.0019386736
CNC1=NC=C2C=C(C(=O)N(C2=N1)C)C3=C(C=CC=C3Cl)Cl,0,0.0011639922
COCCN1CCC(CC1)OC2=C(C=C3C(=C2)C(=NC=N3)NC4=C(C(=CC=C4)Cl)F)OC,1,0.9609146
COc1cc(/C=C2\CCC/C(=C\c3ccc(Br)cc3)C2=O)cc(OC)c1,0,1.2732181e-05
c1ccc2sc(-c3ccc(Nc4ncnc5[nH]cnc45)cc3)nc2c1,0,0.0010962897
CC(C)N1C2=NC=NC(=C2C(=N1)C3=CC(=C(C=C3)O)F)N,0,0.00028223096
CN(C)c1ccc2sc3c(Nc4cccc(Br)c4)ncnc3c2c1,1,0.9930218
COc1cc2ncnc(Nc3ccc(NC(=O)Nc4cccc(Br)c4)cc3)c2cc1OC,0,8.6154636e-05
C1CC(C1)N2C3=NC=NC(=C3C(=N2)C4=CC(=C(C=C4)Cl)O)N,0,0.0010492107
CC1=CC(=CC(=C1)COC(=O)C2=C(C=CC(=C2)NCC3=C(C=CC(=C3)O)O)O)C,0,8.672317e-06
COC1=CC=C(C=C1)C2=NN(C(C2)C3=CC=C(C=C3)Br)C4=NC(=CS4)C5=CC=C(C=C5)Cl,0,0.0039940057
C=CC(=O)NC1=NC2=C(C=C1CCCCN3CCOCC3)N=CN=C2NC4=CC(=C(C=C4)F)Cl,1,0.96770936
CN1CCN(CCC#CC(=O)Nc2cc3c(Nc4ccc(F)c(Cl)c4)ncnc3cn2)CC1,1,0.9999999
CCN(CC)CCOC1=C(C=C2C(=C1)N=CN=C2NC3=CC=C(C=C3)NC(=O)NC4=CC=CC=C4)OC,0,0.026488008
COC1=CC=C(C=C1)C2=NN(C(C2)C3=CC=C(C=C3)O)C4=NC(=CS4)C5=CC=C(C=C5)Cl,0,0.005660708
CC1=C2C=NN(C2=CC(=N1)C3=C(C=CN=C3)OC)C4=NC(=C5C(=C4)N(C(=N5)N6CCN(CC6)C)C)N7CCCCC7,1,0.9996138
COc1cc2ncnc(Nc3ccc(OCc4cccc(F)c4)c(Cl)c3)c2cc1OCCCCCCn1ccnc1[N+](=O)[O-],1,0.9886628
CC1=CC=C2N1N=CN=C2NC3=CC(=C(C=C3)F)Cl,0,0.10955092
CC(C)n1nc(-c2ccc(F)c(C#N)c2)c2c(N)ncnc21,0,1.7051782e-09
C1=CC(=CC(=C1)Br)NC2=NC=NC3=C2C=C(N=C3)CC(=O)/C=C\Cl,1,0.9901085
NNC(=O)/C=C1/Nc2ccc(Br)cc2NC1=O,0,5.590498e-13
C=CC(=O)Nc1cccc(-n2c(=O)c(=O)n(CCC)c3cnc(Nc4ccc(N5CCN(C)CC5)cc4OC)nc32)c1,1,0.75305104
COC[C@H](C1=CC=CC=C1)NC2=C3C=C(OC3=NC=N2)C4=CC=C(C=C4)OC,1,0.995609
CC#CC(=O)N1CCc2c(sc3ncnc(N[C@H](CO)c4ccccc4)c23)C1,0,0.91764224
CN1C=C(C=N1)C2=NC=CC(=C2)C(=O)NC3=NC4=CC=CC=C4N3C5CCC(CC5)O,1,0.9886869
CC1=CC(=C2C(=NN(C2=N1)C3=CC=CC=C3)C)OCC(=O)N/N=C/C4=CC=C(C=C4)OC,0,0.0017626028
COC1=C(C=C2C(=C1)N=CN=C2NC3=CC(=C(C=C3)Cl)Cl)OCCCN4CCOCC4,1,0.99979573
CC(C1=CC=C(C=C1)F)C(=O)NC2=NC=CC(=C2)C3=C(C4=C(N3)C(=CN(C4=O)C)CC(F)(F)F)C5=CC=CC=C5,0,0.27654126
Cc1ccc(SCC(CN(C)C)C(=O)c2ccc(OCc3ccccc3)cc2)cc1C.Cl,0,0.09882878
COC1=C(C=C2C(=C1)N=CN=C2NC3=C(C=CC(=C3)Cl)F)OC4CCN(CC4)S(=O)(=O)C,1,0.3354806
CN(C)CCCNc1cc2c(Nc3cccc(Br)c3)ncnc2cn1,1,0.9999857
COC1=C(C=C2C(=C1)N=CN=C2NC3=CC=CC(=C3)C#C)OCCCN4CCOCC4,1,0.9462616
Cc1oc2cc(O)cc(O)c2c(=O)c1-c1ccc(O)cc1,1,0.3384531
CC(C)n1nc(-c2cccc(S(N)(=O)=O)c2)c2c(N)ncnc21,0,7.355836e-06
CN1C(=C(C=N1)C2=NC=CC(=C2)C(=O)NC3=NC4=CC=CC=C4N3C5CCC(CC5)O)Cl,1,0.88628256
C1=CC=C(C=C1)CNC(=O)C2=NC=C3C(=C2)C=CC(=C3O)O,0,0.0014224531
C1=CC=C2C(=C1)C(=C(N2)SSC3=C(C4=CC=CC=C4N3)CCC(=O)NCC5=CC=C(C=C5)C(=O)O)CCC(=O)NCC6=CC=C(C=C6)C(=O)O,0,0.7564909
Nc1ncnc2c1c(-c1cccc(O)c1)cn2C1CCN(CCO)CC1,0,0.9533525
CC(C)(C)N1C2=NC=NC(=C2C(=N1)C3=CC(=C(C=C3)OC)OC)N,0,8.594491e-05
COC1=CC=C(C=C1)NC2=NC=C3C(=N2)N(C(=O)C(=N3)OC4=CC=CC=C4)C5=CC=CC(=C5)NC(=O)C=C,1,0.09175823
COC(=O)c1ccc(CNC(=O)CCc2c(SSc3[nH]c4ccccc4c3CCC(=O)NCc3ccc(C(=O)OC)c(O)c3)[nH]c3ccccc23)cc1O,0,8.8519573e-07
CC(C)(CCN1C2=CC=CC=C2N=C1NC(=O)C3=CC(=NC=C3)C4=CN(N=C4)C)O,1,0.9995111
COC1=C(C=CC(=C1)N2CCOCC2)NC3=NC=C(C(=N3)NC4=CC(=CC=C4)NC(=O)C=C)Cl,1,0.9486138
CC1=C(N(C2=CC(=NC(=C12)C(C)C)N3C4=CC(=NC(=C4C=N3)C)C5=C(C=CN=C5)OC)C)C(=O)N6CCN(CC6)C(=O)C,1,0.95267314
C1COCCN1CCCNC2=NC=C3C(=C2)N=CN=C3NC4=CC(=CC=C4)Br,1,0.986634
C1=CC(=CC(=C1)NC(=O)C2=C(C=CC(=C2)NC(=O)CCCCCC(=O)NO)O)C(F)(F)F,0,4.679009e-05
C1=CC=C2C(=C1)NC(=N2)CC3=NN=C(O3)C4=C(C=C(C=C4)Cl)Cl,0,0.000822596
CC1=C(C=C(C=C1)C2=NN(C(C2)C3=CC=C(C=C3)Br)C4=NC(=CS4)C5=CC=CC=C5)C,0,0.033001464
C=CC(=O)Nc1cc(Nc2ncc(Cl)c(-c3cnn4ccccc34)n2)c(OC)cc1N1CCN(C(=O)[C@H](C)N)CC1,0,0.41543597
C=CC(=O)NC1=C(C=C2C(=N1)C(=NC=N2)NC3=CC(=C(C=C3)F)Cl)OCCCN4CCOCC4,1,0.9444432
COC1=CC=CC=C1C(=O)NCC2=CC=C(C=C2)C3=NN(C4=NC=NC(=C34)N)C5CCCO5,0,0.005358287
COC1=C(C=CC(=C1)N2CCOCC2)NC3=NC=C(C(=N3)NC4=CC(=CC=C4)NC(=O)C=C)C(F)(F)F,1,0.8009386
C1=CC(=C(C=C1NC(=O)CCCCCC(=O)NO)C(=O)NC2=CC(=C(C=C2)F)Cl)O,0,0.00012858649
COCCOC1=CC=C(C=C1)NC2=NC=C3C(=N2)N(C(=O)C(=N3)C4=CC=CC=C4Cl)C5=CC=CC(=C5)NC(=O)C=C,1,0.24139906
CN1CCC2=C(C1=O)C(=C(N2)C3=CC(=NC=C3)NC(=O)CC4=CC=CC=N4)NC5=CC=CC=C5,0,0.016234659
COc1cc(/C=C2\SC(=N)NC2=O)ccc1OCCCOc1cc(C)cc(C)c1,0,4.043548e-09
COc1cc2c(Nc3cccc(Br)c3)ncnc2cc1OCCCCCCn1ccnc1[N+](=O)[O-],1,0.9999771
CSCc1oc2cc(O)cc(O)c2c(=O)c1-c1ccc(O)cc1,1,0.9607115
CCOC1=CC(=CC(=C1O)CSC2=CC=CC(=C2)OC)/C=C(\C#N)/C(=O)N,0,3.774953e-05
CC(C)(CN1C2=C(C=C(C=C2)CC(=O)OC)N=C1NC(=O)C3=CC(=NC=C3)C4=CN(N=C4)C)O,1,0.99997985
CC1=CC=CC=C1C2=NN=C(O2)SCC3=CC=CC=C3,0,0.0009680128
CCN(CC)CCCNC(=O)/C=C/C(=O)CC1=CC2=C(C=N1)N=CN=C2NC3=CC(=CC=C3)Br,1,0.97835594
COc1cc2cccc(Oc3ccc(NC(=O)C4(C(=O)Nc5ccc(F)cc5)CC4)cc3)c2cc1OC,0,2.9041392e-08
O=C(Nc1ccccc1)N(Cc1ccc(F)cc1)Cc1cc(Br)cc(Br)c1O,0,0.0010910658
CC(CN1C2=NC=NC(=C2C(=N1)C3=CC=C(C=C3)CNC(=O)C4=CC=CC=C4OC)N)O,0,0.00011680691
COc1cc2ncnc(Nc3ccc(F)c(Cl)c3)c2cc1OCCCN1CCOCC1,1,0.7818728
O=C(/C=C/c1ccc(O)c(O)c1)c1ccc(O[C@@H]2O[C@H](CO)[C@@H](O)[C@H](O)[C@H]2O)c(O)c1O,0,0.9302993
Nc1ncnc2ncn(CC(=O)c3c[nH]c4ccccc34)c12,0,0.89767045
C#Cc1cccc(Nc2ncnc3ccc(S(=O)(=O)n4ccc(/C=C/C(=O)NO)c4)cc23)c1,0,0.97147286
COC1=C(C=C2C(=C1)N=CN=C2NC3=CC=CC(=C3)C#C)OCCCCCN=C(NC#N)NC4=CC=NC=C4,1,0.5493955
CC1(C)C(=O)N([C@H]2CCc3c(O)cccc32)c2nc(Nc3ccccc3)ncc21,0,1.7942115e-05
C1=CC(=CC(=C1)F)COC2=C(C=C(C=C2)NC(=O)C3=C(C=CC(=C3)NC(=O)CCCCCC(=O)NO)O)Cl,0,0.00043069234
C[C@H](C1=CC=CC=C1)NC2=C3C=C(OC3=NC=N2)C4=CC(=CC=C4)O,1,0.99841654
CC(C)(CN1C2=C(C=CC(=C2)CN3CCN(CC3)C)N=C1NC(=O)C4=CC(=C5C(=C4)C=CS5)OC6=CC=CC(=C6C=O)O)O,1,0.9996401
Cc1cccc(Nc2ncnc3cnc(N(C)C)nc23)c1,1,0.9986356
Cc1ncnc(Nc2ccc(OCc3cccc(F)c3)c(Cl)c2)c1C#CCCCN1CCCC1,1,0.98208714
COc1cc(Nc2c(C#N)cnc3cc(/C=C/CCN4CCN(C)CC4)c(OC)cc23)c(Cl)cc1Cl,0,0.014299276
CC1=CC=C(C=C1)C2CC(=NN2C3=NC(=CS3)C4=CC=CC=C4)C5=CC=C(C=C5)OC,0,0.0065098926
N#CCCCn1nc(-c2ccc(F)c(O)c2)c2c(N)ncnc21,0,2.0295729e-10
CC(C)CN1C2=CC=CC=C2N=C1NC(=O)C3=CC(=NC=C3)C4=CN(N=C4)C,1,0.94929314
N#Cc1cnc2ccc(-c3ccc(CN)cc3)cc2c1N[C@@H]1C[C@H]1c1ccccc1,0,2.3541041e-07
CCN(CC)CCNC(=O)C1=C(N(C2=CC=CC=C21)C)[Se][Se]C3=C(C4=CC=CC=C4N3C)C(=O)NCCN(CC)CC,0,0.0029480697
C=CC(=O)N1CCc2c(sc3ncnc(N[C@@H](CO)c4ccccc4)c23)C1,0,0.9997955
CN1C=NC2=C1C=C3C(=C2)C(=NC=N3)NC4=CC(=CC=C4)Br,1,0.97836214
CC1=CC(=CC=C1)NC2=NC=NC3=CC(=NC=C32)NCCCN4CCOCC4,1,0.95920944
C=CC(=O)NC1=NC2=C(C=C1CCCCN3CCOCC3)N=CN=C2CC4=CC(=C(C=C4)F)Cl,1,0.9237667
CC1=C(C=C(C=C1)C2=NN(C(C2)C3=CC=C(C=C3)OC)C4=NC(=CS4)C5=CC=CC=C5)C,0,0.034179814
C1=CC=C2C(=C1)C=C(N2)C(=O)C3=CC4=C(N=CN=C4S3)NC5=CC(=CC=C5)Cl,1,0.6441793
CC1=C(C=CC(=C1)NC2=NC=NC3=C2C(=C(C=C3)OC)N4CC5(C4)C[C@@H](CCN5C)F)OC6=CC7=NC=NN7C=N6,0,0.26770484
Cc1ccc(-n2cc3c(-c4c(C)[nH]c(-c5ccccc5)c4-c4ccccc4)nnc(C)c3n2)cc1,0,0.0043817665
C1CNCC1CN2C3=NC=NC(=C3C(=N2)C4=CC(=C(C=C4)Cl)O)N,0,0.044320803
CCC(C)N1C2=NC=NC(=C2C(=N1)C3=CC(=C(C=C3)C)O)N,0,1.5421259e-06
C=CC(=O)Nc1cccc(-n2c(=O)c(=O)n(C(C)C)c3cnc(Nc4ccc(N5CCN(C)CC5)c(C)c4)nc32)c1,1,0.9904986
C=CC(=O)N1CCCC(C1)N2C(=C(C(=N2)C3=CC=C(C=C3)OC4=C(C=C(C=N4)Cl)F)C(=O)N)N,1,0.98437715
CCOC1=CC(=CC(=C1O)CSC2=CC=C(C=C2)O)/C=C(\C#N)/C(=O)N,0,0.0021945408
COC1=C(C=C(C=C1)NC(=O)CCCCCC(=O)NO)C(=O)NC2=CC=CC(=C2)C#C,0,0.00051387004
CC(C)n1nc(-c2cccc(C#N)c2)c2c(N)ncnc21,0,4.451612e-09
O=C(Nn1c(-c2ccc(Br)cc2)cs/c1=N\c1ccc([N+](=O)[O-])cc1)c1ccc(Cl)cc1,0,0.051745035
OCCN(CCO)CCCNc1cc2c(Nc3cccc(Br)c3)ncnc2cn1,1,0.99999964
C1C[C@H](CN(C1)C#N)N2C(=C(C(=N2)C3=CC=C(C=C3)OC4=CC=C(C=C4)Cl)C(=O)N)N,0,0.3367745
CC1=C(N(C2=CC(=NC(=C12)C3CC3)N4C5=CC(=NC(=C5C=N4)C)C6=C(C=CN=C6)OC)C)C(=O)N7CCN(CC7)C,1,0.9907195
O=C(Nc1ccccc1)N(Cc1ccc(O)cc1)Cc1cc(Br)cc(Br)c1O,0,0.04844433
CC1=CC(=CC=C1)NC2=NC=NC3=CC(=NC=C32)NCCC4=CN=CN4,1,0.15044503
COc1cc(C2=C(c3c[nH]c4ccccc34)CNC2=O)cc(OC)c1OC,0,1.14030335e-07
COc1cc(/C=C2\CCC/C(=C\c3ccc(Cl)cc3)C2=O)cc(OC)c1,0,0.0001296401
CCCC1=C2C(=C(N(C2=CC(=N1)N3C4=CC(=NC(=C4C=N3)C)C5=C(C=CN=C5)OC)C)C(=O)N6CCN(CC6)C)C,1,0.9816683
CN(C)C/C=C/C(=O)Nc1cc2c(Nc3ccc(OCc4ccccn4)c(Cl)c3)ncnc2cc1O[C@H]1CCOC1,1,0.9826523
COC1=CC=C(C=C1)C2CC(=NN2C3=NC(=CS3)C4=CC=C(C=C4)Cl)C5=CC=C(C=C5)OC,0,0.013344031
CC1=C(C=C(C=C1)C2=NN(C(C2)C3=CC=C(C=C3)Cl)C4=NC(=CS4)C5=CC=CC=C5)C,0,0.04508174
COc1ccccc1C(=Cc1coc2nc(=N)[nH]c(N)c12)C(C)C,0,6.586973e-05
C[C@H](C1=CC=CC=C1)NC2=C3C=C(OC3=NC=N2)C4=CC=CC=C4O,1,0.9563528
CC1=C(C=C(C=C1)C(=O)NC23CC4CC(C2)CC(C4)C3)NC5=NC=NC6=CC(=C(C=C65)OCCCN7CCOCC7)OC,1,0.9968406
C1=CC(=CC(=C1)Cl)C2=CNC3=C(C2=O)C(=CC(=C3)O)O,1,0.015215291
C=CC(=O)N1CCC(C2CCNc3c(C(N)=O)c(-c4cc(OC)c(C)c(OC)c4)nn32)CC1,0,0.33399537
CC(C)(C)OCN1C=C(C2=CC=CC=C21)C3=C(C(=O)NC3)C4=CC(=C(C(=C4)OC)OC)OC,0,0.22841999
CC(C)n1nc(-c2cccnc2)c2c(N)ncnc21,0,4.3584532e-07
COc1cc2c(Nc3cccc(Br)c3)ncnc2cc1OCCCCn1ccnc1[N+](=O)[O-],1,0.9999931
Cc1ccc(C2=NN(c3ccccc3)C(c3ccc(OC4CCCC4)cc3)C2)cc1,0,1.09391586e-07
O=C(NO)c1ccc(-c2ccc3ncnc(Nc4ccc(OCc5cccc(F)c5)c(Cl)c4)c3c2)o1,1,0.9992489
CC(C)n1nc(-c2ccc(S(N)(=O)=O)cc2)c2c(N)ncnc21,0,6.054137e-07
CN1C=C(C=N1)C2=CC(=CC(=N2)C#C)C(=O)NC3=NC4=CC=CC=C4N3C5CCC(CC5)O,1,0.99977714
Cc1cccc(/C=C2/SC(N3CCC[C@H]3C(=O)Nc3ccc4ncnc(Nc5cccc(Cl)c5)c4c3)=NC2=O)n1,0,0.08656984
C1CCN(CC1)S(=O)(=O)C2=CC=C(C=C2)N=CC3=C(C=CC(=C3)Br)O,0,0.0026594566
C#CC1=CC(=CC=C1)NC(=O)C2=C(C=CC(=C2)NC(=O)CCCCCC(=O)NO)O,0,0.32074907
CC1=C2C=NN(C2=CC(=N1)C3=C(C=CN=C3)OC)C4=NC(=C5C(=C4)N(C(=N5)C(=O)N(C)C)C)N6CCOCC6,1,0.9521367
CC1=CC(=CC=C1)NC2=NC=NC3=CN=C(C=C32)NC(=O)C=C,1,0.38003504
CCOc1cc2ncc(C#N)c(Nc3ccc(F)c(Cl)c3)c2cc1NC(=O)/C=C/c1cn(CCF)nn1,1,0.920375
Cc1ccc(-c2n[nH]c3ncnc(N)c23)cc1O,0,6.629516e-05
COc1cc2c(cc1OC)Sc1nc(C)nc(Nc3ccc4[nH]cnc4c3)c1NC2,0,8.033746e-06
CC(C)N1C2=NC=NC(=C2C(=N1)C3=C(C(=CC=C3)OC)OC)N,0,2.9039759e-06
O=C(/C=C/CN1C2CCC1CC2)N1CCc2c(sc3ncnc(Nc4ccc(F)c(Cl)c4)c23)C1,1,0.96244806
C1C(N(N=C1C2=CC=C(C=C2)Br)C3=NC(=CS3)C4=CC=CC=C4)C5=CC=C(C=C5)Br,0,0.07911171
O=C(NCc1ccccc1)C(O)Cc1c(SSc2[nH]c3ccccc3c2CC(O)C(=O)NCc2ccccc2)[nH]c2ccccc12,0,4.986693e-06
COC1=C(C=C2C(=C1)N=CN=C2N(C3=CC(=C(C=C3)F)Cl)C(=O)C=C)OCCCN4CCOCC4,0,0.9925156
CC(C1=CC=C(C=C1)F)C(=O)NC2=NC=CC(=C2)C3=C(C4=C(N3)C=CN(C4=O)C)C5=CC=C(C=C5)F,0,0.09642909
CS(=O)(=O)CCNCc1ccc(-c2ccc3ncnc(Nc4ccc(OCc5cccc(C(F)(F)F)c5)cc4)c3c2)o1,1,0.9847414
C1=CC(=CC(=C1)Br)NC2=NC=NC3=C2C=C(C=C3)NC(=S)NC4=CC=C(C=C4)S(=O)(=O)NC5=NC=CS5,1,0.998492
Fc1ccc(Nc2ncnc3ccc(C#Cc4ccccc4)cc23)cc1Cl,0,0.9836602
OC[C@@H](Nc1ncnc2oc(-c3ccccc3)c(Cl)c12)c1ccccc1,1,0.8828998
C=CC(=O)Nc1cc2c(Nc3ccc(Br)cc3F)ncnc2cc1OCCNC(=O)N1CCNCC1,1,0.99949443
C1=CC=C(C=C1)C2=NC3=CC=CC=C3C(=O)N2NC(=O)C4=CC=C(C=C4)Br,0,0.17292891
C=CC(=O)N1CC(C1)N2C3=NC=NC(=C3C(=N2)C(=O)NC4=NC5=C(O4)C=CC(=C5)F)N,1,0.13281943
C1CC(CN(C1)C(=O)/C=C/CF)N2C(=C(C(=N2)C3=CC=C(C=C3)OC4=C(C=C(C=N4)Cl)F)C(=O)N)N,0,0.0657406
C1=CC(=CC=C1C2=NN=C(O2)CC3=NC4=C(N3)C=C(C=C4)Cl)Cl,0,0.019785807
Oc1ccc(CN(Cc2cc(Cl)cc(Cl)c2O)C(=S)Nc2ccccc2)cc1,0,0.025178162
CN(CCO)CCNc1cc2c(Nc3cccc(Br)c3)ncnc2cn1,1,0.9999994
CCCC1=C2C(=C(N(C2=CC(=N1)N3C4=CC(=NC(=C4C=N3)C)C5=CNC=CC5=O)C)C(=O)N6CCN(CC6)CC)C,1,0.99226177
Cn1c(-c2csc(N/N=C\c3ccc(F)cc3)n2)nc2ccccc21,0,4.701004e-06
CN(C)C/C=C/C(=O)N1CCC[C@H](C1)N2C(=C(C(=N2)C3=CC=C(C=C3)OC4=C(C=C(C=C4)F)F)C(=O)N)N,0,0.7885258
C1=CN2C(=C1)C(=NC=N2)NC3=CC(=C(C=C3)F)Cl,0,0.4027498
CS(=O)(=O)CCNCc1ccc(-c2ccc3ncnc(Nc4ccc(OCc5cccc(F)c5)c(Cl)c4)c3c2)o1,1,0.9712639
CC1=C2C=NN(C2=CC(=N1)C3=C(C=CN=C3)OC)C4=NC(=C5C(=C4)N(C(=N5)N6CCC(CC6)N7CCC(C7)(F)F)C)N8C[C@H]9C[C@@H]8CO9,1,0.9933066
C=C=CC(=O)Nc1cc(Nc2nccc(-c3cnn4ccccc34)n2)c(OC)cc1N(C)CCN(C)C,0,0.016874624
CN(C)[C@@H](CS(C)(=O)=O)c1ccc(-c2ccc3ncnc(Nc4ccc(OCc5cccc(F)c5)c(Cl)c4)c3c2)o1,1,0.22250709
CC1=C2C=NN(C2=CC(=N1)C3=C(C=CN=C3)OC)C4=NC(=C5C(=C4)N(C(=N5)N6CC7(C6)CCOC7)C)N8C[C@H]9C[C@@H]8CO9,1,0.99915135
O=C(Nc1ccc(Br)cc1)c1ccc(N(CCCl)CCCl)cc1,0,6.410327e-05
CN1C(=O)C2=C(NC1=O)N=C(N2)SC/C(=N/O)/C3=CC=C(C=C3)Cl,0,5.2492865e-08
CC(C)N(C)C/C=C/C(=O)N1CC[C@H](C1)N2C3=NC=NC(=C3C(=N2)C(=O)NC4=NC5=C(O4)C=CC(=C5)Cl)N,1,0.9983316
CC1=C(SC=N1)C2=CC=C(C=C2)[C@H](C)NC(=O)[C@H]3C[C@@H](CN3C(=O)[C@H](C(C)(C)C)NC(=O)COCCOCCOCCOCCOCCOCC#CC4=CC=CC5=C4C(=O)N(C5)[C@H](C6=C(C=CC(=C6)F)O)C(=O)NC7=NC=CS7)O,0,0.07993804
C1=CC=C(C=C1)COC(=O)C2=C(C=CC(=C2)NCC3=C(C=CC(=C3)O)O)O,0,1.8968278e-05
C[C@H](C1=CC=CC=C1)NC2=C3C=C(OC3=NC=N2)C4=CC=C(C=C4)C#N,1,0.9979553
CC1=C(C=C(C=C1)C2=NN(C3=NC=NC(=C23)N)C(C)C)O,0,0.000105943545
C[C@H](C1=CC=CC=C1)NC2=C3C=C(OC3=NC=N2)C4=CC=C(C=C4)C=C,1,0.9993814
CC1=C(C=C(C=C1)C2=NN(C(C2)C3=CC=C(C=C3)Br)C4=NC(=CS4)C5=CC=C(C=C5)Cl)C,0,0.006353472
Cn1c(-c2csc(N/N=C\c3ccc(Br)cc3)n2)nc2ccccc21,0,7.9848005e-06
COc1cc2c(cc1OC)Nc1ncnc(Oc3ccc(NC(=O)C4(C(=O)Nc5ccc(F)cc5)CC4)cc3F)c1NC2,0,3.7487214e-07
Brc1cccc(Nc2ncnc3cnccc23)c1,1,0.99988186
O=C(CSc1nc2ccccc2c(=O)n1Cc1ccc2c(c1)OCO2)Nc1ccc(I)cc1,0,1.9344106e-09
CC(C)N1C2=NC=NC(=C2C(=N1)C3=CC(=C(C=C3)O)OC)N,0,1.5494672e-05
CN(C)CCN1C=NC2=C1C=C3C(=C2)C(=NC=N3)NC4=CC(=CC=C4)Br,1,0.7933848
CC(=CC(=O)N1CC[C@H](C1)N2C3=NC=NC(=C3C(=N2)C(=O)NC4=NC5=C(O4)C=CC(=C5)Cl)N)C,1,0.84627354
COC[C@@H]1CCCN1CC#CC(=O)NC2=CC3=C(C(=CN=C3C=C2)C#N)NC4=CC(=CC=C4)Br,0,0.94922715
COCC1CCCN1CC#CC(=O)Nc1ccc2ncc(C#N)c(Nc3cccc(Br)c3)c2c1,0,0.03101625
CS(=O)C1=CC=C(C=C1)C2=NC(=C(N2)C3=CC=NC=C3)C4=CC=C(C=C4)F,0,0.344154
CC1=CC(=CC(=N1)C2=CN(N=C2)C)C(=O)NC3=NC4=CC=CC=C4N3[C@H]5CCC[C@@H](C5)O,1,0.98717403
NC(=O)CN1CCC(n2cc(-c3cccc(O)c3)c3c(N)ncnc32)CC1,0,5.5929454e-06
Cl.O=[N+]([O-])c1ccc2sc3c(Nc4cccc(C(F)(F)F)c4)ncnc3c2c1,0,0.94880897
COc1cc(Nc2ncnc3ccc(-c4ccc(CNCCS(C)(=O)=O)o4)cc23)ccc1OCc1cccc(F)c1,1,0.954502
COc1cc2ncnc(Oc3ccc(NC(=O)Nc4cccc(C(F)(F)F)c4)c4ccccc34)c2cc1OC,0,0.07700414
O=C(CSc1nc2ccccc2c(=O)n1Cc1ccc2c(c1)OCO2)Nc1ccccc1F,0,8.7260754e-10
CN1CCN(CC1)CCCNC2=NC3=NC(=C(C=C3C=N2)C4=C(C=CC=C4Cl)Cl)NC(=O)NC5CCCCC5,0,0.017660927
CC1=C(SC=N1)C2=CC(=C(C=C2)CNC(=O)[C@@H]3C[C@H](CN3C(=O)[C@H](C(C)C)N4CC5=CC=CC=C5C4=O)O)OCCN6CCN(CC6)CC7=CC=C(C=C7)C8=CC9=C(N8)N=CN=C9NCC1=CC=CC=C1Cl,1,0.44814837
CN1C(=O)C2=C(NC1=O)N=C(N2)SC/C(=N/O)/C3=CC=C(C=C3)OC,0,7.01408e-08
C1OC2=C(O1)C=C(C=C2)CNC3=CC4=C(C=C3)N=CN=C4NC5=CC(=CC=C5)Cl,0,0.078883186
COC1=CC2=C(C(=C1)O)C(=O)C(=CN2CC(=O)OC)C3=CC(=CC=C3)Cl,0,0.00038207276
COCCN1CCC(CC1)OC2=C(C=C3C(=C2)C(=NC=N3)NC4=C(C=CC(=C4)Cl)F)OC,1,0.91894454
COc1cc(Nc2ncnc3[nH]ccc23)ccc1-c1nc2ccccc2s1,0,0.46952328
COc1ccccc1-c1cc2c(NCc3cccnc3)ncnc2s1,0,0.97289747
Cl.O=[N+]([O-])c1cccc2c1sc1c(Nc3cccc(Br)c3)ncnc12,0,0.76038665
CCN1CCN(C(=O)/C(F)=C/c2c(C)ncnc2Nc2ccc(OCc3cccc(F)c3)c(Cl)c2)CC1,1,0.026279222
C/C=C/C(=O)N1CC[C@H](C1)N2C3=NC=NC(=C3C(=N2)C(=O)NC4=NC5=C(O4)C=CC(=C5)Cl)N,1,0.98701024
CC1=C(C=C(C=C1)C2=NN(C(C2)C3=CC=C(C=C3)OC)C4=NC(=CS4)C5=CC=C(C=C5)Cl)C,0,0.0028789572
Nc1ccc(-c2cc3c(Nc4ccc(Oc5cccc(C(F)(F)F)c5)c(Cl)c4)ncnc3s2)cc1,1,0.23145227
CO/N=C/c1c(N)ncnc1Nc1ccc2[nH]c(Cc3cccc(F)c3)nc2c1,1,0.9999994
COC1=CC=CC=C1C(=O)NCC2=CC=C(C=C2)C3=NN(C4=NC=NC(=C34)N)C5CC6CC6C5,0,0.022651263
CCO.CNc1ccc2sc3c(Nc4cccc(Br)c4)ncnc3c2c1,1,0.99992025
COc1cc2ncnc(Nc3ccc(F)c(Cl)c3)c2cc1OCCN1CC2(C1)CS(=O)(=O)C2,1,0.85533696
CCC(C)N1C2=CC=CC=C2N=C1NC(=O)C3=CC(=NC=C3)C4=CN(N=C4)C,1,0.77458155
Brc1cccc(Nc2ncnc3ncccc23)c1,1,0.9881706
c1ccc(-c2c(-c3ccc(OCCN4CCCC4)cc3)oc3ncnc(NCCN4CCNCC4)c23)cc1,1,0.9961054
C1COCCN1C(=O)O[C@@H]2C[C@H](NC2)C#CC3=CC4=C(S3)C(=NC=N4)NC5=CC6=C(C=C5)N(N=C6)S(=O)(=O)C7=CC=CC(=C7)F,0,0.011134895
CCc1ccc2nc(Nc3cc(Cc4ccccc4)nc(N[C@H]4CC[C@H](O)CC4)n3)sc2c1,0,0.65468585
C1OC2=C(O1)C=C(C=C2)CNC3=CC4=C(C=C3)N=CN=C4NC5=CC(=CC=C5)Br,0,0.12967162
COC1=C(C=C2C(=C1)N=CN=C2NC3=C(C=CC(=C3)Cl)F)OCCCN4CCOCC4,1,0.999057
CN(C)c1ccc(/C=N\Nc2nc(-c3nc4ccccc4n3C)cs2)cc1,0,0.961182
Fc1ccc2c(Nc3cccc(Br)c3)ncnc2n1,1,0.010242587
O=S(=O)(Nc1ccccn1)c1ccc(Nc2nncc3ccccc23)cc1,0,1.1536515e-07
CC1=C(C=CC(=C1)O)C2=NN(C3=NC=NC(=C23)N)C(C)C,0,0.034779176
C1CC(=O)NC(=O)C1N2C(=O)C3=C(C2=O)C=C(C=C3)OCCOCCOCCN4CCN(CC4)CC5=CC=C(C=C5)C6=CC7=C(N6)N=CN=C7NCC8=CC=CC=C8Cl,1,0.9386269
NS(=O)(=O)c1ccc(NC(=O)c2ccccc2NC(=O)c2ccco2)cc1,0,7.775178e-06
OC[C@@H](Nc1ncnc2oc(-c3ccccc3)c(Br)c12)c1ccccc1,1,0.9896333
Fc1cccc(Cn2ncc3cc(Nc4ncnn5ccc(COC6CCNCC6)c45)ccc32)c1,0,0.07291692
C=CC(=O)Nc1cccc(Nc2nc(Nc3ccc(/C=C/c4cc(OC)cc(OC)c4)cc3)ncc2Cl)c1,1,0.999813
CC1=CC=C(C=C1)C(=O)/C=C/C2=C(N=C3C=CC(=CC3=C2)OC)Cl,0,0.000120503166
CC1=C(C=C(C=C1)C2=NN(C(C2)C3=CC=C(C=C3)O)C4=NC(=CS4)C5=CC=C(C=C5)Cl)C,0,0.00415963
CCC(=O)ON[C@H](CS(C)(=O)=O)c1ccc(-c2ccc3ncnc(Nc4ccc(OCc5cccc(F)c5)c(Cl)c4)c3c2)o1,1,0.9940667
CCN1CCN(CC(=O)Nc2cc(C)on2)CC1,0,0.22968963
O=C(CO)N1CCC[C@H]1COc1cccc2ncnc(Nc3ccc(OCc4ccccn4)c(Cl)c3)c12,1,0.9959164
COC1=CC2=C(C(=C1)O)C(=O)C(=CN2)C3=CC(=CC=C3)Cl,0,0.14350058
C1CCC(C1)N2C3=NC=NC(=C3C(=N2)C4=CC5=CC=CC=C5N=C4)N,0,0.024480166
COc1cc2c(Oc3ccc(NS(=O)(=O)c4ccccc4C(F)(F)F)cc3F)ccnc2cc1OCCCN1CCN(C)CC1,0,0.031375416
CCOc1cc2ncnc(Nc3cccc(-c4csc(N)n4)c3)c2cc1OCC,1,0.0010288248
C=CC(=O)Nc1cc2c(Nc3ccc(F)c(Cl)c3)ncnc2cc1OCc1cn(-c2ccccc2)nn1,1,0.82434404
C1CNCCC1N2C=C(C=N2)C3=CC4=C(C=C3)N=CN=C4NC5=CC6=C(C=C5)N=CC=C6,1,0.98264164
CN1CCN(CC1)C2=CC=CC(=C2)NC3=NC=C4C(=N3)N(C(=O)C(=N4)C5CCCCC5)C6=CC=CC(=C6)NC(=O)C=C,1,0.9957824
CN1CCN(CC1)CCOC2=C(C=C3C(=C2)N=CN=C3NC4=C(C=C(C=C4)Cl)F)OC,1,0.6166815
CC(C)(N)c1cc(C(=O)N[C@@H]2CCc3ccc(Oc4ccnc5c4CCC(=O)N5)cc3C2)cc(C(F)(F)F)c1,0,1.0905906e-05
C1COCCN1C(=O)O[C@@H]2C[C@H](NC2)C#CC3=CC4=C(S3)C(=NC=N4)NC5=CC6=C(C=C5)N(C=C6)S(=O)(=O)C7=CSC=C7,0,0.014693413
COc1ccccc1-c1cc2c(NCc3ccncc3)ncnc2s1,1,0.9169495
C=C(C(=O)N1CCC[C@H](C1)N2C(=C(C(=N2)C3=CC=C(C=C3)OC4=C(C=C(C=C4)F)F)C(=O)N)N)F,0,0.7371162
C=CC(=O)Nc1cccc(Oc2nc(Nc3ccc(N4CCN(CC(=O)OCCOCCOc5no[n+]([O-])c5S(=O)(=O)c5ccccc5)CC4)cc3OC)ncc2Cl)c1,1,0.99924767
CC(=O)N1CCOc2c1ccc1ncnc(Nc3cccc(Br)c3)c21,1,0.33901355
COc1ccc(/C=N\Nc2nc(-c3nc4ccccc4n3C)cs2)cc1,0,0.9998493
COC(=O)CN1CCC(n2cc(-c3cccc(O)c3)c3c(N)ncnc32)CC1,0,2.3725363e-06
Nc1ccc2ncnc(Nc3ccc4ncccc4c3)c2c1,0,0.75675255
CS(=O)(=O)CCNCc1ccc(-c2ccc3ncnc(Nc4ccc(OCc5cccc(Br)c5)cc4)c3c2)o1,1,0.9867187
CC1=C(C=CC(=C1)NC2=NC=NC3=C2C(=C(C=C3)OCCF)N4CC(C4)N(C)C)OC5=CC6=NC=NN6C=N5,0,0.010760867
C1CC(C1)N2C3=NC=NC(=C3C(=N2)C4=CC(=C(C=C4)Br)O)N,0,0.00036571393
CN(C)C(=O)CN1CCC(n2cc(-c3cccc(O)c3)c3c(N)ncnc32)CC1,0,1.8671382e-07
O[C@H]1CC[C@H](Nc2ncc3nc(Nc4c(F)cc(F)cc4F)n([C@H]4CCOC4)c3n2)CC1,0,0.019277623
C1COC[C@H]1N2C3=NC(=NC=C3N=C2NC4=C(C=C(C=C4F)F)F)NC5CCC(CC5)O,0,0.989345
C[C@H](C1=CC(=CC=C1)F)NC2=C3C=C(OC3=NC=N2)C4=CC=C(C=C4)OC,1,0.6393917
Nc1ccccc1NC(=O)/C=C/c1ccc(-c2ccc3ncnc(Nc4ccc(OCc5cccc(F)c5)c(Cl)c4)c3c2)o1,1,0.96967703
COC1=C(C=C2C(=C1)C(=NC=N2)NC3=CC=C(C=C3)NC(=O)C4=CC(=CC=C4)Cl)OCCN5CCCCC5,0,0.1817905
Cl.O=[N+]([O-])c1ccc2c(c1)sc1c(Nc3cccc(Br)c3)ncnc12,1,0.071037255
CC1=C(SC=N1)C2=CC(=C(C=C2)CNC(=O)[C@@H]3C[C@H](CN3C(=O)[C@H](C(C)C)N4CC5=CC=CC=C5C4=O)O)OCCOCCN6CCN(CC6)CC7=CC=C(C=C7)C8=CC9=C(N8)N=CN=C9NCC1=CC=CC=C1Cl,1,0.91615224
O=C(/C=C\c1ccc(OC(F)(F)F)cc1)c1ccc(Br)c2cc(-c3ccc(F)cc3)oc12,0,1.9673378e-08
CCCN1C2=CC=CC=C2N=C1NC(=O)C3=CC(=NC=C3)C4=CN(N=C4)C,1,0.9402909
CC1=C(N(C2=CC(=NC(=C12)N3CCOCC3)N4C5=CC(=NC(=C5C=N4)C)C6=C(C=CN=C6)OC)C)C(=O)O,1,0.78659815
C=CC(=O)N(c1ccc(F)c(F)c1)c1ncnc2cc(OC)c(OCCCN3CCOCC3)cc12,0,0.9999708
C=CC(=O)Nc1cc(Nc2nccc(Nc3cn(C)c4ccccc34)n2)c(OC)cc1N(C)CCN(C)Cc1ccccc1,0,0.23778562
CCc1nnc2c(Nc3ccc(C(=O)/C=C/c4cc(OC)c(OC)c(OC)c4)cc3)nc3ccccc3n12,0,0.00017356961
CC(C)(CN1C2=CC=CC=C2N=C1NC(=O)C3=CC(=NC=C3)C4=CC=CC(=C4)C5=C(C(=CC=C5)O)C=O)O,1,0.9542967
Cn1c(-c2csc(N/N=C\c3ccc(Cl)cc3Cl)n2)nc2ccccc21,0,1.6620055e-05
C[C@@H]1C2=C(C=CC(=C2)F)C(=O)N(CC3=NN(C(=C3C4=CC(=C(N=C4)N)O1)C#N)C)C,0,2.9652603e-05
CN(C)CCN(C)C1=CC(=C(C=C1)CC2=NC=C(C(=N2)C3=CN(C4=CC=CC=C43)CC5=C(C(=CC=C5)C=O)O)Cl)OC,0,0.02095834
C1=CC(=CC(=C1)NC2=NC=NC3=C2SC4=C3C=C(C=C4)N)C(F)(F)F,1,0.7191438
Cc1cccc(CN(C)c2ncnc3[nH]c(-c4cccnc4)cc23)c1,0,0.7800879
C#CC1=CC(=CC=C1)NC(=O)C2=C(C=CC(=C2)OCCCCCCC(=O)NO)O,0,0.059761167
COC[C@@H]1CCCN1/N=C/C2=C(N=CN=C2NC3=CC4=C(C=C3)N(N=C4)CC5=CC(=CC=C5)F)N,1,0.9998487
COC[C@H]1CCCN1/N=C/C2=C(N=CN=C2NC3=CC4=C(C=C3)N(N=C4)CC5=CC(=CC=C5)F)N,1,0.9998331
CCC1=C2C(Nc3ccc4c(cnn4Cc4ccccc4)c3)=NC=NC2N=C1NC(=O)OCC1CCCNC1,0,0.0020648502
CC(C)(CN1C2=C(C=C(C=C2)CN(C)C)N=C1NC(=O)C3=CC(=NC=C3)C4=CN(N=C4)C)O,1,0.97401106
C1COCCN1CC2=CC=C(C=C2)C3=CC4=NC=CC(=C4S3)NC5=CC6=C(C=C5)NC=C6,1,0.7439139
C=CC(=O)Nc1cc(Nc2nccc(Nc3ccccc3-c3ccn(C)n3)n2)c(OC)cc1N(C)CCN(C)C,0,0.00013934891
C[C@H](C1=CC=C(C=C1)F)NC2=C3C=C(OC3=NC=N2)C4=CC=C(C=C4)OC,1,0.8783956
O=C(Nc1ccc2nccc(Nc3cccc(Cl)c3)c2c1)C1CCC2(CC1)OCC1(OO2)C2CC3CC(C2)CC1C3,0,0.098044135
CCN1CCN(CC#CC(=O)Nc2ccc3ncnc(Nc4cccc(Br)c4)c3c2)CC1,1,0.99977595
CS(=O)(=O)CCN(CC#N)Cc1ccc(-c2ccc3ncnc(Nc4ccc(OCc5cccc(F)c5)c(Cl)c4)c3c2)o1,1,0.6836028
C1=CC=C(C=C1)CNC(=O)CCC2=C(NC3=CC=CC=C32)SSC4=C(C5=CC=CC=C5N4)CCC(=O)NCC6=CC=CC=C6,0,0.781805
CCOC1=CC(=CC(=C1O)CSC2=CC=CC=C2)/C=C\3/CCNC3=O,0,4.190583e-06
C=CC(=O)N1CC[C@H](C1)N2C3=NC=NC(=C3C(=N2)C(=O)NC4=NC5=C(O4)C=CC(=C5)C#N)N,1,0.98148555
CCC(=O)N1CC[C@H](N2C(=O)N(c3cc(OC)ccc3F)Cc3cnc(Nc4ccc(N5C[C@H]6CN(C)C[C@H]6C5)c(C)c4)nc32)C1,0,0.00043259433
CC1=CC(=O)N(C2=NC(=NC=C12)NC3=C(C=C(C=C3)N4CCN(CC4)CCCCCCCCCCCCNC(=O)CC56CC7CC(C5)CC(C7)C6)OC)C8=CC=CC(=C8)NC(=O)C(C)C,1,0.99849343
COc1cc2ncnc(NC3CC3c3ccccc3)c2cc1OCCN1CCOCC1,1,0.72668684
CC[C@H](C1=CC=CC=C1)NC2=C3C=C(OC3=NC=N2)C4=CC=C(C=C4)OC,1,0.994618
CCCC1=C2C(=C(N(C2=CC(=N1)N3C4=CC(=NC(=C4C=N3)C)C5=CNC=CC5=O)C)C(=O)N6CCN(CC6)C)C,1,0.99375856
COC1=CC2=C(C=C1)C3=C(S2)C(=NC=N3)NC4=CC(=CC=C4)Br,1,0.7307417
C1CCN(C1)CC(=O)NC2=CC3=C(C=C2)N=CN=C3NC4=CC=C(C=C4)Cl,1,0.016915888
C=CC(=O)Nc1cccc(-n2c(=O)cc(C)c3cnc(Nc4cnn(C5CCN(C)CC5)c4)nc32)c1,1,0.88441366
Clc1ncc2ncnc(Nc3cccc(Br)c3)c2n1,1,0.5240879
C1=CC(=CC(=C1)Br)NC2=NC=NC3=CN=C(C=C32)NS(=O)(=O)CO,1,0.98480123
CC1=C(SC=N1)C2=CC(=C(C=C2)CNC(=O)[C@@H]3C[C@H](CN3C(=O)[C@H](C(C)C)N4CC5=CC=CC=C5C4=O)O)OCCOCCOCCOCCOCCOCC#CC6=CC=CC7=C6C(=O)N(C7)[C@H](C8=C(C=CC(=C8)F)O)C(=O)NC9=NC=CS9,0,0.28713012
C=CS(=O)(=O)N1CCc2c(sc3ncnc(N[C@H](CO)c4ccccc4)c23)C1,0,0.99830496
CC(C)N1C2=NC=NC(=C2C(=N1)C3=CC=C(C=C3)O)N,0,5.6889843e-05
CC(=O)Nc1nc(C(=O)NNC(=O)CCN2CCOCC2)cs1,0,2.0216428e-12
C=CC(=O)N1CCC[C@H](C1)N2C3=C(C(=NC=C3)N)N(C2=O)C4=CC=C(C=C4)OC5=CC=CC=C5,0,0.027525535
C1=CC(=CC(=C1)F)COC2=C(C=C(C=C2)NC3=NC=NC=C3C#CC4=CC=C(O4)CO)Cl,1,0.60773766
CN(Cc1ccncc1)c1ncnc2[nH]c(-c3ccc(CO)cc3)cc12,1,0.7000775
CN(C)C/C=C/C(=O)N1CCOc2cc3ncnc(Nc4ccc(OCc5cccc(F)c5)c(Cl)c4)c3cc21,1,0.9992424
CCCC1=C2C(=CC(=N1)N3C4=CC(=NC(=C4C=N3)C)C5=C(C=CN=C5)C6CC6)N(C(=N2)C)C,0,0.9432367
C1C[C@H](CN(C1)C(=O)/C=C/C(F)F)N2C(=C(C(=N2)C3=CC=C(C=C3)OC4=C(C=C(C=C4)F)F)C(=O)N)N,0,0.03948855
COC1=C(C=C2C(=C1)CNC3=C(O2)N=CN=C3OC4=CC(=CC=C4)Br)OC,0,0.044562034
Cn1c(-c2csc(N/N=C\c3ccc([N+](=O)[O-])cc3)n2)nc2ccccc21,0,1.342008e-06
C1CNCCC1N2C=C(N=N2)C(C3=CC=CC=C3)NC4=CC5=C(C(=C4)Cl)N=CN=C5NC6=CC(=C(C=C6)F)Cl,1,0.85128266
O=C(Cc1cccs1)Nc1cccc(-c2ccc3nnc(-c4cccnc4)n3n2)c1,0,7.670496e-09
C=CC(=O)Nc1cccc(Oc2nc(Nc3ccc(/C=C/c4cc(C)cc(C)c4)cc3)ncc2Cl)c1,1,0.9012973
COC1=C(C=C2C(=C1)CNC3=C(N=CN=C3O2)NC4=CC5=CC=CC=C5C=C4)OC,0,0.02622414
Clc1ccc(C2=NN(c3ccccc3)C(c3cccc4ccccc34)C2)cc1Cl,0,3.8793805e-06
C1CC(=O)NC(=O)C1N2C(=O)C3=C(C2=O)C=C(C=C3)N4CCC(CC4)CN5CCC(CC5)OCC#CC6=CC=CC7=C6C(=O)N(C7)C(C8=C(C=CC(=C8)F)O)C(=O)NC9=NC=CS9,0,0.0008704379
C=CC(=O)Nc1cccc(-n2c(=O)c(=O)n(CC)c3cnc(Nc4ccc(N5CCN(C)CC5)cc4OC)nc32)c1,1,0.93169963
CC1=CC(=C(C=C1)NC2=NC(=NC=C2Br)NC3=C(C=C(C(=C3)C)N4CCOCC4)OC)P(=O)(C)C,1,0.92345715
CCCN(CCS(C)(=O)=O)Cc1ccc(-c2ccc3ncnc(Nc4ccc(OCc5cccc(F)c5)c(Cl)c4)c3c2)o1,1,0.6762878
C[C@H](C1=CC=CC=C1)NC2=NC=NC3=C2NCC4=CC(=C(C=C4N3)OC)OC,0,0.49170482
Cc1c(C(=O)NCCCN2CCN(C)CC2)[nH]c2cnnc(Nc3ccc(OCc4cccc(F)c4)c(Cl)c3)c12,0,0.27748597
C1=CC=C(C(=C1)C2=NC3=C(NC4=C2C=C(C=C4)N)NN=C3)Cl,0,0.007845683
C1CC(CN(C1)C(=O)/C=C/C(F)F)N2C(=C(C(=N2)C3=CC=C(C=C3)OC4=C(C=C(C=N4)Cl)F)C(=O)N)N,0,0.015553378
Cc1c(NC(=O)OC[C@@H]2COCCN2)cn2ncnc(Nc3ccc4c(cnn4Cc4cccc(F)c4)c3)c12,0,0.021825146
CN1CCN(CC1)CCCNC2=NC3=NC(=C(C=C3C=N2)C4=C(C=CC=C4Cl)Cl)NC(=O)NC5=CC=C(C=C5)OC,0,0.0130029945
CC(C)N1C2=NC=NC(=C2C(=N1)C3=CC(=C(C=C3)NC(=O)OC(C)(C)C)OC)N,0,0.0037755675
C=CC(=O)N1CCC(C2CCNc3c(C(N)=O)c(-c4cc(Cl)c(Cl)c(Cl)c4)nn32)CC1,0,0.097917594
C1CC(CN(C1)C(=O)/C=C/CF)N2C(=C(C(=N2)C3=CC=C(C=C3)OC4=NC=C(C=C4)Cl)C(=O)N)N,0,0.021906082
C=CC(=O)Nc1cc2c(Nc3ccc(Br)cc3F)ncnc2cc1OCCNC(=O)N1CCOCC1,1,0.9963039
C=CC(=O)N1CC[C@H](C1)N2C3=NC=NC(=C3C(=N2)C(=O)NC4=NC5=C(O4)C=CC(=C5)F)N,1,0.95960194
C=CC(=O)N1CCC(C1)N2C3=NC=NC(=C3C(=N2)C(=O)NC4=NC5=C(O4)C=CC(=C5)F)N,1,0.8725442
CCN(CC)CC#CC(=O)Nc1cc2c(Nc3ccc(F)c(Cl)c3)ncnc2cn1,1,0.99715614
C=CC(=O)N1CCC[C@H](C1)N2C(=C(C(=N2)C3=CC=C(C=C3)OC4=C(C=C(C=C4)F)F)C(=O)N)N,1,0.9958597
C[C@H]1CN(CCN1C2=NC3=C(N=C(C=C3N2C)N4C5=CC(=NC(=C5C=N4)C)C6=C(C=CN=C6)OC)N7C[C@H]8C[C@@H]7CO8)C,1,0.9770347
CCOc1cc2[nH]cc(C#N)c(=Nc3ccc(OCc4ccccn4)c(Cl)c3)c2cc1NC(=O)/C=C/[C@H]1C[C@H](O)CN1C,0,0.98320043
COC1=CC=CC=C1C(=O)NCC2=CC=C(C=C2)C3=NN(C4=NC=NC(=C34)N)C5CCCC(=O)C5,0,0.01341663
CN1C2=CC=CC=C2N=C(C1=O)C(=O)NNCCOCCOCC(=O)NC3=CC=CC4=C3C(=O)N(C4=O)C5CCC(=O)NC5=O,0,0.0074597923
C1=CC=C(C=C1)NC(=O)CCC2=C(NC3=CC=CC=C32)SSC4=C(C5=CC=CC=C5N4)CCC(=O)NC6=CC=CC=C6,0,0.40448898
Cc1ncnc(Nc2ccc(OCc3cccc(F)c3)c(Cl)c2)c1C#Cc1ccc(CN2CCOCC2)cc1,1,0.99830925
C[C@H](C1=CC=CC=C1F)NC2=C3C=C(OC3=NC=N2)C4=CC=C(C=C4)OC,1,0.97886604
COc1cc2ncnc(Nc3ccc(NC(=O)Nc4ccc(Cl)c(C(F)(F)F)c4)cc3)c2cc1OCCCN1CCOCC1,0,0.23330647
CC(C)N1C2=NC=NC(=C2C(=N1)C3=CC(=CC(=C3)F)O)N,0,2.1014095e-05
CNC(=O)c1cc(Oc2ccc(NC(=O)Nc3ccc(Cl)c(C(F)(F)F)c3)cc2)ccn1,0,0.0003624933
CC1=C2C(=NC=NN2C=C1)NC3=CC(=C(C=C3)F)Cl,0,0.04010571
CN1CCC2=C(C1=O)C(=C(N2)C3=CC(=NC=C3)NC(=O)CC4=CN=CC=C4)NC5=CC=CC=C5,0,0.010047691
C=CC(=O)Nc1cc2c(Nc3ccc(Br)c(Cl)c3F)ncnc2cc1OCCNC(=O)N1CCOCC1,1,0.9988048
C=CC(=O)N1CCC[C@H](Nc2ncnc(N)c2-c2ccc(Oc3ccccc3)cc2)C1,1,0.99999964
CC(C)N1C2=NC=NC(=C2C(=N1)C3=CC(=CC=C3)O)N,0,5.851856e-05
COc1cc2ncnc(Nc3ccc(OCc4cccc(F)c4)c(Cl)c3)c2cc1OCCCCn1ccnc1[N+](=O)[O-],1,0.9943619
CS(=O)(=O)CCNCc1ccc(-c2ccc3ncnc(Nc4ccc(OCc5cccc(F)c5)c(C(F)(F)F)c4)c3c2)o1,1,0.1763661
C1=CC=C(C=C1)/C(=N\NC(=S)N)/C=C/C2=CC=CC3=CC=CC=C32,0,5.816106e-05
C1=CC(=CC=C1/C=N/NC2=NN=C(O2)C3=CC=NC=C3)[N+](=O)[O-],0,6.1904924e-05
C1=CC=C(C=C1)CNC(=O)[C@@H](CC2=C(NC3=CC=CC=C32)[Se][Se]C4=C(C5=CC=CC=C5N4)C[C@@H](C(=O)NCC6=CC=CC=C6)N)N,0,0.57593703
Cl.c1ccc(-c2cccc(Nc3ncnc4cc5c(cc34)OCCCO5)c2)cc1,1,0.8481647
Brc1cccc(Nc2ncnc3c2ccc2[nH]cnc23)c1,1,0.054140035
C=CC(=O)Nc1cc2c(Nc3ccc(OCc4ccccn4)cc3)ncnc2cc1O[C@H]1CCOC1,1,0.9999527
C1=CC(=CC(=C1)Cl)C2=COC3=CC(=CC(=C3C2=O)O)O,0,0.0035693098
C1COCCN1C(=O)O[C@H]2C[C@H](NC2)C#CC3=CC4=C(S3)C(=NC=N4)NC5=CC(=C(C=C5)OCC6=CC(=CC=C6)F)Cl,0,0.06683145
C1COCCN1C(=O)O[C@H]2C[C@@H](NC2)C#CC3=CC4=C(S3)C(=NC=N4)NC5=CC(=C(C=C5)OCC6=CC(=CC=C6)F)Cl,0,0.033780463
C[C@H]1CN(C[C@@H](O1)C)C2=NC3=C(N=C(C=C3N2C)N4C5=CC(=NC(=C5C=N4)C)C6=C(C=CN=C6)OC)N7C[C@H]8C[C@@H]7CO8,1,0.6943066
C[C@@H]1CN(C[C@@H](O1)C)C2=NC3=C(N=C(C=C3N2C)N4C5=CC(=NC(=C5C=N4)C)C6=C(C=CN=C6)OC)N7C[C@H]8C[C@@H]7CO8,1,0.7513736
COc1cc2ncnc(Nc3ccc(F)c(Cl)c3)c2cc1OCCCN1CC2(CSC2)C1,1,0.955439
Cc1ccc(Nc2ncnn3cc(C)c(C)c23)cc1O,0,2.4595863e-06
C1CCC(C1)N2C3=NC=NC(=C3C(=N2)C4=CN=C5C(=C4)C=CN5)N,0,0.83908266
COc1cc(/C=C2\CCC/C(=C\c3ccc(O)c(O)c3)C2=O)cc(OC)c1,0,0.16174826
CCCN(C1=CC(=C(C=C1)F)Cl)C2=NC=NC3=CC(=C(C=C32)OCCCN4CCOCC4)OC,1,0.16970147
Cc1ccc(C(=O)Nc2ccc(CN3CCN(C)CC3)c(C(F)(F)F)c2)cc1NC(=O)c1cnc(NC2CC2)nc1,0,0.5287931
CN1C2=C(C(=O)N(C1=O)C)NC(=N2)SC/C(=N/O)/C3=CC=C(C=C3)Cl,0,0.00011140721
CC1=C2C=NN(C2=CC(=N1)C3=C(C=CN=C3)OC)C4=NC(=C5C(=C4)N(C(=N5)N6CCN(CC6)C)C)N7C[C@H]8C[C@@H]7CO8,1,0.99983025
C1=CC=C(C=C1)CNC2=C3C=C(OC3=NC=N2)C4=CC=CC=C4,1,0.0076614693
Brc1cccc(Nc2[nH]cnc3c4ccccc4nc2-3)c1.Cl,0,0.004905343
CCC1=C2C(Nc3ccc4c(cnn4Cc4ccccc4)c3)=NC=NC2N=C1NC(=O)OCCN1CCNCC1,1,0.007829423
Cc1ccc(/C=N\Nc2nc(-c3nc4ccccc4n3C)cs2)cc1,0,0.9986131
C1CC(=O)NC(=O)C1N2C(=O)C3=C(C2=O)C=C(C=C3)N4CCC(CC4)CN5CCC(CC5)OCCCC6=CC=CC7=C6C(=O)N(C7)C(C8=C(C=CC(=C8)F)O)C(=O)NC9=NC=CS9,0,0.00016277039
O=C(Nc1ccccc1)N(Cc1ccc(O)cc1)Cc1cccc(Cl)c1O,0,0.0014946266
COC1=C(C=C2C(=C1)N=CN=C2N(C3=C(C(=CC=C3)Cl)F)C(=O)C=C)OCCCN4CCOCC4,1,0.99498135
C1=CC(=CC(=C1)F)COC2=C(C=C(C=C2)NC3=CC(=NC=N3)OC4=CC=CC(=C4)NC(=O)CC5=CC(=C(C=C5F)F)F)Cl,0,0.06093499
C1=CC=C2C(=C1)C=C(N2)C(=O)C3=CC4=C(N=CN=C4S3)NC5=CC=C(C=C5)F,1,0.42211863
CC1=CC2=C(N=C(N=C2O1)C)N3CCC4=C3C=CC(=C4)OC,1,0.4507139
COc1ccc2c(Nc3cccc(Br)c3)ncnc2n1,1,0.017137365
C=CC(=O)N1CCCC(C1)N2C(=C(C(=N2)C3=CC=C(C=C3)OC4=NC=C(C=C4)Cl)C(=O)N)N,1,0.8927079
CC(C)(C)N1C2=NC=NC(=C2C(=N1)C3=CC=C(C=C3)Cl)N,0,6.66345e-05
CC1=C(SC(=N1)NC)C(=O)/C=C/C2=CSC=C2,0,0.0029928628
Oc1c(Br)cccc1CN(Cc1ccc(F)cc1)C(=S)Nc1ccccc1,0,0.9843576
CC1=C(C=C(C=C1)C(=O)NC2=CC(=C(C=C2)CN3CCN(CC3)C)C(F)(F)F)C#CC4=CN=C5N4N=CC=C5,0,0.4009717
CS(=O)(=O)CCNC(CS(C)(=O)=O)c1ccc(-c2ccc3ncnc(Nc4ccc(OCc5cccc(F)c5)c(Cl)c4)c3c2)o1,1,0.8986288
CCC(=O)N1CCOc2c1ccc1ncnc(Nc3cccc(C(F)(F)F)c3)c21,1,0.7505621
C=CC(=O)N1CC(C2CCNc3c(C(N)=O)c(-c4ccc(Oc5ccccc5)cc4)nn32)C1,1,0.9999609
COc1cc(NC(=O)C2CC2)ccc1Nc1ncc(Cl)c(Nc2ccccc2NC(C)=O)n1,1,0.0005888627
C=CC(=O)N1CCCC(C1)N2C(=C(C(=N2)C3=CC=C(C=C3)OC4=CC=CC(=N4)C(F)(F)F)C(=O)N)N,0,0.9078335
C1CCC(C1)N2C3=NC=NC(=C3C(=N2)C4=CC5=C(C=C4)C=NN5)N,0,0.048888724
CC(=O)N1CCOc2c1ccc1ncnc(Nc3ccc(F)c(Cl)c3)c21,1,0.47069514
CC1=C2C=NN(C2=CC(=N1)C3=C(C=CN=C3)OC)C4=NC(=C5C(=C4)N(C(=N5)N6CCOCC6)C)N7C[C@H]8C[C@@H]7CO8,1,0.9989741
C[C@H](Nc1[nH]cnc2c3ccccc3nc1-2)c1ccccc1.Cl,0,0.000783848
CC(C)N(CC#CC(=O)Nc1cc2c(Nc3ccc(F)c(Cl)c3)ncnc2cn1)C(C)C,1,0.9999964
CN1CCN(CC1)CCCCNC2=NC=C3C=C(C(=O)N(C3=N2)C)C4=C(C=CC=C4Cl)Cl,0,0.075616695
CC1=NC(=CC=C1)NC2=NC=C(C=N2)C3=CN=CC(=N3)NC4CN(C4)C(=O)C=C,0,0.96694785
C1=CC(=CC=C1C2=NC(=C(N2)C3=CC=NC=C3)C4=CC=C(C=C4)F)O,0,0.027592665
CC1=C(SC=N1)C2=CC=C(C=C2)CNC(=O)[C@@H]3C[C@H](CN3C(=O)[C@H](C(C)(C)C)NC(=O)COC4CC(C4)OC5=CC=C(C=C5)N6CCN(CC6)CCOCC7=NC8=CN=C(C=C8N7C(C)C)NC9=NC(=NC=C9)N1CCC(CC1)OC)O,0,0.8276656
CN1C2=C(C(=O)N(C1=O)C)NC(=N2)SC/C(=N/O)/C3=CC=C(C=C3)Br,0,0.00044934393
Cc1cccc(Nc2ncnc3cnc(Cl)nc23)c1,1,0.03380292
CC1=CC=C(C=C1)C2=NN(C(C2)C3=C(N=C4C=CC(=CC4=C3)OC)Cl)C5=NC(=CS5)C6=CC=C(C=C6)F,0,0.011424164
COC1=CC=C(C=C1)C2=CC3=C(N=CN=C3O2)NCC4=CC=CC=C4,1,0.051204316
CC(C)c1ccc(NC(=O)c2ccc(N(CCCl)CCCl)cc2)cc1,0,6.7839435e-11
COC1=CC=C(C=C1)C2=NN=C(O2)CC3=NC4=CC=CC=C4N3,0,0.0015517222
CC1=C(C=C(C=C1)NC2=NC=NN3C2=CC=C3)O,0,0.00036501835
CCOc1cc2ncnc(NC3=CC(=O)C(OCc4ccccn4)=CC3=O)c2cc1NC(=O)/C=C/CN(C)C,1,0.99992335
CC(C)N1C2=NC=NC(=C2C(=N1)C3=CC(=CC(=C3)Br)O)N,0,2.1392698e-05
C1CC(CN(C1)C(=O)/C=C/C(F)F)N2C(=C(C(=N2)C3=CC=C(C=C3)OC4=NC=C(C=C4)Cl)C(=O)N)N,0,0.7979529
CCNc1cc2sc3c(Nc4cccc(Br)c4)ncnc3c2cc1F.CCO,1,1.0
COC1=CC=CC(=C1)CNC2=NC=NC3=C2NCC4=CC(=C(C=C4N3)OC)OC,0,0.032111466
COC1CCN(CCOc2n[nH]c3ncnc(Nc4ccc(OCc5ccccn5)c(Cl)c4)c23)CC1,1,0.047943793
COC1=CC=CC=C1C(=O)NCC2=CC=C(C=C2)C3=NN(C4=NC=NC(=C34)N)C5CCC6(CC5)OCCO6,0,0.061381083
CCN(CC)C/C=C/C(=O)N1CC[C@H](C1)N2C3=NC=NC(=C3C(=N2)C(=O)NC4=NC5=C(O4)C=CC(=C5)Cl)N,1,0.85376513
CCN(C)C/C=C/C(=O)N1CC[C@H](C1)N2C3=NC=NC(=C3C(=N2)C(=O)NC4=NC5=C(O4)C=CC(=C5)Cl)N,1,0.9911848
CS(=O)(=O)CCOCc1ccc(-c2ccc3ncnc(Nc4ccc(OCc5cccc(F)c5)c(Cl)c4)c3c2)o1,1,0.6158512
CC(C)(CN1C2=CC=CC=C2N=C1NC(=O)C3=CC(=NC=C3)NC4=CC=CC(=C4O)C=O)O,1,0.99887437
CS(=O)(=O)CCNCc1ccc(-c2ccc3ncnc(Nc4ccc(OCc5ccccc5)c(Br)c4)c3c2)o1,1,0.99288493
CCC1=C2C(Nc3ccc4c(cnn4Cc4ccccc4)c3)=NC=NC2N=C1NC(=O)OCCn1ccnc1,0,0.0004197213
CS(=O)(=O)CCNCc1ccc(-c2ccc3ncnc(Nc4ccc(OCc5cccc(F)c5)cc4)c3c2)o1,1,0.9866895
C1COCCN1CC(=O)NC2=CC3=C(C=C2)N=CN=C3NC4=CC(=CC=C4)Br,1,0.82469106
CC1=C2C=NN(C2=CC(=N1)C3=C(C=CN=C3)OC)C4=NC(=C5C(=C4)N(C(=N5)N6CCN(CC6)C(C)(C)C(=O)OC)C)N7C[C@H]8C[C@@H]7CO8,1,0.9964443
COc1cc2ncc(C#N)c(N[C@@H]3C[C@H]3c3ccccc3)c2cc1OCCN1CCOCC1,1,4.0209256e-05
CNc1ncc2ncnc(Nc3cccc(Br)c3)c2n1,1,0.98904896
CC1=CN2C(=C1)C(=NC=N2)NC3=CC(=C(C=C3)F)Cl,0,0.98492026
C1=CC=C2C(=C1)NC(=N2)CC3=NN=C(O3)C4=CC=C(C=C4)Cl,0,0.0013732433
CN1CCN(CC1)CCCOC2=CC3=NC=CC(=C3C=C2OC)OC4=C(C=C(C=C4)NS(=O)(=O)C5=C(C=CC(=C5)F)F)F,0,0.96458113
COC1=C(C=C2C(=C1)CNC3=C(N2)N=CN=C3NCC4=CC=CC=C4)OC,0,0.006438203
CC1=C(C=C(C=C1)C2=NN(C(C2)C3=CC=C(C=C3)Cl)C4=NC(=CS4)C5=CC=C(C=C5)Cl)C,0,0.007641783
Oc1ccc(CN(Cc2cccc(Br)c2O)C(=S)Nc2ccccc2)cc1,0,0.16236055
CNC(=O)c1ncc(C#Cc2cc(C(=O)Nc3ccc(CN4CCN(CCO)CC4)c(C(F)(F)F)c3)ccc2C)n1C,0,0.93463904
CC(=O)NC1=CC2=C(C=C1)NC3=C(C=NN3)N=C2C4=CC=CC=C4Cl,0,0.9904232
CCCCCCC(=O)ON[C@H](CS(C)(=O)=O)c1ccc(-c2ccc3ncnc(Nc4ccc(OCc5cccc(F)c5)c(Cl)c4)c3c2)o1,1,0.44730464
C1=CC=C(C=C1)COC2=C(C=C(C=C2)NC3=NC=NC4=NN5C=CC=CC5=C43)Cl,0,0.26291186
C=CC(=O)N1CCC(C2CCNc3c(C(N)=O)c(-c4cc(Cl)c(Br)c(Cl)c4)nn32)CC1,0,0.3280791
C1CCN(CC1)C/C=C/C(=O)N2CC[C@H](C2)N3C4=NC=NC(=C4C(=N3)C(=O)NC5=NC6=C(O5)C=CC(=C6)Cl)N,1,0.9985916
COc1cccc(-c2cn(C3CCN(CC(=O)N(C)C)CC3)c3ncnc(N)c23)c1,0,0.09834511
C1C(CO1)N2C=C(N=N2)[C@H](C3=CC=C(C=C3)Cl)NC4=CC5=C(C=C4)N=CN=C5NC6=CC(=C(C=C6)F)Cl,1,0.95072573
CC1=C2C=NN(C2=CC(=N1)C3=C(C=CN=C3)OC)C4=NC(=C5C(=C4)N(C(=N5)N6CCOC(C6)(C)C)C)N7C[C@H]8C[C@@H]7CO8,1,0.9980045
CC1=NN=C(S1)NC(=S)NC2=CC3=C(C=C2)N=CN=C3NC4=CC(=CC=C4)Cl,0,0.025156286
COC1=C(C=C2C(=C1)CNC3=C(N2)N=CN=C3NCC4=CC(=C(C=C4)F)Cl)OC,0,0.013812144
N#CC1=C(c2ccccc2)Nc2c(c(-c3cccs3)nn2-c2ccccc2)C12C(=O)Nc1ccc(Br)cc12,0,7.443741e-08
Fc1cccc(Cn2ncc3cc(Nc4ncnn5ccc(COC[C@H]6CNCCO6)c45)ccc32)c1,0,0.027882293
COCCNCCN1CCC(n2cc(-c3cccc(OC)c3)c3c(N)ncnc32)CC1,0,0.0012012097
COc1ccc(C2=NN(c3ccccc3)C(c3cccc4ccccc34)C2)cc1,0,7.134366e-07
CN1CCN(c2ccc(Nc3ncc(Br)c(Nc4ccc5nccnc5c4)n3)cc2)CC1,0,0.0009697612
CNC(CS(C)(=O)=O)c1ccc(-c2ccc3ncnc(Nc4ccc(OCc5cccc(F)c5)c(Cl)c4)c3c2)o1,1,0.772884
C1CNCCC1N2C=C(C=N2)C3=CC4=C(C=C3)N=CN=C4NC5=CC(=C(C=C5)F)Cl,1,0.95160735
C1=CC=C(C(=C1)NC(=O)C2=C(C=CC(=C2)I)O)Br,0,1.0811826e-05
CC(C)NC(CS(C)(=O)=O)c1ccc(-c2ccc3ncnc(Nc4ccc(OCc5cccc(F)c5)c(Cl)c4)c3c2)o1,1,0.9838203
CC(C)CN1C2=NC=NC(=C2C(=N1)C3=CC=C(C=C3)CNC(=O)C4=CC=CC=C4OC)N,0,0.003988787
COc1cc2sc3c(Nc4cccc(Br)c4)ncnc3c2cc1OC.Cl,1,0.9998349
CC(C)N1C2=NC=NC(=C2C(=N1)C3=CC=C(C=C3)CNC(=O)C4=CC=CC=C4OC)N,0,0.0006822441
Cn1c(-c2csc(N/N=C\c3cccs3)n2)nc2ccccc21,0,8.414408e-08
CC1=C(C=C(C=C1)C2=NN(C(C2)C3=CC=C(C=C3)[N+](=O)[O-])C4=NC(=CS4)C5=CC=C(C=C5)Cl)C,0,0.002457349
CN(C)C/C=C/C(=O)N1CC[C@H](C1)N2C3=NC=NC(=C3C(=N2)C(=O)NC4=NC5=C(O4)C=CC(=C5)Cl)N,1,0.9624048
C=C(CN1CCOCC1)C(=O)Nc1ccc2ncnc(Nc3cccc(Br)c3)c2c1,1,0.9798646
CC1=C2C=NN(C2=CC(=N1)C3=C(C=CN=C3)OC)C4=NC(=C5C(=C4)N(C(=N5)N6CCOCC6)C)C(C)C,1,0.9973877
CCN1CCN(CC1)C2=NC3=C(N=C(C=C3N2C)N4C5=CC(=NC(=C5C=N4)C)C6=C(C=CN=C6)OC)N7C[C@H]8C[C@@H]7CO8,1,0.8212738
CN1CCC(CC1)OC2=C(C=C3C(=C2)C(=NC=N3)NC4=C(C=CC(=C4)Cl)F)OC,1,0.9200639
CCOc1cc2ncc(C#N)c(Nc3ccc(OCc4cccs4)c(Cl)c3)c2cc1NC(=O)/C=C/CN(C)C,1,0.88250256
CC1=C(C=CN=C1COC2=CC=CC(=C2)NC3=NC=NC4=CC5=C(C=C43)N(C(=O)O5)CCCN6CCOCC6)OCC(F)(F)F,0,0.7986022
CCOc1cc2ncc(C#N)c(Nc3ccc(OCc4ccccc4)c(Cl)c3)c2cc1NC(=O)/C=C/c1cccc2cccnc12,1,0.99998415
CC1=CC2=C(N=C(N=C2O1)C)N(C)C3=CC4=C(C=C3)OC=C4,0,0.1472786
COCCOC1=CC=C(C=C1)NC2=NC=C3C(=N2)N(C(=O)C(=N3)C4CC4)C5=CC=CC(=C5)NC(=O)C=C,1,0.14737111
COc1cc(Nc2ncnc3[nH]nc(OCCN4CCC(O)CC4)c23)ccc1OCc1ccccn1,1,0.999859
CC1=C(C=C(C=C1)C2=NN(C(C2)C3=CC=C(C=C3)F)C4=NC(=CS4)C5=CC=C(C=C5)Cl)C,0,0.023360679
Cn1cc(-c2cc(C(=O)/N=c3\[nH]c4ccccc4n3[C@H]3CC[C@H](O)CC3)ccn2)cn1,0,0.10511131
CN1C=C(C(=O)C2=C1C=C(C=C2O)OC)C3=CC(=CC=C3)Cl,0,0.0011635432
Brc1cccc(Nc2ncnc3ccc4c(c23)OCCN4)c1,1,0.9994548
Cc1ccc(C(=O)Nc2ccc(CN3CCN(C)CC3)c(C(F)(F)F)c2)cc1NC(=O)c1cccnc1,0,0.002832954
COC[C@H](C1=CC=CC=C1)NC2=C3C=C(OC3=NC=N2)C4=CC=CC=C4,1,0.9999782
C=CC(=O)Nc1ccc2nccc(Oc3ccc(C(=O)Nc4cc(CC)ccn4)cc3)c2c1,1,0.7245628
CN1C=CC2=C(C1=O)C(=C(N2)C3=CC(=NC=C3)NC(=O)C(CC(F)F)C4=CC=C(C=C4)F)C5=CC=C(C=C5)F,0,0.002808729
C[C@H]1COCCN1C2=NC3=C(N=C(C=C3N2C)N4C5=CC(=NC(=C5C=N4)C)C6=C(C=CN=C6)OC)N7C[C@H]8C[C@@H]7CO8,1,0.9695924
CC1(CC2=C(C(=C(N2)C3=CC(=NC=C3)NC(=O)CC4=CN=CC=C4)NC5=CC=CC=C5)C(=O)N1)C,0,0.006413027
COC1=CC=C(C=C1)NC(=O)C2=C(C=CC(=C2)I)O,0,0.0019902901
O=C(NCCN1CCOCC1)Nc1ccc2ncnc(Nc3cccc(Br)c3)c2c1,1,0.98320955
CNc1ccc2c(Nc3cccc(Br)c3)ncnc2n1,1,0.72712183
CN1C2=C(C(=O)N(C1=O)C)NC(=N2)SC/C(=N/O)/C3=CC=C(C=C3)OC,0,5.2152605e-05
Brc1ccc(C2=NN(c3ccccc3)C(c3cccc4ccccc34)C2)cc1,0,7.5409423e-07
C1CCC(CC1)N2C=NC(=C2C3=NC(=NC=C3)N)C4=CC=C(C=C4)F,0,0.044805456
Cc1[nH]c2ncnc(Nc3cccc(Cl)c3)c2c1C,1,1.2155581e-05
COc1ccc(/C=C\C(=O)c2ccc(Br)c3cc(-c4ccc(F)cc4)oc23)cc1,0,0.11429548
CC(=O)N1CCOc2c1ccc1ncnc(Nc3cccc(C(F)(F)F)c3)c21,1,0.5610304
C[C@H]1CN(CCN1C2=NC3=C(N=C(C=C3N2C)N4C5=CC(=NC(=C5C=N4)C)C6=C(C=CN=C6)OC)N7C[C@H]8C[C@@H]7CO8)C(C)(C)C(=O)O,1,0.9934282
CCN1CCC(Nc2ccc3c(c2)C(=C(c2ccc(Cl)cc2)c2ncc[nH]2)C(=O)N3)CC1,0,0.14604264
C1=CC(=C(C=C1/C=C(/C(=O)NCCCCNC(=O)/C(=C/C2=CC(=C(C=C2)O)O)/C#N)\C#N)O)O,0,2.895765e-08
C=CC(=O)Nc1cccc(-n2c(=O)c(=O)n(C(C)C)c3cnc(Nc4ccc(N(C)CCN(C)C)cc4OC)nc32)c1,1,0.9584607
C1=CC(=CC(=C1)Br)NC2=NC=NC3=CN=C(C=C32)S(=O)(=O)CCO,1,0.9930917
C=CC(=O)Nc1cc2c(Nc3ccc(Br)cc3F)ncnc2cc1OCCNC(=O)N1CCN(C(C)=O)CC1,1,0.889669
C1CCC(C1)N2C3=NC=NC(=C3C(=N2)C4=CC5=C(C=C4)NN=C5)N,0,0.016996978
CC(C)(C)N1C2=NC=NC(=C2C(=N1)C3=CC=C(C=C3)CNC(=O)C4=C(C=CC(=C4)F)OC)N,0,0.0016550251
CS(=O)(=O)Nc1ccc(-c2cc3c(Nc4ccc(Oc5cccc(C(F)(F)F)c5)c(Cl)c4)ncnc3s2)cc1,1,0.9937309
C1=CC(=CC(=C1)Cl)NC2=NC=NC3=C2C=C(C=C3)NC(=S)NC4=NN=C(S4)C(F)(F)F,0,0.8883464
COC1=CC=C(C=C1)C2=CC3=C(N=CN=C3O2)NC(CC(=O)N)C4=CC=CC=C4,1,0.024876904
Cl.O=[N+]([O-])c1ccc2sc3c(Nc4ccccc4)ncnc3c2c1,0,0.99473625
C1=CC2=C3C(=NN2C=C1)N=CN=C3NC4=CC(=C(C=C4)OCC5=CC(=CC=C5)F)Cl,0,0.6602134
CCC1=C2C(Nc3ccc4c(cnn4Cc4ccccc4)c3)=NC=NC2N=C1NC(=O)O[C@H]1CC[C@H](N)CC1,1,0.05440783
CCC(=O)N1CCOc2c1ccc1ncnc(Nc3cccc(Br)c3)c21,1,0.3532267
CC1=CC2=C(C=C1)N=C(N2CC(C)(C)O)NC(=O)C3=CC(=NC=C3)C4=CN(N=C4)C,1,0.2900463
CC1=C(SC=N1)C2=CC(=C(C=C2)CNC(=O)[C@@H]3C[C@H](CN3C(=O)[C@H](C(C)C)N4CC5=CC=CC=C5C4=O)O)OCCOCCOCCOCCOCCN6CCN(CC6)CC7=CC=C(C=C7)C8=CC9=C(N8)N=CN=C9NCC1=CC=CC=C1Cl,1,0.115141064
CC(C)N1CCN(CC1)C2=CC3=C(C=C2)N(C(=N3)NC(=O)C4=CC(=NC=C4)C5=CN=CC=C5)CC(C)(C)O,1,0.99999964
CC1=C(C=CC(=C1)NC2=NC=NC3=C2C(=C(C=C3)OC)N4CC5(C4)C[C@H](CCN5C)F)OC6=CC7=NC=NN7C=N6,0,0.27289963
CCOC1=CC(=CC(=C1O)CSC2=CC=CC=C2)/C=C(\C#N)/C(=O)N,0,1.8256838e-05
COC1=C(C=C2C(=C1)N=CN=C2N(C3=CC(=C(C=C3)Cl)Cl)C(=O)C=C)OCCCN4CCOCC4,0,0.98537666
Cc1ccc(NC(=O)c2ccc(N(CCCl)CCCl)cc2)cc1,0,6.5279e-06
COC1=CC=C(C=C1)NC2=NC=C3C(=N2)N(C(=O)C(=N3)CC4=CC=CC=C4)C5=CC=CC(=C5)NC(=O)C=C,1,0.31998122
Cc1ccn2ncnc(Nc3ccc4[nH]ncc4c3)c12,0,0.95235807
CC(C)N1C2=NC=NC(=C2C(=N1)C3=CC(=C(C=C3)Cl)O)N,0,1.1347559e-05
C=CC(=O)Nc1cccc(Nc2nc(Nc3ccc(/C=C/c4cc(C)cc(C)c4)cc3)ncc2Cl)c1,0,0.9298381
C=CC(=O)N1CCC([C@@H]2CCNc3c(C(N)=O)c(-c4cc(OC)c(C)c(OC)c4)nn32)CC1,0,0.016025087
CC1=C2C=NN(C2=CC(=N1)C3=C(C=CN=C3)OC)C4=NC(=C5C(=C4)N(C(=N5)N6CCN(CC6)C(C)C)C)N7C[C@H]8C[C@@H]7CO8,1,0.997936
Oc1ccc(CN(Cc2cc(Br)cc(Br)c2O)C(=S)Nc2ccccc2)cc1,0,0.088602744
C1=C(C=C(C(=C1O)O)O)/C=C(/C(=O)NCCCCNC(=O)/C(=C/C2=CC(=C(C(=C2)O)O)O)/C#N)\C#N,0,1.7434939e-05
O=C(O)CCNc1cc2c(Nc3cccc(Br)c3)ncnc2cn1,1,0.9999958
CC(C)N1C2=NC=NC(=C2C(=N1)C3=CC(=C(C=C3)Br)O)N,0,2.1588256e-05
Fc1ccc(Nc2ncnc3ccc4c(c23)OCCN4)cc1Cl,1,0.76176757
C=CC(=O)N1CCC(C2CCNc3c(C(N)=O)c(-c4cc(Cl)c(Br)c(OC)c4)nn32)CC1,0,0.5696866
CCOc1cc2ncnc(Nc3ccc(F)c(Cl)c3)c2cc1OC(=O)CSc1ccccn1,1,0.99990046
CN(C)CCN1C=NC2=C1C=C3C(=C2Cl)C(=NC=N3)NC4=CC(=CC=C4)Br,1,0.51900166
CC1=CC(=CC(=N1)C2=CN(N=C2)C)C(=O)NC3=NC4=CC=CC=C4N3C5CCCS(=O)(=O)C5,1,0.9992316
COc1nccc(-c2c(-c3ccc(F)cc3)ncn2[C@H]2CC[C@H](O)CC2)n1,0,0.9978369
COc1ccc(NC(=O)c2ccc(N(CCCl)CCCl)cc2)cc1,0,3.0797075e-06
CC(C)(C)N1C2=NC=NC(=C2C(=N1)C3=CC=C(C=C3)CNC(=O)C4=CC=CC=C4OC)N,0,0.008804507
CC(=O)Nc1ccc(-c2cc3c(Nc4ccc(Oc5cccc(C(F)(F)F)c5)c(Cl)c4)ncnc3s2)cc1,1,0.8975602
CC1=CC(=CC(=N1)C2=CN(N=C2)C)C(=O)NC3=NC4=C(N3CC(C)(C)O)C=C(C=C4)CN5CCOCC5,1,0.9896768
COc1cc2ncnc(C#Cc3ccccc3-c3ccccc3)c2cc1OC,1,0.011786166
CC1=CC=C(C=C1)C2=NN(C3=NC=NC(=C23)N)C(C)(C)C,0,0.0005745389
C1=CC(=C(C=C1NC2=C3C=C(SC3=NC=N2)C(=O)C4=CC5=C(N4)C=CC(=C5)O)Cl)F,1,0.09631861
COc1cccc(-c2cn(C3CCN(CC(N)=O)CC3)c3ncnc(N)c23)c1,0,0.008661705
C[C@H](C1=CC=CC=C1)NC2=C3C=C(OC3=NC=N2)C4=CC=C(C=C4)Br,1,0.99778396
C1CCN(C1)CC(=O)NC2=CC3=C(C=C2)N=CN=C3NC4=CC=C(C=C4)OCC5=CC(=CC=C5)F,1,0.0033738918
CCCS(=O)(=O)CCNCc1ccc(-c2ccc3ncnc(Nc4ccc(OCc5cccc(F)c5)c(Cl)c4)c3c2)o1,1,0.9967159
N#C/C(=C\c1ccc(O)c(O)c1)C(=O)NCCc1ccccc1,0,0.3829185
